<document global_id="sr-03-6"><url>https://www.kurir.rs/zabava/pop-kultura/2754301/srpski-i-hrvatski-su-jedan-jezik-serbedzija-karanovic-i-stotine-intelektualaca-potpisali-dokument</url><source-id>03</source-id><local-id>6</local-id><source-name>kurir</source-name><article><article-title> SRPSKI I HRVATSKI SU JEDAN JEZIK</article-title><article-time> 2017-03-28</article-time><article-author>Kurir</article-author><article-text>Deklaracija o zajedničkom jeziku, čiji je cilj da podigne svest i aktivno utiče na postojeće nacionalističke jezičke prakse u Bosni i Hercegovini, Hrvatskoj, Crnoj Gori i Srbiji, biće objavljena 30. marta..  Tim povodom u Sarajevu će biti održana regionalna konferencija za medije, na kojoj će tekst Deklaracije i njene ciljeve predstaviti profesor Enver Kazaz, spisateljica Ivana Bodrožić, Vladimir Arsenijević iz Udruženja Krokodil, pisac i novinar Balša Brković i direktorka Centra za kulturnu dekontaminaciju Borka Pavićević. Deklaraciju o zajedničkom jeziku sastavilo je više od trideset eksperata različitih struka iz sve četiri države, nakon serije regionalnih konferencija projekta "Jezici i nacionalizmi", koje su od aprila do novembra prošle godine održane u Podgorici, Splitu, Beogradu i Sarajevu.    Foto Dado Đilas Dokument je do sada potpisalo više od dve stotine lingvista, književnika, naučnika, aktivista i drugih ličnosti iz javnog i kulturnog života Bosne i Hercegovine, Crne Gore, Hrvatske i Srbije, međuRade Šerbedžija, Boris Dežulović, Igor Štiks, Mirjana Karanović, Marko Tomaš, Nenad Veličković, Teofil Pančić, Rajko Grlić, Filip David, Borka Pavićević, Jasmila Žbanić, Dragan Markovina, Boris Buden, Viktor Ivančić, Biljana Srbljanović, Ranko Bugarski, Balša Brković i Snježana Kordić. Tekst Deklaracije biće stavljen na uvid javnosti od 30. marta na veb stranici projekta. Nakon konferencije za medije biće održana panel diskusija u dve sesije na teme "Šta je zajednički jezik" i "Jezik i budućnost". Konferenciju za medije i debate organizuju inicijatori projekta Udruženje Krokodil i ForumZFD. Foto Aleksandar Jovanović       Autor:Agencija TANJUG, Foto: AP, Foto: Profimedia    </article-text><article-text-transliterated>Deklaracija o zajedničkom jeziku, čiji je cilj da podigne svest i aktivno utiče na postojeće nacionalističke jezičke prakse u Bosni i Hercegovini, Hrvatskoj, Crnoj Gori i Srbiji, biće objavljena 30. marta..  Tim povodom u Sarajevu će biti održana regionalna konferencija za medije, na kojoj će tekst Deklaracije i njene ciljeve predstaviti profesor Enver Kazaz, spisateljica Ivana Bodrožić, Vladimir Arsenijević iz Udruženja Krokodil, pisac i novinar Balša Brković i direktorka Centra za kulturnu dekontaminaciju Borka Pavićević. Deklaraciju o zajedničkom jeziku sastavilo je više od trideset eksperata različitih struka iz sve četiri države, nakon serije regionalnih konferencija projekta "Jezici i nacionalizmi", koje su od aprila do novembra prošle godine održane u Podgorici, Splitu, Beogradu i Sarajevu.    Foto Dado Đilas Dokument je do sada potpisalo više od dve stotine lingvista, književnika, naučnika, aktivista i drugih ličnosti iz javnog i kulturnog života Bosne i Hercegovine, Crne Gore, Hrvatske i Srbije, međuRade Šerbedžija, Boris Dežulović, Igor Štiks, Mirjana Karanović, Marko Tomaš, Nenad Veličković, Teofil Pančić, Rajko Grlić, Filip David, Borka Pavićević, Jasmila Žbanić, Dragan Markovina, Boris Buden, Viktor Ivančić, Biljana Srbljanović, Ranko Bugarski, Balša Brković i Snježana Kordić. Tekst Deklaracije biće stavljen na uvid javnosti od 30. marta na veb stranici projekta. Nakon konferencije za medije biće održana panel diskusija u dve sesije na teme "Šta je zajednički jezik" i "Jezik i budućnost". Konferenciju za medije i debate organizuju inicijatori projekta Udruženje Krokodil i ForumZFD. Foto Aleksandar Jovanović       Autor:Agencija TANJUG, Foto: AP, Foto: Profimedia    </article-text-transliterated><comment-list><comments comment-id="1"><comment-parent-id>empty</comment-parent-id><comment-text>Jeste jedan jezik. Srpski. Nije ni Juznoslovenski ni Balkanski ni Jugoslovenski a ni onaj gde se izmedju svih drzava stavlja "minus"</comment-text><comment-text-transliterated>Jeste jedan jezik. Srpski. Nije ni Juznoslovenski ni Balkanski ni Jugoslovenski a ni onaj gde se izmedju svih drzava stavlja "minus"</comment-text-transliterated></comments><comments comment-id="2"><comment-parent-id>empty</comment-parent-id><comment-text>Hahaha, totalno besmislena stvar. Rekao bi covek da toliki intelektualci imaju nesto pametnije da rade, ali eto oni se igraju kao deca. Mozda bi i Srbiji i Hrvatskoj bilo bolje da su ti mozgovi uposleni oko nekih stvarno korisnih stvari, umesto sto rasipaju i vreme i energiju. Nemam reci, stvarno.</comment-text><comment-text-transliterated>Hahaha, totalno besmislena stvar. Rekao bi covek da toliki intelektualci imaju nesto pametnije da rade, ali eto oni se igraju kao deca. Mozda bi i Srbiji i Hrvatskoj bilo bolje da su ti mozgovi uposleni oko nekih stvarno korisnih stvari, umesto sto rasipaju i vreme i energiju. Nemam reci, stvarno.</comment-text-transliterated></comments><comments comment-id="3"><comment-parent-id>empty</comment-parent-id><comment-text>Naravno da je jedan jezik - srpski, samo u razlicitim varijantama.</comment-text><comment-text-transliterated>Naravno da je jedan jezik - srpski, samo u razlicitim varijantama.</comment-text-transliterated></comments></comment-list></article><comments><comment-count>3</comment-count></comments></document>