<document global_id="sr-03-25"><url>https://www.kurir.rs/zabava/ludi-svet/3324155/ima-jezik-dug-16-cm-i-zbog-njega-zaradjuje-20000-prati-je-cak-2000000-ljudi-i-niko-ne-moze-da-veruje-kakve-perverzije-izvodi-video</url><source-id>03</source-id><local-id>25</local-id><source-name>kurir</source-name><article><article-title> IMA JEZIK DUG 16 CM I ZBOG NJEGA ZARAĐUJE 20.000 $</article-title><article-time> 2019-09-18</article-time><article-author>Kurir</article-author><article-text>.  Model i influenserka Mikajla Saravija (21) ima jezik dug čak 16 centimetara, zbog čega je na Instagramu prati čak 2 miliona ljudi, a na osnovu dužine ovog organa, ona i zarađuje! Zaradiod 6.000 do 20.000 dolara tako što na videima koje postavlja na Instagramu liže razne predmete. Sve to je propraćeno oskudnom odećom i provokativnim pozama.                 Погледајте ову објаву у апликацији Instagram                       Објава коју дели KKVSH (@kkvsh) дана 5. Мар 2019. у 11:35 PST     Još u osnovnoj školi postala je svesna činjenice da je drugačija. - Svog dugog jezika postala sam svesna u šestom razredu.Želela sam da budem drugačija- ispričala je ona u jednom intervjuu. Kaže da zbog popularnosti koju joj je done jezik nije uobražena.              Погледајте ову објаву у апликацији Instagram                       Објава коју дели KKVSH (@kkvsh) дана 5. Феб 2019. у 8:13 PST     - Stojim sa obe noge na zemlji. Želela bih da ljudi to shvate - rekla je Mikajla. Najveća inspiracija u životu joj je majka. - Ona je jako snažna žena, a ja sam ponosna na sve što sam postigla - iskrena je influenserka. Kurir.rs/Foto:Profimedia  </article-text><article-text-transliterated>.  Model i influenserka Mikajla Saravija (21) ima jezik dug čak 16 centimetara, zbog čega je na Instagramu prati čak 2 miliona ljudi, a na osnovu dužine ovog organa, ona i zarađuje! Zaradiod 6.000 do 20.000 dolara tako što na videima koje postavlja na Instagramu liže razne predmete. Sve to je propraćeno oskudnom odećom i provokativnim pozama.                 Pogledajte ovu objavu u aplikaciji Instagram                       Objava koju deli KKVSH (@kkvsh) dana 5. Mar 2019. u 11:35 PST     Još u osnovnoj školi postala je svesna činjenice da je drugačija. - Svog dugog jezika postala sam svesna u šestom razredu.Želela sam da budem drugačija- ispričala je ona u jednom intervjuu. Kaže da zbog popularnosti koju joj je done jezik nije uobražena.              Pogledajte ovu objavu u aplikaciji Instagram                       Objava koju deli KKVSH (@kkvsh) dana 5. Feb 2019. u 8:13 PST     - Stojim sa obe noge na zemlji. Želela bih da ljudi to shvate - rekla je Mikajla. Najveća inspiracija u životu joj je majka. - Ona je jako snažna žena, a ja sam ponosna na sve što sam postigla - iskrena je influenserka. Kurir.rs/Foto:Profimedia  </article-text-transliterated><comment-list><comments comment-id="1"><comment-parent-id>empty</comment-parent-id><comment-text>Grdana!!!</comment-text><comment-text-transliterated>Grdana!!!</comment-text-transliterated></comments><comments comment-id="2"><comment-parent-id>empty</comment-parent-id><comment-text>Preslatka je...top...</comment-text><comment-text-transliterated>Preslatka je...top...</comment-text-transliterated></comments><comments comment-id="3"><comment-parent-id>empty</comment-parent-id><comment-text>Moj pas gleda i neveruje.</comment-text><comment-text-transliterated>Moj pas gleda i neveruje.</comment-text-transliterated></comments><comments comment-id="4"><comment-parent-id>empty</comment-parent-id><comment-text>Ona je sva velika pa i jezik mora biti veliki.</comment-text><comment-text-transliterated>Ona je sva velika pa i jezik mora biti veliki.</comment-text-transliterated></comments></comment-list></article><comments><comment-count>4</comment-count></comments></document>