<document global_id="sr-03-95"><url>https://www.kurir.rs/zabava/pop-kultura/3115935/pocinje-85-vukov-sabor-najstarija-kulturna-manifestacija-ocuvajmo-jezik-sacuvajmo-zemlju</url><source-id>03</source-id><local-id>95</local-id><source-name>kurir</source-name><article><article-title> POČINJE 85. VUKOV SABOR, NAJSTARIJA KULTURNA MANIFESTACIJA</article-title><article-time> 2018-09-06</article-time><article-author>Kurir</article-author><article-text>.  Program 85. Vukovog sabora, naše najstarije i najmasovnije kulturne manifestacije, svečano će biti otvoren 10. septembra u 20 časova u Vukovom domu kulture.  Posle obraćanja Dragana Hamovića, monodramu "Vuk Stefanović Karadžić" izvešće Ivan Bekjarev, a koncert održati hor "Sv. Serafima Sarovskog". U okviru ovogodišnjeg saborovanja, koje se održava pod sloganom "Očuvajmo jezik, sačuvajmo zemlju", biće održan niz različitih programa u Loznici, Banji Koviljači i Tršiću.    Saborovanje traje do 16. septembra, kada će završna svečanost biti održana na saborištu u Tršiću. Posle himne "Himnu Vuku" Stevana St. Mokranjca i pozdravne reči Vidoja Petrovića, gradonačelnika Loznice, saborsku besedu održaće Veljko Brborić, redovni profesor Filološkog fakulteta Univerziteta u Beogradu. Posetioci će videti pozorišnu predstavu "Srpski rječnik" Staše Petrović, a u režiji Darka Kamarita, a na kraju programa koncert će održati grupa Garavi sokak.  KURIR/ T. I.  </article-text><article-text-transliterated>.  Program 85. Vukovog sabora, naše najstarije i najmasovnije kulturne manifestacije, svečano će biti otvoren 10. septembra u 20 časova u Vukovom domu kulture.  Posle obraćanja Dragana Hamovića, monodramu "Vuk Stefanović Karadžić" izvešće Ivan Bekjarev, a koncert održati hor "Sv. Serafima Sarovskog". U okviru ovogodišnjeg saborovanja, koje se održava pod sloganom "Očuvajmo jezik, sačuvajmo zemlju", biće održan niz različitih programa u Loznici, Banji Koviljači i Tršiću.    Saborovanje traje do 16. septembra, kada će završna svečanost biti održana na saborištu u Tršiću. Posle himne "Himnu Vuku" Stevana St. Mokranjca i pozdravne reči Vidoja Petrovića, gradonačelnika Loznice, saborsku besedu održaće Veljko Brborić, redovni profesor Filološkog fakulteta Univerziteta u Beogradu. Posetioci će videti pozorišnu predstavu "Srpski rječnik" Staše Petrović, a u režiji Darka Kamarita, a na kraju programa koncert će održati grupa Garavi sokak.  KURIR/ T. I.  </article-text-transliterated><comment-list /></article><comments><comment-count>0</comment-count></comments></document>