<document global_id="sr-03-75"><url>https://www.kurir.rs/zabava/zena/3164307/ofarbala-je-kosu-a-onda-joj-je-glava-pocela-da-raste-jezik-mi-je-otekao-gusila-sam-se-sekunde-su-me-delili-od-smrti-a-sve-zbog-ovoga-video</url><source-id>03</source-id><local-id>75</local-id><source-name>kurir</source-name><article><article-title> OFARBALA JE KOSU, A ONDA JOJ JE GLAVA POČELA DA RASTE</article-title><article-time> 2018-11-30</article-time><article-author>Kurir</article-author><article-text>.  Esteli (19) glava je preko noći poprimila neprirodni oblik, nalik znaku karo u kartama, kada je jedno obično farbanje kose pošlo po zlu.  - Obojila sam kosu, a onda je glava počela da mi nenormalno raste, sve dok nisam morala da se borim za život. A sve zbog jedne česte hemikalije u farbi - započela je svoju priču Estel (19) studentkinja iz Pariza.     Ona je doživela tešku alergijsku reakciju na boju za kosu koju je kupila u supermarketu, a fotografije koje je snimila nakon bojenja kose pokazuje kako joj se glava gotovo udvostručila. Kako piše Parizijen, sve se dogodilo zbog hemikalije parafenilendiamin (PPD), koji se nalazi u velikom broju boja za kosu i najčešći je uzrok alergijskih reakcija. Estel je poslušala savet koji stoji na svakoj farbi za kosu - da je nanese prvo na mali, skriveni deo tela, ali umesto da sačeka 48 sati, nestrpljiva devojka je počela da se farba već pola sata kasnije. Ubrzo je osetila kako je koža glave svrbi i peče pa je popila antihistaminike, no ujutro se stanje drastično pogoršalo.  Obim glave porastao joj je na čak 63 centimetara, a užasanom osećaju dodala je i činjenica da joj je i jezik otekao. - Nisam mogla da diše, glava mi je izgledala poput sijalice. Skoro sam umrla i ne želim da se to dogodi nekom drugom - upozorila je ona.             </article-text><article-text-transliterated>.  Esteli (19) glava je preko noći poprimila neprirodni oblik, nalik znaku karo u kartama, kada je jedno obično farbanje kose pošlo po zlu.  - Obojila sam kosu, a onda je glava počela da mi nenormalno raste, sve dok nisam morala da se borim za život. A sve zbog jedne česte hemikalije u farbi - započela je svoju priču Estel (19) studentkinja iz Pariza.     Ona je doživela tešku alergijsku reakciju na boju za kosu koju je kupila u supermarketu, a fotografije koje je snimila nakon bojenja kose pokazuje kako joj se glava gotovo udvostručila. Kako piše Parizijen, sve se dogodilo zbog hemikalije parafenilendiamin (PPD), koji se nalazi u velikom broju boja za kosu i najčešći je uzrok alergijskih reakcija. Estel je poslušala savet koji stoji na svakoj farbi za kosu - da je nanese prvo na mali, skriveni deo tela, ali umesto da sačeka 48 sati, nestrpljiva devojka je počela da se farba već pola sata kasnije. Ubrzo je osetila kako je koža glave svrbi i peče pa je popila antihistaminike, no ujutro se stanje drastično pogoršalo.  Obim glave porastao joj je na čak 63 centimetara, a užasanom osećaju dodala je i činjenica da joj je i jezik otekao. - Nisam mogla da diše, glava mi je izgledala poput sijalice. Skoro sam umrla i ne želim da se to dogodi nekom drugom - upozorila je ona.             </article-text-transliterated><comment-list /></article><comments><comment-count>0</comment-count></comments></document>