<document global_id="sr-03-46"><url>https://www.kurir.rs/sport/tenis/1742229/najbolji-sportista-sveta-dokovic-sport-je-inspiracija-i-jezik-koji-svi-razumemo</url><source-id>03</source-id><local-id>46</local-id><source-name>kurir</source-name><article><article-title> (VIDEO) NAJBOLJI SPORTISTA SVETA ĐOKOVIĆ</article-title><article-time> 2015-04-15</article-time><article-author>Kurir</article-author><article-text>Prvi reket sveta se zahvalio svima kojima su mu pomogli da ponovo bude izabran za najboljeg sportistu planete.  Dobitnik prestižnog priznanja Laureus za najboljeg sportistu u 2014, srpski teniser Novak Đoković rekao je danas da je prethodna godina bila jedna od najboljih u njegovoj karijeri. "Protekla sezona je bila jedna od najboljih u mojoj karijeri, ostvario sam velike uspehe, ali moram da istaknem da to nije bila isključivo moja zasluga. Veliku zahvalnost dugujem svom timu koji mi je mnogo pomogao i bez koga ne bih bio ovo što jesam", rekao je Đoković, a prenosi njegov zvanični sajt.    Najbolji teniser sveta pobedio je u konkurenciji fudbalera Kristijana Ronalda, vozača Formule jedan Luisa Hamiltona, motocikliste Marka Markesa, atletičara Renoa Lavilenija i golfera Rorija Meklorija. Đoković se zahvalio Laureusu na priznanju. "Sport je zaista inspiracija i motivacija za mnoge od nas, i jezik koji svi razumemo i volimo. Sport je često ohrabrenje za decu da vežbaju i sanjaju. Ali, to nisu samo trofeji i medalje, već takmičenje i nadogradnja kao put ka boljim pojedincima i boljem društvu", dodap je Novak. Đoković je u 2014. godini osvojio sedam titula - Vimbldon, Masters turnire u Indijan Velsu, Majamiju, Rimu i Parizu, Završni turnir u Londonu i turnir iz serije 500 u Pekingu. Posle osvajanja Vimbldona, Đoković se 7. jula 2014. godine vratio na prvo mesto ATP rang liste na kojem se nalazi i danas. Đoković je Laureus dobio i 2012. godine za dostignuća u 2011.     Sharing with you very #GoodNews :) I received today the Sportsman of the Year award by Laureus Danas sam proglasen za...  Posted by Novak Djokovic on Wednesday, April 15, 2015             </article-text><article-text-transliterated>Prvi reket sveta se zahvalio svima kojima su mu pomogli da ponovo bude izabran za najboljeg sportistu planete.  Dobitnik prestižnog priznanja Laureus za najboljeg sportistu u 2014, srpski teniser Novak Đoković rekao je danas da je prethodna godina bila jedna od najboljih u njegovoj karijeri. "Protekla sezona je bila jedna od najboljih u mojoj karijeri, ostvario sam velike uspehe, ali moram da istaknem da to nije bila isključivo moja zasluga. Veliku zahvalnost dugujem svom timu koji mi je mnogo pomogao i bez koga ne bih bio ovo što jesam", rekao je Đoković, a prenosi njegov zvanični sajt.    Najbolji teniser sveta pobedio je u konkurenciji fudbalera Kristijana Ronalda, vozača Formule jedan Luisa Hamiltona, motocikliste Marka Markesa, atletičara Renoa Lavilenija i golfera Rorija Meklorija. Đoković se zahvalio Laureusu na priznanju. "Sport je zaista inspiracija i motivacija za mnoge od nas, i jezik koji svi razumemo i volimo. Sport je često ohrabrenje za decu da vežbaju i sanjaju. Ali, to nisu samo trofeji i medalje, već takmičenje i nadogradnja kao put ka boljim pojedincima i boljem društvu", dodap je Novak. Đoković je u 2014. godini osvojio sedam titula - Vimbldon, Masters turnire u Indijan Velsu, Majamiju, Rimu i Parizu, Završni turnir u Londonu i turnir iz serije 500 u Pekingu. Posle osvajanja Vimbldona, Đoković se 7. jula 2014. godine vratio na prvo mesto ATP rang liste na kojem se nalazi i danas. Đoković je Laureus dobio i 2012. godine za dostignuća u 2011.     Sharing with you very #GoodNews :) I received today the Sportsman of the Year award by Laureus Danas sam proglasen za...  Posted by Novak Djokovic on Wednesday, April 15, 2015             </article-text-transliterated><comment-list><comments comment-id="1"><comment-parent-id>empty</comment-parent-id><comment-text>Ziv nam i zdrav bio 100 godina noleee!!!</comment-text><comment-text-transliterated>Ziv nam i zdrav bio 100 godina noleee!!!</comment-text-transliterated></comments><comments comment-id="2"><comment-parent-id>empty</comment-parent-id><comment-text>Svaka cast majstore! Samo nastavi tako,nema ti ravnog... izdominiraj u godinama koje dolaze,samo hrabro i jako!!</comment-text><comment-text-transliterated>Svaka cast majstore! Samo nastavi tako,nema ti ravnog... izdominiraj u godinama koje dolaze,samo hrabro i jako!!</comment-text-transliterated></comments></comment-list></article><comments><comment-count>2</comment-count></comments></document>