<document global_id="sr-03-158"><url>https://www.kurir.rs/zabava/zena/2571023/kviz-koji-je-tvoj-jezik-ljubavi</url><source-id>03</source-id><local-id>158</local-id><source-name>kurir</source-name><article><article-title> KVIZ</article-title><article-time> 2016-12-02</article-time><article-author>Kurir</article-author><article-text>Šta je ono što vašu vezu čini snažnom? Upravo nepisani i često neverbalni jezik koji znate samo vi i vaš partner..           Autor:Foto: Thinkstock    </article-text><article-text-transliterated>Šta je ono što vašu vezu čini snažnom? Upravo nepisani i često neverbalni jezik koji znate samo vi i vaš partner..           Autor:Foto: Thinkstock    </article-text-transliterated><comment-list /></article><comments><comment-count>0</comment-count></comments></document>