<document global_id="sr-03-109"><url>https://www.kurir.rs/vesti/edukacija/3061713/programer-za-12-meseci-ovaj-programski-jezik-se-najbrze-uci</url><source-id>03</source-id><local-id>109</local-id><source-name>kurir</source-name><article><article-title> Programer za 12 meseci? Ovaj programski jezik se najbrže uči,</article-title><article-time> 2018-06-04</article-time><article-author>Kurir</article-author><article-text>.  Da li znate šta je zajedničko sajtovima i online platformama kao što su Facebook, Wikipedia, Google, Tumblr i WordPress? Pored toga što su među najposećenijim i najpoznatijim na internetu, oni imaju još jednu zajedničku osobinu. Svi uspešno funkcionišu zahvaljujući programskom jeziku PHP.  Razloga zbog kojih je PHP među najpopularnijim u programerskom svetu je mnogo, a najčešće se pominju njegova lakoća učenja, jednostavnost za rad i odlična zarada koju donosi. PHP je izuzetno tražen u IT industriji pa je i logično što predstavlja izbor mnogih koji žele da se bave programiranjem.    PHP donosi odličnu zaradu i brojne prilike za zaposlenje Programski jezik PHP svrstava se među najvažnije alate za web programiranje. Drugim rečima, ukoliko usvojite veštine pisanja koda u PHP-u, bićete u prilici da kreirate i održavate napredne web aplikacije, web shopove, internet portale ili specijalizovane sajtove sa naprednim funkcionalnostima. Široka primena PHP jezika u programerskom svetu omogućiće vam da radite na brojnim projektima i pritom ostvarite odličnu zaradu, koja u našem regionu u proseku iznosi čak 1.200 evra, a u inostranstvu i više. Jednostavno, bez obzira na to da li želite da radite za neku od velikih IT kompanija ili na freelance projektima od kuće (najčešće za strane klijente), status PHP programera vam donosi siguran posao. Ovaj programski jezik možete lako savladati za samo 12 meseci Početnici koji nemaju programersko iskustvo najčešće se opredeljuju za učenje PHP-a jer je, za razliku od Jave ili drugih programskih jezika koji spadaju u top 5 najpopularnijih, među najlakšima za učenje, zbog čega se svima preporučuje kao idealan prvi korak ka najperspektivnijem zanimanju. Ipak, iako postoje mnogi online tutorijali i kraći kursevi, oni vam najčešće ne mogu doneti neophodno praktično znanje i sertifikate na osnovu kojih biste kasnije pronašli posao.  Da biste usvojili potrebne veštine i postali sertifikovani PHP programer, potrebno vam je oko godinu dana kvalitetnog IT školovanja. PHP vam omogućava da steknete i jedan od najprestižnijih IT sertifikata – Zend PHP Zend sertifikat predstavlja industrijski standard za PHP sertifikaciju, koja potvrđuje izvanrednu ekspertizu u oblasti PHP programiranja. Kako je ispit za ovu sertifikaciju osmišljen tako da proveri znanja i kompetencije iz realnog poslovnog okruženja, Zend sertifikacija pruža potvrdu tehničkih dostignuća koju poslodavci koriste i cene kada donose odluku o budućem angažovanju. ITAcademy je prva obrazovna ustanova na ovim prostorima na kojoj uz savremena IT znanja možete steći i priznati međunarodni Zend PHP sertifikat. To znači da svi koji se školuju na smeru PHP Web Development imaju priliku da usvajaju praktične veštine po zvanično licenciranom programu, pohađaju nastavu u najsavremenijim uslovima i uče od jedinog sertifikovanog Zend PHP trenera u Srbiji, Vladimira Marića. Školovanjem na ITAcademy, budući PHP programeri pripremaju se za uspešnu karijeru prolazeći kroz niz korisnih kurseva na kojima uče osnovne i napredne tehnike PHP-a, Apache, MySQL programiranje i administraciju, kao i osnove objektno orijentisanog programiranja. Među kursevima koji se izučavaju nalazi se i WordPress kurs, na kojem se upoznajete sa najpoznatijim CMS-om za izradu i uređivanje sajtova, što vam donosi brojne mogućnosti za posao. Upišite ITAcademy i postanite vrhunski PHP programer Na ITAcademy je u toku prolećni upisni rok, koji možete iskoristiti da po sniženim cenama započnete svoje školovanje i da već za 12 meseci postanete PHP stručnjak koji će moći da bira posao koji želi da radi. Posetite sajt ITAcademy i saznajte više. (Promo tekst)            </article-text><article-text-transliterated>.  Da li znate šta je zajedničko sajtovima i online platformama kao što su Facebook, Wikipedia, Google, Tumblr i WordPress? Pored toga što su među najposećenijim i najpoznatijim na internetu, oni imaju još jednu zajedničku osobinu. Svi uspešno funkcionišu zahvaljujući programskom jeziku PHP.  Razloga zbog kojih je PHP među najpopularnijim u programerskom svetu je mnogo, a najčešće se pominju njegova lakoća učenja, jednostavnost za rad i odlična zarada koju donosi. PHP je izuzetno tražen u IT industriji pa je i logično što predstavlja izbor mnogih koji žele da se bave programiranjem.    PHP donosi odličnu zaradu i brojne prilike za zaposlenje Programski jezik PHP svrstava se među najvažnije alate za web programiranje. Drugim rečima, ukoliko usvojite veštine pisanja koda u PHP-u, bićete u prilici da kreirate i održavate napredne web aplikacije, web shopove, internet portale ili specijalizovane sajtove sa naprednim funkcionalnostima. Široka primena PHP jezika u programerskom svetu omogućiće vam da radite na brojnim projektima i pritom ostvarite odličnu zaradu, koja u našem regionu u proseku iznosi čak 1.200 evra, a u inostranstvu i više. Jednostavno, bez obzira na to da li želite da radite za neku od velikih IT kompanija ili na freelance projektima od kuće (najčešće za strane klijente), status PHP programera vam donosi siguran posao. Ovaj programski jezik možete lako savladati za samo 12 meseci Početnici koji nemaju programersko iskustvo najčešće se opredeljuju za učenje PHP-a jer je, za razliku od Jave ili drugih programskih jezika koji spadaju u top 5 najpopularnijih, među najlakšima za učenje, zbog čega se svima preporučuje kao idealan prvi korak ka najperspektivnijem zanimanju. Ipak, iako postoje mnogi online tutorijali i kraći kursevi, oni vam najčešće ne mogu doneti neophodno praktično znanje i sertifikate na osnovu kojih biste kasnije pronašli posao.  Da biste usvojili potrebne veštine i postali sertifikovani PHP programer, potrebno vam je oko godinu dana kvalitetnog IT školovanja. PHP vam omogućava da steknete i jedan od najprestižnijih IT sertifikata – Zend PHP Zend sertifikat predstavlja industrijski standard za PHP sertifikaciju, koja potvrđuje izvanrednu ekspertizu u oblasti PHP programiranja. Kako je ispit za ovu sertifikaciju osmišljen tako da proveri znanja i kompetencije iz realnog poslovnog okruženja, Zend sertifikacija pruža potvrdu tehničkih dostignuća koju poslodavci koriste i cene kada donose odluku o budućem angažovanju. ITAcademy je prva obrazovna ustanova na ovim prostorima na kojoj uz savremena IT znanja možete steći i priznati međunarodni Zend PHP sertifikat. To znači da svi koji se školuju na smeru PHP Web Development imaju priliku da usvajaju praktične veštine po zvanično licenciranom programu, pohađaju nastavu u najsavremenijim uslovima i uče od jedinog sertifikovanog Zend PHP trenera u Srbiji, Vladimira Marića. Školovanjem na ITAcademy, budući PHP programeri pripremaju se za uspešnu karijeru prolazeći kroz niz korisnih kurseva na kojima uče osnovne i napredne tehnike PHP-a, Apache, MySQL programiranje i administraciju, kao i osnove objektno orijentisanog programiranja. Među kursevima koji se izučavaju nalazi se i WordPress kurs, na kojem se upoznajete sa najpoznatijim CMS-om za izradu i uređivanje sajtova, što vam donosi brojne mogućnosti za posao. Upišite ITAcademy i postanite vrhunski PHP programer Na ITAcademy je u toku prolećni upisni rok, koji možete iskoristiti da po sniženim cenama započnete svoje školovanje i da već za 12 meseci postanete PHP stručnjak koji će moći da bira posao koji želi da radi. Posetite sajt ITAcademy i saznajte više. (Promo tekst)            </article-text-transliterated><comment-list /></article><comments><comment-count>0</comment-count></comments></document>