<document global_id="sr-03-3"><url>https://www.kurir.rs/sport/ostali-sportovi/2426909/drama-hrvatskog-rukometasa-izgubio-svest-tokom-meca-progutao-jezik-spasli-ga-u-poslednjem-trenutku</url><source-id>03</source-id><local-id>3</local-id><source-name>kurir</source-name><article><article-title> DRAMA HRVATSKOG RUKOMETAŠA Izgubio svest tokom meča, progutao jezik, spasli ga u poslednjem trenutku,</article-title><article-time> 2016-09-03</article-time><article-author>Kurir</article-author><article-text>Prava drama odvijala se na startu rukomentne Bundeslige, kada je nekadašnji hrvatski reprezentativac Drago Vuković tokom meča izgubio svest..  Drago Vuković je posle jednog duela krajem prvog dela igre pao na parket i ostao bez svesti. Hrvat je tom prilikom progustao jezik, a samo ekspresnom rekcijom lekara protivničke ekipe spasen je u poslednjem trenutku. Pukom srećom, brzo mu se povratila svest i nije bilo ozbiljnijih posledica, ali je iz preventivnih razloga odvezen u lokalnu bolnicu na dalje posmatranje.       Drago Vuković je jedan od najboljih rukometaša Hrvatske, čije je boje branio punih deset godina (2004-2014) i sa "kockastima" osvojio veliki broj odličja: zlato na Olimpijskim igrama u Atini 2004. i bronzu u Londonu 2012. Na Svetskom prvenstvu u Španiji 2013. godine bio je deo tima koji je okitio bronzanim odličjem, dok sa evropskih šampionata ima dva srebra (Novreška 2008, Austrija 2010) i jednu bronzanu medalju (Srbija 2012).          </article-text><article-text-transliterated>Prava drama odvijala se na startu rukomentne Bundeslige, kada je nekadašnji hrvatski reprezentativac Drago Vuković tokom meča izgubio svest..  Drago Vuković je posle jednog duela krajem prvog dela igre pao na parket i ostao bez svesti. Hrvat je tom prilikom progustao jezik, a samo ekspresnom rekcijom lekara protivničke ekipe spasen je u poslednjem trenutku. Pukom srećom, brzo mu se povratila svest i nije bilo ozbiljnijih posledica, ali je iz preventivnih razloga odvezen u lokalnu bolnicu na dalje posmatranje.       Drago Vuković je jedan od najboljih rukometaša Hrvatske, čije je boje branio punih deset godina (2004-2014) i sa "kockastima" osvojio veliki broj odličja: zlato na Olimpijskim igrama u Atini 2004. i bronzu u Londonu 2012. Na Svetskom prvenstvu u Španiji 2013. godine bio je deo tima koji je okitio bronzanim odličjem, dok sa evropskih šampionata ima dva srebra (Novreška 2008, Austrija 2010) i jednu bronzanu medalju (Srbija 2012).          </article-text-transliterated><comment-list /></article><comments><comment-count>0</comment-count></comments></document>