<document global_id="sr-03-151"><url>https://www.kurir.rs/sport/fudbal/2687953/odlozili-kaznu-novopazarci-izbegli-suspenziju-jer-ne-razumeju-srpski-jezik</url><source-id>03</source-id><local-id>151</local-id><source-name>kurir</source-name><article><article-title> ODLOŽILI KAZNU</article-title><article-time> 2017-02-17</article-time><article-author>Kurir</article-author><article-text>Čelnici Novog Pazara poslali su žalbu Disciplinskoj komisiji FSS u kojom tvrde da im je odluka o zabrani registracije igrača dostavljena na srpskom, a ne na bosanskom jeziku..  Disciplinska komisija FSS je Novom Pazaru zabranila registraciju novih igrača zbog duiga od 143.000 evra prema bivšim fudbalerima i trenerima. Međutim, čelnici Novog Pazara su tražili da im se na "njihovom" bošnjačkom jeziku dostavi odluka Disciplinske komisije FSS, s obzirom da dobijenu na srpskom nisu razumeli."Sportski žurnal" prenosi da je očigledno neko dobro posavetovao čelnike Novog Pazara s obzirom da po Ustavu Republike Srbije imaju pravo da traže odluku na "svom" jeziku.Ukoliko žalba bude prihvaćena, Novom Pazaru će biti dozvoljeno da registruje nove igrače. FSS će onda morati da angažuje prevodioca na bošnjački jezik i napiše novo rešenje o zabrani registrovanja igrača Novog Pazara.Kako se radi o dužem procesu, uprava Novog Pazara će imati dovoljno vremena da licencira sva pojačanja. Novi Pazar će imati pravo na žalbu i posle dobijanja rešenja na bošnjačkom jeziku, tako da će proces potrajati nekoliko nedelja, ako ne i duže.Novi Pazar će u subotu gostovati Crvenoj zvezdi u meču 22. kola Superlige Srbije.            </article-text><article-text-transliterated>Čelnici Novog Pazara poslali su žalbu Disciplinskoj komisiji FSS u kojom tvrde da im je odluka o zabrani registracije igrača dostavljena na srpskom, a ne na bosanskom jeziku..  Disciplinska komisija FSS je Novom Pazaru zabranila registraciju novih igrača zbog duiga od 143.000 evra prema bivšim fudbalerima i trenerima. Međutim, čelnici Novog Pazara su tražili da im se na "njihovom" bošnjačkom jeziku dostavi odluka Disciplinske komisije FSS, s obzirom da dobijenu na srpskom nisu razumeli."Sportski žurnal" prenosi da je očigledno neko dobro posavetovao čelnike Novog Pazara s obzirom da po Ustavu Republike Srbije imaju pravo da traže odluku na "svom" jeziku.Ukoliko žalba bude prihvaćena, Novom Pazaru će biti dozvoljeno da registruje nove igrače. FSS će onda morati da angažuje prevodioca na bošnjački jezik i napiše novo rešenje o zabrani registrovanja igrača Novog Pazara.Kako se radi o dužem procesu, uprava Novog Pazara će imati dovoljno vremena da licencira sva pojačanja. Novi Pazar će imati pravo na žalbu i posle dobijanja rešenja na bošnjačkom jeziku, tako da će proces potrajati nekoliko nedelja, ako ne i duže.Novi Pazar će u subotu gostovati Crvenoj zvezdi u meču 22. kola Superlige Srbije.            </article-text-transliterated><comment-list><comments comment-id="1"><comment-parent-id>empty</comment-parent-id><comment-text>Da nije žalosno bilo bi smešno.</comment-text><comment-text-transliterated>Da nije žalosno bilo bi smešno.</comment-text-transliterated></comments><comments comment-id="2"><comment-parent-id>empty</comment-parent-id><comment-text>Umesto 140 000 eVra ,neka plate 240 000 eUra i sa predodjenjem je sve u redu.</comment-text><comment-text-transliterated>Umesto 140 000 eVra ,neka plate 240 000 eUra i sa predodjenjem je sve u redu.</comment-text-transliterated></comments><comments comment-id="3"><comment-parent-id>empty</comment-parent-id><comment-text>A na kom jeziku su se oni obratili FSS!?</comment-text><comment-text-transliterated>A na kom jeziku su se oni obratili FSS!?</comment-text-transliterated></comments><comments comment-id="3-1"><comment-parent-id>3</comment-parent-id><comment-text>Na srpskom jer ne razumeju bosanski</comment-text><comment-text-transliterated>Na srpskom jer ne razumeju bosanski</comment-text-transliterated></comments><comments comment-id="4"><comment-parent-id>empty</comment-parent-id><comment-text>Sram i stid vas bilo!</comment-text><comment-text-transliterated>Sram i stid vas bilo!</comment-text-transliterated></comments><comments comment-id="5"><comment-parent-id>empty</comment-parent-id><comment-text>Hahhahhaha kakva komedija... i tabela da im se prevede na spanski hahhah</comment-text><comment-text-transliterated>Hahhahhaha kakva komedija... i tabela da im se prevede na spanski hahhah</comment-text-transliterated></comments><comments comment-id="6"><comment-parent-id>empty</comment-parent-id><comment-text>napolje ili se integrisite ako niste vekovima do sada.ovo je Srbija.</comment-text><comment-text-transliterated>napolje ili se integrisite ako niste vekovima do sada.ovo je Srbija.</comment-text-transliterated></comments><comments comment-id="7"><comment-parent-id>empty</comment-parent-id><comment-text>A na kom će jeziku pisati žalbu i registraciju, srpskom-ćirilicom?</comment-text><comment-text-transliterated>A na kom će jeziku pisati žalbu i registraciju, srpskom-ćirilicom?</comment-text-transliterated></comments><comments comment-id="8"><comment-parent-id>empty</comment-parent-id><comment-text>Au kakav cirkus. Pa šta će nam takv klub koji stalno pravi neke problrme. Pa ne igra se fudbal zbog njih. Pod hitno ih izbaciti dva ranga niže. Pa da li ovog ima u Italiji Engleskoj Španiji. U Srbiji ne razumeju srpski. Pa ko je ovde normalan??????????</comment-text><comment-text-transliterated>Au kakav cirkus. Pa šta će nam takv klub koji stalno pravi neke problrme. Pa ne igra se fudbal zbog njih. Pod hitno ih izbaciti dva ranga niže. Pa da li ovog ima u Italiji Engleskoj Španiji. U Srbiji ne razumeju srpski. Pa ko je ovde normalan??????????</comment-text-transliterated></comments><comments comment-id="9"><comment-parent-id>empty</comment-parent-id><comment-text>ko ne zna rijeci taj hoda</comment-text><comment-text-transliterated>ko ne zna rijeci taj hoda</comment-text-transliterated></comments><comments comment-id="10"><comment-parent-id>empty</comment-parent-id><comment-text>Napolje ...Pa nek se takmice u turskoj ligi ako taj jezik razumeju...izbacite ih iz svih nivoa takmicenja</comment-text><comment-text-transliterated>Napolje ...Pa nek se takmice u turskoj ligi ako taj jezik razumeju...izbacite ih iz svih nivoa takmicenja</comment-text-transliterated></comments><comments comment-id="10-1"><comment-parent-id>10</comment-parent-id><comment-text>Поготово Турски, не разумеју! Када би им прозборио по турски, рекли би, хајде не булазни, но причај српски да те сви разумеју.</comment-text><comment-text-transliterated>Pogotovo Turski, ne razumeju! Kada bi im prozborio po turski, rekli bi, hajde ne bulazni, no pričaj srpski da te svi razumeju.</comment-text-transliterated></comments><comments comment-id="11"><comment-parent-id>empty</comment-parent-id><comment-text>Banane, banane, jeftino bananeeee ! Kako bi samo u Nemačkoj razumeli nemački, u Engleskoj engleski, u Francuskoj francuski ... Samo u Srbiji možeš ne razumeti srpski. Nećemo mi nikada sići sa drveta.</comment-text><comment-text-transliterated>Banane, banane, jeftino bananeeee ! Kako bi samo u Nemačkoj razumeli nemački, u Engleskoj engleski, u Francuskoj francuski ... Samo u Srbiji možeš ne razumeti srpski. Nećemo mi nikada sići sa drveta.</comment-text-transliterated></comments><comments comment-id="12"><comment-parent-id>empty</comment-parent-id><comment-text>Da li u tom kluba ima nekog (Srbina) koji razume srpski jezik ili su i oni zaboravili srpski. Pa ako znaju neka im pročitaju i prevedu. A nikom od onih koji ne zna srpski ne može se dozvoliti da radi.</comment-text><comment-text-transliterated>Da li u tom kluba ima nekog (Srbina) koji razume srpski jezik ili su i oni zaboravili srpski. Pa ako znaju neka im pročitaju i prevedu. A nikom od onih koji ne zna srpski ne može se dozvoliti da radi.</comment-text-transliterated></comments><comments comment-id="13"><comment-parent-id>empty</comment-parent-id><comment-text>Koncetrisite se na bosanskom ili bosnjackom jeziku. A oni nisu civili da im se dostavlja na maternjem jeziku nego pravno lice koje mora da radi po sistemu sluzbenig jezika i pisma. To nije bosnhacki klub nego klub novi pazar gde nigde ne pise da je bosnjacki</comment-text><comment-text-transliterated>Koncetrisite se na bosanskom ili bosnjackom jeziku. A oni nisu civili da im se dostavlja na maternjem jeziku nego pravno lice koje mora da radi po sistemu sluzbenig jezika i pisma. To nije bosnhacki klub nego klub novi pazar gde nigde ne pise da je bosnjacki</comment-text-transliterated></comments><comments comment-id="14"><comment-parent-id>empty</comment-parent-id><comment-text>A ne razumeju Srpski.Odmah u Tursku,pa neka tamo igraju</comment-text><comment-text-transliterated>A ne razumeju Srpski.Odmah u Tursku,pa neka tamo igraju</comment-text-transliterated></comments><comments comment-id="15"><comment-parent-id>empty</comment-parent-id><comment-text>Ja hocu da mi se sa Niskog na Pirotski prevede Zona Zamfirova, trazi mi kolega iz Leskovca. Smesno ? Nije smesno, zalosno je da na nivou drzave nemamo jedan zvanican jezik a ostalo je privatna stvar. Zvanicno se kaze: Komsinice moja, jako ste lepi, i to svako razume a privatno mugu da kazem: komsike ti si lek za onuj stvar, pa ko ne razume nek sam trazi prevodioca..</comment-text><comment-text-transliterated>Ja hocu da mi se sa Niskog na Pirotski prevede Zona Zamfirova, trazi mi kolega iz Leskovca. Smesno ? Nije smesno, zalosno je da na nivou drzave nemamo jedan zvanican jezik a ostalo je privatna stvar. Zvanicno se kaze: Komsinice moja, jako ste lepi, i to svako razume a privatno mugu da kazem: komsike ti si lek za onuj stvar, pa ko ne razume nek sam trazi prevodioca..</comment-text-transliterated></comments><comments comment-id="16"><comment-parent-id>empty</comment-parent-id><comment-text>A šta kaže Rasim ?</comment-text><comment-text-transliterated>A šta kaže Rasim ?</comment-text-transliterated></comments><comments comment-id="17"><comment-parent-id>empty</comment-parent-id><comment-text>Uh, konačno krenula regionalna liga</comment-text><comment-text-transliterated>Uh, konačno krenula regionalna liga</comment-text-transliterated></comments><comments comment-id="18"><comment-parent-id>empty</comment-parent-id><comment-text>Ne znaju srpski,a znaju da prijave neprimerne transparente...da sam na mestu drzave,ostao biniza svog stava,naravno ide kamata,a ako ga ne razumeju neka unajme prevodioca...</comment-text><comment-text-transliterated>Ne znaju srpski,a znaju da prijave neprimerne transparente...da sam na mestu drzave,ostao biniza svog stava,naravno ide kamata,a ako ga ne razumeju neka unajme prevodioca...</comment-text-transliterated></comments><comments comment-id="19"><comment-parent-id>empty</comment-parent-id><comment-text>Ne znam zašto se žale, FSS je poslao čestitku za rođendan, a pošto je napisana na srpskom jeziku nisu je razumeli, a što se suspenzije tiče nju će dobiti na nepostojećem jeziku, pa će se opet želiti na nerazumevanje nepostojećeg jezika. Najuriti iz lige dok ne nauče jezik.</comment-text><comment-text-transliterated>Ne znam zašto se žale, FSS je poslao čestitku za rođendan, a pošto je napisana na srpskom jeziku nisu je razumeli, a što se suspenzije tiče nju će dobiti na nepostojećem jeziku, pa će se opet želiti na nerazumevanje nepostojećeg jezika. Najuriti iz lige dok ne nauče jezik.</comment-text-transliterated></comments><comments comment-id="20"><comment-parent-id>empty</comment-parent-id><comment-text>Smesno do bola,nemogu da verujem ste sve pise u Ustavu Republike Srbije.Ja sam iz Srbije-musliman i ovo nikako ne opravdavam,u Nemackoj gde inace zivim sve dobijas na Nemackom jeziku a narocito od drzavnih institucija,ima skoro cetiri miliona Turaka pa neka zatrazi neko pisani dokumenat na Turskom jeziku,mogu samo da sanjaju i oni i druge nacionalne manjine...pozz.</comment-text><comment-text-transliterated>Smesno do bola,nemogu da verujem ste sve pise u Ustavu Republike Srbije.Ja sam iz Srbije-musliman i ovo nikako ne opravdavam,u Nemackoj gde inace zivim sve dobijas na Nemackom jeziku a narocito od drzavnih institucija,ima skoro cetiri miliona Turaka pa neka zatrazi neko pisani dokumenat na Turskom jeziku,mogu samo da sanjaju i oni i druge nacionalne manjine...pozz.</comment-text-transliterated></comments><comments comment-id="20-1"><comment-parent-id>20</comment-parent-id><comment-text>Kapa dole za komentar!!</comment-text><comment-text-transliterated>Kapa dole za komentar!!</comment-text-transliterated></comments><comments comment-id="21"><comment-parent-id>empty</comment-parent-id><comment-text>Beton liga je za vas..Ne razumete srpski?Ja svako malo odem do tetke u Sarajevo,i koliko sam primetio,tamo mene svi razumeju sta pricam....Sramota...</comment-text><comment-text-transliterated>Beton liga je za vas..Ne razumete srpski?Ja svako malo odem do tetke u Sarajevo,i koliko sam primetio,tamo mene svi razumeju sta pricam....Sramota...</comment-text-transliterated></comments><comments comment-id="22"><comment-parent-id>empty</comment-parent-id><comment-text>Da nije zalosno,bilo bi smesno!!!</comment-text><comment-text-transliterated>Da nije zalosno,bilo bi smesno!!!</comment-text-transliterated></comments><comments comment-id="23"><comment-parent-id>empty</comment-parent-id><comment-text>Baš je napredna ova Srbija...</comment-text><comment-text-transliterated>Baš je napredna ova Srbija...</comment-text-transliterated></comments><comments comment-id="24"><comment-parent-id>empty</comment-parent-id><comment-text>Tako oni i presude redovnih sudova traže da se prevedu na bošnjački jezik i odugovlače postupke jer mislim da u Srbiji ne postoji tumač registrovan za taj izmišljeni jezik.</comment-text><comment-text-transliterated>Tako oni i presude redovnih sudova traže da se prevedu na bošnjački jezik i odugovlače postupke jer mislim da u Srbiji ne postoji tumač registrovan za taj izmišljeni jezik.</comment-text-transliterated></comments><comments comment-id="25"><comment-parent-id>empty</comment-parent-id><comment-text>Sramota, za Ljajića i kompletno rukovodstvo. Realno je da njima</comment-text><comment-text-transliterated>Sramota, za Ljajića i kompletno rukovodstvo. Realno je da njima</comment-text-transliterated></comments><comments comment-id="26"><comment-parent-id>empty</comment-parent-id><comment-text>Sramota za Srbiju a da li iuma tamo srskih igraca</comment-text><comment-text-transliterated>Sramota za Srbiju a da li iuma tamo srskih igraca</comment-text-transliterated></comments><comments comment-id="27"><comment-parent-id>empty</comment-parent-id><comment-text>predlazem da  svi klubovi u Srbiji ne igraju sa njim nikad vise pa neka igraju sa onim koji znaju jihov jezik</comment-text><comment-text-transliterated>predlazem da  svi klubovi u Srbiji ne igraju sa njim nikad vise pa neka igraju sa onim koji znaju jihov jezik</comment-text-transliterated></comments><comments comment-id="28"><comment-parent-id>empty</comment-parent-id><comment-text>Bojkotujtre njihov klub</comment-text><comment-text-transliterated>Bojkotujtre njihov klub</comment-text-transliterated></comments><comments comment-id="29"><comment-parent-id>empty</comment-parent-id><comment-text>Svima koji ne razumeju Srpski, za pocetak oduzeti drzavljanstvo, a posle i posao. Traziti da prijave boravak kao stranci, pa da vidimo da li razumeju.</comment-text><comment-text-transliterated>Svima koji ne razumeju Srpski, za pocetak oduzeti drzavljanstvo, a posle i posao. Traziti da prijave boravak kao stranci, pa da vidimo da li razumeju.</comment-text-transliterated></comments></comment-list></article><comments><comment-count>32</comment-count></comments></document>