<document global_id="sr-03-101"><url>https://www.kurir.rs/vesti/drustvo/3083713/vukosavljevic-sa-srpskim-srednjoskolcima-iz-amerike-cuvajte-svoj-kulturni-identitet-jezik-i-pismo</url><source-id>03</source-id><local-id>101</local-id><source-name>kurir</source-name><article><article-title> VUKOSAVLJEVIĆ SA SRPSKIM SREDNJOŠKOLCIMA IZ AMERIKE</article-title><article-time> 2018-07-11</article-time><article-author>Kurir</article-author><article-text>.  Ministar kulture i informisanja Vladan Vukosavljević poručio je danas na sastanku u Beogradu srednjoškolcima iz Sjedinjenih Američkih Država srpskog porekla da čuvaju svoj kulturni identitet, jezik i pismo. Vukosavljević je gostima iz Amerike preporučio da čitaju knjige Ive Andrića, Meše Selimovića, Miloša Crnjanskog i drugih srpskih pisaca, jer iz njih mogu mnogo da nauče o srpskoj kulturi, istoriji i običajima.    Predsednica Srpskog instituta iz Vašingtona Danijela Sremac i Vukosavljević razgovarali su o predstavljanju akcije "Negujmo srpski jezik" u Americi. Srpski Institut organizovao je "Program mladih lidera" radi povezivanja djake srpskog porekla iz Amerike i mladih iz Srbije. (Kurir.rs/Beta/Foto:Zorana Jevtić)  </article-text><article-text-transliterated>.  Ministar kulture i informisanja Vladan Vukosavljević poručio je danas na sastanku u Beogradu srednjoškolcima iz Sjedinjenih Američkih Država srpskog porekla da čuvaju svoj kulturni identitet, jezik i pismo. Vukosavljević je gostima iz Amerike preporučio da čitaju knjige Ive Andrića, Meše Selimovića, Miloša Crnjanskog i drugih srpskih pisaca, jer iz njih mogu mnogo da nauče o srpskoj kulturi, istoriji i običajima.    Predsednica Srpskog instituta iz Vašingtona Danijela Sremac i Vukosavljević razgovarali su o predstavljanju akcije "Negujmo srpski jezik" u Americi. Srpski Institut organizovao je "Program mladih lidera" radi povezivanja djake srpskog porekla iz Amerike i mladih iz Srbije. (Kurir.rs/Beta/Foto:Zorana Jevtić)  </article-text-transliterated><comment-list /></article><comments><comment-count>0</comment-count></comments></document>