<document global_id="sr-03-73"><url>https://www.kurir.rs/zabava/3169945/ispovest-profesorice-nemackog-donedavno-sam-bila-konobarica-a-onda-sam-naucila-jezik-za-3-nedelje</url><source-id>03</source-id><local-id>73</local-id><source-name>kurir</source-name><article><article-title> ISPOVEST PROFESORICE NEMAČKOG</article-title><article-time> 2018-12-10</article-time><article-author>Kurir</article-author><article-text>.  Nemački jezik, ma koliko teško delovao, može da se tečno nauči za manje od mesec dana. Potvrda za to je Ana, danas profesorica nemačkog jezika koja se uskoro seli u Berlin. Do pre dva meseca je bila konobarica i radila je za minimalac, dok nije naišla na ovu metodu koja joj je promenila život.    Kako je Ana naučila nemački u 3 nedelje? Zahvaljujući poligloti Franzu Reimannu, sada svako može da bez muke i napora savlada nemački jezik. Njegova metoda učenja nemačkog jezika, koju je nazvao Lernelingu, je pomogla hiljadama ljudi da konačno ostvare svoj san. Među njima je i Ana. Iako će uskoro napuniti 50 godina, Ana je dokaz da ništa nije nemoguće. Kada joj je konobarisanje postalo naporno, odlučila je da svoj život promeni iz temelja. Uz Lernelingu je to i uspela. Svakodnevno je usvajala do 200 novih nemačkih izraza, mozak je sam upijao reči, a blokada i strah od komuniciranja na nemačkom su nestali. Nakon druge nedelje je savršeno pisala nemački, a nakon još nedelju dana ga je i govorila. Iako, kako kaže, nije imala sklonosti prema jezicima, uz ovu metodu je nemački učila bez napora i mnogo truda. Kako Lernelingu vaš mozak podstiče na pamćenje? Tajna je u tome što Lernelingu, za razliku od drugih konvencionalnih metoda učenja, koristi 100% kapaciteta mozga. Istovremeno aktivira levu i desnu moždanu hemisferu, pa ceo mozak radi i pamti do 5 puta brže. Zato je uz ovu metodu moguće usvajati oko 200 novih reči na nemačkom dnevno. Tako je ceo proces učenja jezika lakši, brži i efikasniji. Takođe, ono što je najvažnije je da blokada nestaje, i počinjete da slobodno komunicirate sa strancima na njihovom jeziku. Najbolje od svega je da ako se to ne dogodi, autor daje garanciju na povraćaj novca! POSEBNO UPOZORENJE: Garancija na povraćaj novca i neverovatan popust od 50% su dodatno povećali potražnju za Lernelinguom. Zalihe su ograničene, a na nove se čeka po nekoliko nedelja – koliko vam je dovoljno da savladate jezik i unapredite svoj život. Zato ne gledajte kako ova jedinstvena prilika nestaje, nego reagujte odmah! Kliknite ovde za više informacija &gt;&gt; (Promo - tekst / Foto:Promo)            </article-text><article-text-transliterated>.  Nemački jezik, ma koliko teško delovao, može da se tečno nauči za manje od mesec dana. Potvrda za to je Ana, danas profesorica nemačkog jezika koja se uskoro seli u Berlin. Do pre dva meseca je bila konobarica i radila je za minimalac, dok nije naišla na ovu metodu koja joj je promenila život.    Kako je Ana naučila nemački u 3 nedelje? Zahvaljujući poligloti Franzu Reimannu, sada svako može da bez muke i napora savlada nemački jezik. Njegova metoda učenja nemačkog jezika, koju je nazvao Lernelingu, je pomogla hiljadama ljudi da konačno ostvare svoj san. Među njima je i Ana. Iako će uskoro napuniti 50 godina, Ana je dokaz da ništa nije nemoguće. Kada joj je konobarisanje postalo naporno, odlučila je da svoj život promeni iz temelja. Uz Lernelingu je to i uspela. Svakodnevno je usvajala do 200 novih nemačkih izraza, mozak je sam upijao reči, a blokada i strah od komuniciranja na nemačkom su nestali. Nakon druge nedelje je savršeno pisala nemački, a nakon još nedelju dana ga je i govorila. Iako, kako kaže, nije imala sklonosti prema jezicima, uz ovu metodu je nemački učila bez napora i mnogo truda. Kako Lernelingu vaš mozak podstiče na pamćenje? Tajna je u tome što Lernelingu, za razliku od drugih konvencionalnih metoda učenja, koristi 100% kapaciteta mozga. Istovremeno aktivira levu i desnu moždanu hemisferu, pa ceo mozak radi i pamti do 5 puta brže. Zato je uz ovu metodu moguće usvajati oko 200 novih reči na nemačkom dnevno. Tako je ceo proces učenja jezika lakši, brži i efikasniji. Takođe, ono što je najvažnije je da blokada nestaje, i počinjete da slobodno komunicirate sa strancima na njihovom jeziku. Najbolje od svega je da ako se to ne dogodi, autor daje garanciju na povraćaj novca! POSEBNO UPOZORENJE: Garancija na povraćaj novca i neverovatan popust od 50% su dodatno povećali potražnju za Lernelinguom. Zalihe su ograničene, a na nove se čeka po nekoliko nedelja – koliko vam je dovoljno da savladate jezik i unapredite svoj život. Zato ne gledajte kako ova jedinstvena prilika nestaje, nego reagujte odmah! Kliknite ovde za više informacija &gt;&gt; (Promo - tekst / Foto:Promo)            </article-text-transliterated><comment-list /></article><comments><comment-count>0</comment-count></comments></document>