<document global_id="sr-03-106"><url>https://www.kurir.rs/mundijal-2018/3072183/hrvati-ljuti-na-fifa-kako-srpsko-hrvatski-jezik-uputili-ostar-prigovor</url><source-id>03</source-id><local-id>106</local-id><source-name>kurir</source-name><article><article-title> HRVATI LJUTI NA FIFA</article-title><article-time> 2018-06-21</article-time><article-author>Kurir</article-author><article-text>Funkcioneri Fudbalskog saveza Hrvatske (HNS) uputili su oštar prigovor Međunarodnoj fudbalskoj federaciji (FIFA) zbog natpisa na konferenciji za medije u Nižnjem Novgorodu, pred meč sa Argentinom na Mundijalu, da će se prevod obaviti na srpsko-hrvatskom jeziku..  Natpis "srpsko-hrvatski jezik" na ćirilici odmah je sklonjen u sali, ali je ostao ispred na panou na listi prevoda zajedno sa engleskim, ruskim i španskim. "Nakon što su fotoreporteri zamoljeni da napuste dvoranu, ispred sale sam ugledao natpis i šokirao se. Odmah sam fotografisao i to podelio na društvenim mreama. Kako bi se Rusi osećali da im kao jezik piše ukrajinsko-ruski. A Ukrajincima tek to ne bi bilo drago. Kolega je pitao gospoduju iz organizacionog odbora bi li im smetalo da piše na latinici ukrajinsko-ruski kad igra ruska reprezentacija. Ona mu je rekla da bi smetalo i tek onda je shvatila. Pravdala se da im je to neko doneo, da nisu znali, i da je FIFA odobrila. Nakon toga natpis je uklonjen", prenose hrvatski mediji reči tamošnjih izveštača iz Rusije.    Hrvatski portal Dnevno.hr konstatuje da "ne treba biti paranoičan i izneti tvrdnje da se radi o provokaciji, ali da je zanimljivo da se takve stvari dešavaju pred važnu utakmicu sa Argentinom". kurir.rs / Tanjug  </article-text><article-text-transliterated>Funkcioneri Fudbalskog saveza Hrvatske (HNS) uputili su oštar prigovor Međunarodnoj fudbalskoj federaciji (FIFA) zbog natpisa na konferenciji za medije u Nižnjem Novgorodu, pred meč sa Argentinom na Mundijalu, da će se prevod obaviti na srpsko-hrvatskom jeziku..  Natpis "srpsko-hrvatski jezik" na ćirilici odmah je sklonjen u sali, ali je ostao ispred na panou na listi prevoda zajedno sa engleskim, ruskim i španskim. "Nakon što su fotoreporteri zamoljeni da napuste dvoranu, ispred sale sam ugledao natpis i šokirao se. Odmah sam fotografisao i to podelio na društvenim mreama. Kako bi se Rusi osećali da im kao jezik piše ukrajinsko-ruski. A Ukrajincima tek to ne bi bilo drago. Kolega je pitao gospoduju iz organizacionog odbora bi li im smetalo da piše na latinici ukrajinsko-ruski kad igra ruska reprezentacija. Ona mu je rekla da bi smetalo i tek onda je shvatila. Pravdala se da im je to neko doneo, da nisu znali, i da je FIFA odobrila. Nakon toga natpis je uklonjen", prenose hrvatski mediji reči tamošnjih izveštača iz Rusije.    Hrvatski portal Dnevno.hr konstatuje da "ne treba biti paranoičan i izneti tvrdnje da se radi o provokaciji, ali da je zanimljivo da se takve stvari dešavaju pred važnu utakmicu sa Argentinom". kurir.rs / Tanjug  </article-text-transliterated><comment-list><comments comment-id="1"><comment-parent-id>empty</comment-parent-id><comment-text>Pa kako drugacije? Koga varate s tim da imate svoj jezik??? Odakle? Koje pismo? Sta? Kako? Ajde...dokazi?</comment-text><comment-text-transliterated>Pa kako drugacije? Koga varate s tim da imate svoj jezik??? Odakle? Koje pismo? Sta? Kako? Ajde...dokazi?</comment-text-transliterated></comments><comments comment-id="2"><comment-parent-id>empty</comment-parent-id><comment-text>Pa šta je tu sporno 70-80 % njihovih reći je srpskog porekla .komplexi su čudo</comment-text><comment-text-transliterated>Pa šta je tu sporno 70-80 % njihovih reći je srpskog porekla .komplexi su čudo</comment-text-transliterated></comments><comments comment-id="3"><comment-parent-id>empty</comment-parent-id><comment-text>Komleksi su cudo</comment-text><comment-text-transliterated>Komleksi su cudo</comment-text-transliterated></comments><comments comment-id="4"><comment-parent-id>empty</comment-parent-id><comment-text>na univerzitetima u inostranstvu jezik se i dalje uci kao srpsko-hrvatski tako neka smanje dozivljaj</comment-text><comment-text-transliterated>na univerzitetima u inostranstvu jezik se i dalje uci kao srpsko-hrvatski tako neka smanje dozivljaj</comment-text-transliterated></comments></comment-list></article><comments><comment-count>4</comment-count></comments></document>