<document global_id="sr-03-27"><url>https://www.kurir.rs/vesti/srbija/3322371/zavrsen-86-vukov-sabor-cuvati-jezik-i-pismo-tu-je-snaga-naseg-naroda</url><source-id>03</source-id><local-id>27</local-id><source-name>kurir</source-name><article><article-title> ZAVRŠEN 86. VUKOV SABOR</article-title><article-time> 2019-09-16</article-time><article-author>Kurir</article-author><article-text>.  LOZNICA - Najstarija kulturna manifestavija u našoj zemlji, 86. Vukov sabor u Tršiću završen je posle sedam dana uz poruku da se snaga jednog naroda meri time u kojoj meri čuva svoju kulturu, jezik i pismo.          1 / 10 Foto: Kurir/T.Ilić               "Svako prostiranje prepoznatljivih ideja ovog jezikoslovca preko slavisticara širom sveta daje nam veću snagu, jer tako i naša Loznica i Srbija postaje bolja, značajnija i prepoznatljivija", rekao je Vidoje Petrović, gradonačelnik Loznice. Ove godine u ulozi počasnog besednika našao se reditelj Emir Kusturica koji je poručio da ne smemo dozvoliti da sprski jezik postane žrtva engleskog.Kusturica je ocenio da je Vukov sabor manifestacija od velikog znacaja, a spas jezika vidi u literaturi.  </article-text><article-text-transliterated>.  LOZNICA - Najstarija kulturna manifestavija u našoj zemlji, 86. Vukov sabor u Tršiću završen je posle sedam dana uz poruku da se snaga jednog naroda meri time u kojoj meri čuva svoju kulturu, jezik i pismo.          1 / 10 Foto: Kurir/T.Ilić               "Svako prostiranje prepoznatljivih ideja ovog jezikoslovca preko slavisticara širom sveta daje nam veću snagu, jer tako i naša Loznica i Srbija postaje bolja, značajnija i prepoznatljivija", rekao je Vidoje Petrović, gradonačelnik Loznice. Ove godine u ulozi počasnog besednika našao se reditelj Emir Kusturica koji je poručio da ne smemo dozvoliti da sprski jezik postane žrtva engleskog.Kusturica je ocenio da je Vukov sabor manifestacija od velikog znacaja, a spas jezika vidi u literaturi.  </article-text-transliterated><comment-list /></article><comments><comment-count>0</comment-count></comments></document>