<document global_id="sr-03-10"><url>https://www.kurir.rs/vesti/drustvo/2262737/izborni-predmet-romski-jezik-u-40-osnovnih-skola-sirom-srbije</url><source-id>03</source-id><local-id>10</local-id><source-name>kurir</source-name><article><article-title> IZBORNI PREDMET</article-title><article-time> 2016-05-12</article-time><article-author>Kurir</article-author><article-text>BEOGRAD - Mnoge osnovne škole u Srbiji već su uvele romski jezik kao izborni predmet, a anketiranje učenika o zainteresovanosti i dalje se nastavlja..  Problem na terenu predstavlja loš odziv roditelja na anketiranje o zainteresovanosti, ali i nedovoljan broj nastavnika. To se danas moglo čuti na promociji projekta "Uvođenje romskog jezika sa elementima nacionalne kulture u osnovne škole u Srbiji", koji finansira EU, a koji će trajati 20 meseci. Uvođenje romskog jezika sa elementima nacionalne kulture će se realizovati u najmanje 40 škola u kojima se nastava sprovodi na srpskom jeziku ili jeziku druge nacionalne manjine u Srbiji, dok će polaznici izbornog predmeta biti učenici romske nacionalnosti i svi drugi zainteresovani učenici.    Predstavnica ministarstva prosvete Jasminka Peruničić Alen rekla je da je tokom prošle godine organizovan kurs za nastavnike romskog jezika i da je sertifikate dobilo 23 polaznika, koji su imali već završene nastavničke fakultete.Ministarstvo je, kako kaže, uputilo dopis svim školskim upravama da se anketiraju roditelji i prikupe podaci o zainteresovanosti za uvođenje romskog kao izbornog predmeta u školama. Kriterijum za uvođenje je minimum 15 učenika u odeljenju, a za uvođenje tog izabranog predmeta izjasnilo se 2.500 učenika." U više od 10 škola uveden je romski kao izborni predmet i to u školskim upravama Leskovac, Niš, Beograd, Zrenjanin", rekla je Peruničić Alen . Ona je dodala da se ministarstvu u oktobru i novembru, već kada je počela školska godina, javilo šest škola koje su imale manje od 15 učenika, a želele su da uvedu izborni predmet- što im je dozvoljeno.Ona je dodala da je još najmanje 15 škola izrazilo želju za uvođenjem, ali da nisu imali nastavni kadar. Predstavnik delegacije EU u Srbiji Nikola Bizel rekao je da mnogo toga još treba uraditi da bi standard i život Roma bili na zadovoljavajućem nivou, kao i da će integracija Roma u društvo biti jedna o važnih delova priključenja Srbije EU, o čemu će se razmatrati u okviru poglavlja 23. Koordinator projekta Ljuan Koko rekao je da će tokom projekta biti nabavljen i nastavni materijal za predmet Rimski jezik sa elementima nacionalne kulture i to bukvar, čitanka, slikovnica, radna sveska i Vodič za nastavnike romskog jezika.       Autor:Tanjug, Foto: Shutterstock    </article-text><article-text-transliterated>BEOGRAD - Mnoge osnovne škole u Srbiji već su uvele romski jezik kao izborni predmet, a anketiranje učenika o zainteresovanosti i dalje se nastavlja..  Problem na terenu predstavlja loš odziv roditelja na anketiranje o zainteresovanosti, ali i nedovoljan broj nastavnika. To se danas moglo čuti na promociji projekta "Uvođenje romskog jezika sa elementima nacionalne kulture u osnovne škole u Srbiji", koji finansira EU, a koji će trajati 20 meseci. Uvođenje romskog jezika sa elementima nacionalne kulture će se realizovati u najmanje 40 škola u kojima se nastava sprovodi na srpskom jeziku ili jeziku druge nacionalne manjine u Srbiji, dok će polaznici izbornog predmeta biti učenici romske nacionalnosti i svi drugi zainteresovani učenici.    Predstavnica ministarstva prosvete Jasminka Peruničić Alen rekla je da je tokom prošle godine organizovan kurs za nastavnike romskog jezika i da je sertifikate dobilo 23 polaznika, koji su imali već završene nastavničke fakultete.Ministarstvo je, kako kaže, uputilo dopis svim školskim upravama da se anketiraju roditelji i prikupe podaci o zainteresovanosti za uvođenje romskog kao izbornog predmeta u školama. Kriterijum za uvođenje je minimum 15 učenika u odeljenju, a za uvođenje tog izabranog predmeta izjasnilo se 2.500 učenika." U više od 10 škola uveden je romski kao izborni predmet i to u školskim upravama Leskovac, Niš, Beograd, Zrenjanin", rekla je Peruničić Alen . Ona je dodala da se ministarstvu u oktobru i novembru, već kada je počela školska godina, javilo šest škola koje su imale manje od 15 učenika, a želele su da uvedu izborni predmet- što im je dozvoljeno.Ona je dodala da je još najmanje 15 škola izrazilo želju za uvođenjem, ali da nisu imali nastavni kadar. Predstavnik delegacije EU u Srbiji Nikola Bizel rekao je da mnogo toga još treba uraditi da bi standard i život Roma bili na zadovoljavajućem nivou, kao i da će integracija Roma u društvo biti jedna o važnih delova priključenja Srbije EU, o čemu će se razmatrati u okviru poglavlja 23. Koordinator projekta Ljuan Koko rekao je da će tokom projekta biti nabavljen i nastavni materijal za predmet Rimski jezik sa elementima nacionalne kulture i to bukvar, čitanka, slikovnica, radna sveska i Vodič za nastavnike romskog jezika.       Autor:Tanjug, Foto: Shutterstock    </article-text-transliterated><comment-list><comments comment-id="1"><comment-parent-id>empty</comment-parent-id><comment-text>Srbijo jadna li si</comment-text><comment-text-transliterated>Srbijo jadna li si</comment-text-transliterated></comments><comments comment-id="2"><comment-parent-id>empty</comment-parent-id><comment-text>Čija su Romi nacionalna manjina? Svi znamo da je to nomadski narod. Ako vode poreklo iz Indije, govoriće indijski (dakle učimo indijski), ako su Egipćani (po drugoj pretpostavci), učićemo arapski... Kada se uči nacionalni jezik mora postojati narod, a narod mora imati državu iz koje potiče. Nisam ni nacionalista, ni rasista, ali ne mogu se mešati babe i žabe. Ko ovo nameće srpskim školama???</comment-text><comment-text-transliterated>Čija su Romi nacionalna manjina? Svi znamo da je to nomadski narod. Ako vode poreklo iz Indije, govoriće indijski (dakle učimo indijski), ako su Egipćani (po drugoj pretpostavci), učićemo arapski... Kada se uči nacionalni jezik mora postojati narod, a narod mora imati državu iz koje potiče. Nisam ni nacionalista, ni rasista, ali ne mogu se mešati babe i žabe. Ko ovo nameće srpskim školama???</comment-text-transliterated></comments><comments comment-id="3"><comment-parent-id>empty</comment-parent-id><comment-text>I mi imamo isto pravo u drugim zemljama neka dobiju svoje pravo ako ispune uslove.</comment-text><comment-text-transliterated>I mi imamo isto pravo u drugim zemljama neka dobiju svoje pravo ako ispune uslove.</comment-text-transliterated></comments><comments comment-id="3-1"><comment-parent-id>3</comment-parent-id><comment-text>Какве услове, прочита ли ти Андријин коментар?!</comment-text><comment-text-transliterated>Kakve uslove, pročita li ti Andrijin komentar?!</comment-text-transliterated></comments><comments comment-id="4"><comment-parent-id>empty</comment-parent-id><comment-text>gotovi smo</comment-text><comment-text-transliterated>gotovi smo</comment-text-transliterated></comments><comments comment-id="5"><comment-parent-id>empty</comment-parent-id><comment-text>aiii fatamorgana</comment-text><comment-text-transliterated>aiii fatamorgana</comment-text-transliterated></comments><comments comment-id="6"><comment-parent-id>empty</comment-parent-id><comment-text>Ako se ovako nastavi uskoro ce Srbi biti manjina u Srbiji !!!!!</comment-text><comment-text-transliterated>Ako se ovako nastavi uskoro ce Srbi biti manjina u Srbiji !!!!!</comment-text-transliterated></comments><comments comment-id="7"><comment-parent-id>empty</comment-parent-id><comment-text>Kada kuća nema gazdu  onda vršlja kako ko oće i koliko oće?!!</comment-text><comment-text-transliterated>Kada kuća nema gazdu  onda vršlja kako ko oće i koliko oće?!!</comment-text-transliterated></comments></comment-list></article><comments><comment-count>8</comment-count></comments></document>