<document global_id="sr-03-49"><url>https://www.kurir.rs/zabava/pop-kultura/1651218/marko-zivic-kroz-kulturu-se-najbolje-cuvaju-jezik-i-identitet</url><source-id>03</source-id><local-id>49</local-id><source-name>kurir</source-name><article><article-title> Marko Živić</article-title><article-time> 2015-01-03</article-time><article-author>Kurir</article-author><article-text>Pozorišta su najjeftinija reklama za grad, a film za zemlju. Političari to nikako da shvate.  Glumca Marka Živića u 2015. godini malo manje ćemo gledati na sceni jer se prihvatio režije predstave „Rulet-ples“ u Beogradskom dramskom pozorištu, a angažovan je i kao član žirija u šou-programu „Audicija“, koji kreće večeras na televiziji Pink.U razgovoru za Kurir jedan od najboljih domaćih komičara govori o stanju u kulturi, zašto je komedija najteži žanr i otkriva koju koleginicu skoro svaki put uspe da zasmeje toliko da ne može da nastavi da igra.- Predstava „Rulet-ples“ po tekstu Aleksandra Jugovića bavi se večitom temom - novcem i šta su sve ljudi spremni da urade zbog njega. Nušić je obrađivao slične stvari. Junaci naše priče su mladi ljudi i očekujem da će iz ovoga izaći jedna dobra komedija. Uloge tumače Milorad Miki Damjanović, Ljubinka Klarić i Jelena Rakočević Cekić, dok je za muziku zadužen Bora Dugić.Šta je, prema vašem mišljenju, obeležilo prošlu godinu u srpskoj kulturi?- Za mene to je vraćanje na scenu komada „Kad su cvetale tikve“. Ukinute su mnoge kulturne manifestacije koje organizuje grad, što nije dobro. Političari moraju da shvate da imaju obavezu da čuvaju jezik kroz kulturu. Pozorišta su najjeftinija reklama za jedan grad, a film za zemlju. Problem je u tome što nikako da shvatimo da je to baza jednog društva, a ne nadogradnja. Privatno, dogodile su mi se neke tužne stvari.Ima li novih filmskih uloga?- Film bi trebalo da radim tek na leto. Imam dovoljno obaveza i bez toga.Gledaćemo vas i na Pinku, u šou-programu „Audicija“?- Dragan Marinković Maca, Milan Kalinić, Andrija Milošević i ja tražimo najboljeg komičara Srbije. Program će voditi koleginica Katarina Marković. Mislim da će učesnici pokazati razne talente, a pre svega tražimo komičare.Zašto je komedija najteži žanr za većinu glumaca?- Svaki žanr glumcu koji traga za istinom je težak. Komedija je teška zato što čovek ima milijardu problema i teško ga je pomeriti iz tog stanja i nasmejati. Ljudi rade mnogo, ne samo u Srbiji, i žele kad odu u pozorište da se dobro zabave. Svoje najbolje uloge sam napravio tragajući za tom istinom.Tokom predstave „Let iznad kukavičjeg gnezda“ uspeli ste da zasmejete glumicu Ljubinku Klarić. Je li vam to najveći kompliment kao glumcu?- Jeste. To su neki naši ventili i naše istine. Nije u redu zbog publike, ali oni to razumeju. Gledaoci vole kad su uključeni u predstavu i nisu samo nemi posmatrači.        Autor:Ljubomir Radanov, Foto: Aleksandar Jovanović    </article-text><article-text-transliterated>Pozorišta su najjeftinija reklama za grad, a film za zemlju. Političari to nikako da shvate.  Glumca Marka Živića u 2015. godini malo manje ćemo gledati na sceni jer se prihvatio režije predstave „Rulet-ples“ u Beogradskom dramskom pozorištu, a angažovan je i kao član žirija u šou-programu „Audicija“, koji kreće večeras na televiziji Pink.U razgovoru za Kurir jedan od najboljih domaćih komičara govori o stanju u kulturi, zašto je komedija najteži žanr i otkriva koju koleginicu skoro svaki put uspe da zasmeje toliko da ne može da nastavi da igra.- Predstava „Rulet-ples“ po tekstu Aleksandra Jugovića bavi se večitom temom - novcem i šta su sve ljudi spremni da urade zbog njega. Nušić je obrađivao slične stvari. Junaci naše priče su mladi ljudi i očekujem da će iz ovoga izaći jedna dobra komedija. Uloge tumače Milorad Miki Damjanović, Ljubinka Klarić i Jelena Rakočević Cekić, dok je za muziku zadužen Bora Dugić.Šta je, prema vašem mišljenju, obeležilo prošlu godinu u srpskoj kulturi?- Za mene to je vraćanje na scenu komada „Kad su cvetale tikve“. Ukinute su mnoge kulturne manifestacije koje organizuje grad, što nije dobro. Političari moraju da shvate da imaju obavezu da čuvaju jezik kroz kulturu. Pozorišta su najjeftinija reklama za jedan grad, a film za zemlju. Problem je u tome što nikako da shvatimo da je to baza jednog društva, a ne nadogradnja. Privatno, dogodile su mi se neke tužne stvari.Ima li novih filmskih uloga?- Film bi trebalo da radim tek na leto. Imam dovoljno obaveza i bez toga.Gledaćemo vas i na Pinku, u šou-programu „Audicija“?- Dragan Marinković Maca, Milan Kalinić, Andrija Milošević i ja tražimo najboljeg komičara Srbije. Program će voditi koleginica Katarina Marković. Mislim da će učesnici pokazati razne talente, a pre svega tražimo komičare.Zašto je komedija najteži žanr za većinu glumaca?- Svaki žanr glumcu koji traga za istinom je težak. Komedija je teška zato što čovek ima milijardu problema i teško ga je pomeriti iz tog stanja i nasmejati. Ljudi rade mnogo, ne samo u Srbiji, i žele kad odu u pozorište da se dobro zabave. Svoje najbolje uloge sam napravio tragajući za tom istinom.Tokom predstave „Let iznad kukavičjeg gnezda“ uspeli ste da zasmejete glumicu Ljubinku Klarić. Je li vam to najveći kompliment kao glumcu?- Jeste. To su neki naši ventili i naše istine. Nije u redu zbog publike, ali oni to razumeju. Gledaoci vole kad su uključeni u predstavu i nisu samo nemi posmatrači.        Autor:Ljubomir Radanov, Foto: Aleksandar Jovanović    </article-text-transliterated><comment-list><comments comment-id="1"><comment-parent-id>empty</comment-parent-id><comment-text>Bio ok lik, gradsak faca. Sad je pinkov kursadzija ili sta vec, nije ni bitno. Kakva kultura kakvi bakraci. To je najveci deficit u Srbendiji. Kad ne mozes da ih pobedis, ti im se pridruzi. Ukorenio se duboko dziberizam.</comment-text><comment-text-transliterated>Bio ok lik, gradsak faca. Sad je pinkov kursadzija ili sta vec, nije ni bitno. Kakva kultura kakvi bakraci. To je najveci deficit u Srbendiji. Kad ne mozes da ih pobedis, ti im se pridruzi. Ukorenio se duboko dziberizam.</comment-text-transliterated></comments></comment-list></article><comments><comment-count>1</comment-count></comments></document>