<document global_id="sr-03-120"><url>https://www.kurir.rs/vesti/drustvo/3043245/oni-su-zatresli-istoriju-engels-je-ucio-nas-jezik-a-evo-sta-je-karl-marks-zaista-govorio-o-srbima</url><source-id>03</source-id><local-id>120</local-id><source-name>kurir</source-name><article><article-title> ONI SU ZATRESLI ISTORIJU</article-title><article-time> 2018-05-04</article-time><article-author>Kurir</article-author><article-text>"Engels je, podstaknut visokim mišljenjem Getea, Hajnea i Herdera o srpskoj narodnoj poeziji, počeo da uči srpski jezik, ali nije oduševljen – u svemu vidi produženu rusku ruku i ništa više".  Karl Marks jedno je od najzvučnijih imena svetske istorije. Uz njegovo ime često stoji i revolucionar, filozof, mislilac i socijalista. Jedno od njegovih najpoznatijih dela, poznato gotovo kao i njegovo ime, "Kapital" antikapitalističko je, a ujedno i temelj modernog internacionalnog komunizma. Budući da je u svojim delima davao sasvim drugačiji pogled na svet i društvo, novu interpretaciju svetske istorije, te se bavio analizom društvenih odnosa, jedan je od utemeljivača nove sociologije, prenosi Espreso.rs.    Smatra se kako je Marks, kao pisac, izvršio najveći uticaj na svetsku istoriju. Teško je izdvojiti koje od njegovih dela je najuticajnije. Iz njegovih dela i interpretacije njegove misli nastao je jedan od najdominantnijih pravaca svetske istorije: marksizam. Komunistički manifest, takođe jedno od značajnih Marksovih dela, daje nam uvid u to kako je on zamišljao novo komunističko društvo. Na toj misli radio je zajedno sa Engelsom. Osnovne ideje Manifesta kasnije će inspirisati nastanak i širenje komunističkog pokreta, pojavu socijalističkih revolucija i razvoj socijalizma u svetu. Marks i Engels svojevremenu su i među Srbima imali status polubogova. Iz sveg glasa pevalo se "Ne veruj u nebesa, no u Marksa i Engelsa". U to vreme ono što su pisali o Srbima gurano je pod tepih. Srbi su nekritički zavoleli Marksa i Engelsa. Previđajući, kako su oni o Srbima pisali sa omalovažavanjem i pakošću.  Engels je, podstaknut visokim mišljenjem Getea, Hajnea i Herdera o srpskoj narodnoj poeziji, počeo da uči srpski jezik, ali nije oduševljen - u svemu vidi produženu rusku ruku i ništa više. Engels je bio vrli poznavalac srpske istorije, znao je za srpsku srednjovekovnu državu, za sve borbe Srba za slobodu od otomanskog zla, ali ipak i on i Marks ostaju pri svojim krutim etno-sociološkim šemama o narodima u Evropi. Oni su evropske narode svrstavali u dve velike grupe: s jedne strane kulturni narodi nosioci kulturnog, civilizacijskog i privrednog napretka (u kojima će po njihovom ,,proročanstvu" najbrže doći do korenitih, revolucionarnih promena, budući da je u njima i proleterijat najmasovniji). To su bili keltsko-romanski-germanski narodi Zapadne Evrope (Englezi, Francuzi, Nemci), a od Slovena jedino Poljaci. S druge strane tu su manje više ,,varvarski otpatci naroda", Rumuni, Grci, Južni Sloveni itd., pa čak i Rusi, pisali su Marks i Engels.  </article-text><article-text-transliterated>"Engels je, podstaknut visokim mišljenjem Getea, Hajnea i Herdera o srpskoj narodnoj poeziji, počeo da uči srpski jezik, ali nije oduševljen – u svemu vidi produženu rusku ruku i ništa više".  Karl Marks jedno je od najzvučnijih imena svetske istorije. Uz njegovo ime često stoji i revolucionar, filozof, mislilac i socijalista. Jedno od njegovih najpoznatijih dela, poznato gotovo kao i njegovo ime, "Kapital" antikapitalističko je, a ujedno i temelj modernog internacionalnog komunizma. Budući da je u svojim delima davao sasvim drugačiji pogled na svet i društvo, novu interpretaciju svetske istorije, te se bavio analizom društvenih odnosa, jedan je od utemeljivača nove sociologije, prenosi Espreso.rs.    Smatra se kako je Marks, kao pisac, izvršio najveći uticaj na svetsku istoriju. Teško je izdvojiti koje od njegovih dela je najuticajnije. Iz njegovih dela i interpretacije njegove misli nastao je jedan od najdominantnijih pravaca svetske istorije: marksizam. Komunistički manifest, takođe jedno od značajnih Marksovih dela, daje nam uvid u to kako je on zamišljao novo komunističko društvo. Na toj misli radio je zajedno sa Engelsom. Osnovne ideje Manifesta kasnije će inspirisati nastanak i širenje komunističkog pokreta, pojavu socijalističkih revolucija i razvoj socijalizma u svetu. Marks i Engels svojevremenu su i među Srbima imali status polubogova. Iz sveg glasa pevalo se "Ne veruj u nebesa, no u Marksa i Engelsa". U to vreme ono što su pisali o Srbima gurano je pod tepih. Srbi su nekritički zavoleli Marksa i Engelsa. Previđajući, kako su oni o Srbima pisali sa omalovažavanjem i pakošću.  Engels je, podstaknut visokim mišljenjem Getea, Hajnea i Herdera o srpskoj narodnoj poeziji, počeo da uči srpski jezik, ali nije oduševljen - u svemu vidi produženu rusku ruku i ništa više. Engels je bio vrli poznavalac srpske istorije, znao je za srpsku srednjovekovnu državu, za sve borbe Srba za slobodu od otomanskog zla, ali ipak i on i Marks ostaju pri svojim krutim etno-sociološkim šemama o narodima u Evropi. Oni su evropske narode svrstavali u dve velike grupe: s jedne strane kulturni narodi nosioci kulturnog, civilizacijskog i privrednog napretka (u kojima će po njihovom ,,proročanstvu" najbrže doći do korenitih, revolucionarnih promena, budući da je u njima i proleterijat najmasovniji). To su bili keltsko-romanski-germanski narodi Zapadne Evrope (Englezi, Francuzi, Nemci), a od Slovena jedino Poljaci. S druge strane tu su manje više ,,varvarski otpatci naroda", Rumuni, Grci, Južni Sloveni itd., pa čak i Rusi, pisali su Marks i Engels.  </article-text-transliterated><comment-list><comments comment-id="1"><comment-parent-id>empty</comment-parent-id><comment-text>Ruku na srce, koliko god surovo zvucalo, u pravu su. Evo 21. Vek je a mi se na Balkanu jos uvek sukobljavamo i ratujemo!</comment-text><comment-text-transliterated>Ruku na srce, koliko god surovo zvucalo, u pravu su. Evo 21. Vek je a mi se na Balkanu jos uvek sukobljavamo i ratujemo!</comment-text-transliterated></comments><comments comment-id="2"><comment-parent-id>empty</comment-parent-id><comment-text>onda bili u pravu..a sad je još gore</comment-text><comment-text-transliterated>onda bili u pravu..a sad je još gore</comment-text-transliterated></comments><comments comment-id="3"><comment-parent-id>empty</comment-parent-id><comment-text>Па и Карл Марк и Фридрих Енгелс су били западњаци који су поред револуционарних идеја и дела у себи били западњачки одгојени. Одрасли су на германској школи да мали и слаби немају право на сопствено мишљење, на слободу већ да су под туторством богатих и моћних земаља.</comment-text><comment-text-transliterated>Pa i Karl Mark i Fridrih Engels su bili zapadnjaci koji su pored revolucionarnih ideja i dela u sebi bili zapadnjački odgojeni. Odrasli su na germanskoj školi da mali i slabi nemaju pravo na sopstveno mišljenje, na slobodu već da su pod tutorstvom bogatih i moćnih zemalja.</comment-text-transliterated></comments><comments comment-id="4"><comment-parent-id>empty</comment-parent-id><comment-text>Marks i Engels su bili veliki mislioci svog vremena,ipak konacne misli(kao krajnji proizvod mislilaca) su im bile ispod nivoa naucne discipline. Ako je neko i procitao Kapital, mogao je da izvede zakljucak - da je njihov filozofski stil pretpostavka,a to je u konacnom efektu ravno nuli!</comment-text><comment-text-transliterated>Marks i Engels su bili veliki mislioci svog vremena,ipak konacne misli(kao krajnji proizvod mislilaca) su im bile ispod nivoa naucne discipline. Ako je neko i procitao Kapital, mogao je da izvede zakljucak - da je njihov filozofski stil pretpostavka,a to je u konacnom efektu ravno nuli!</comment-text-transliterated></comments><comments comment-id="5"><comment-parent-id>empty</comment-parent-id><comment-text>Nikada nisam voleo marksizam.</comment-text><comment-text-transliterated>Nikada nisam voleo marksizam.</comment-text-transliterated></comments><comments comment-id="6"><comment-parent-id>empty</comment-parent-id><comment-text>Marks i Engels omalovažavali su male narode, govoreći kako su nesposobni za oslobodilačku borbu.</comment-text><comment-text-transliterated>Marks i Engels omalovažavali su male narode, govoreći kako su nesposobni za oslobodilačku borbu.</comment-text-transliterated></comments><comments comment-id="7"><comment-parent-id>empty</comment-parent-id><comment-text>Sve je lepo receno.</comment-text><comment-text-transliterated>Sve je lepo receno.</comment-text-transliterated></comments><comments comment-id="8"><comment-parent-id>empty</comment-parent-id><comment-text>А ништа не рекоше о кубанском и корејском народу ? Баш штета, то су данас једина два места где бесмисао њихових размишљања и тзв. радова још постоји на делу, а ускоро ће и то нестати.  Према томе "дело" увек показује и доказује домет мисли, те њихове мисли апсолутно више немају никаквог практичног значаја. Осим пар теза које су преостале, можемо их слободно заборавити, као уосталом што су то и школски програми већ учинили.</comment-text><comment-text-transliterated>A ništa ne rekoše o kubanskom i korejskom narodu ? Baš šteta, to su danas jedina dva mesta gde besmisao njihovih razmišljanja i tzv. radova još postoji na delu, a uskoro će i to nestati.  Prema tome "delo" uvek pokazuje i dokazuje domet misli, te njihove misli apsolutno više nemaju nikakvog praktičnog značaja. Osim par teza koje su preostale, možemo ih slobodno zaboraviti, kao uostalom što su to i školski programi već učinili.</comment-text-transliterated></comments><comments comment-id="9"><comment-parent-id>empty</comment-parent-id><comment-text>Marksizam nije moguce sprovesti u praksu.....to je bilo mlacenje prazne slame dece ciji su roditelji bili bogatasi i nisu razumeli kako zive siromasni i kako se stvara pocetni kapital.</comment-text><comment-text-transliterated>Marksizam nije moguce sprovesti u praksu.....to je bilo mlacenje prazne slame dece ciji su roditelji bili bogatasi i nisu razumeli kako zive siromasni i kako se stvara pocetni kapital.</comment-text-transliterated></comments></comment-list></article><comments><comment-count>9</comment-count></comments></document>