<document global_id="sr-03-76"><url>https://www.kurir.rs/stars/rijaliti/3163529/istetovirana-je-ima-probusen-jezik-a-dosla-je-ovde-da-se-dzaba-hrani-milija-ova-seksi-crnka-dovodi-do-ludila-pa-je-osuo-paljbu</url><source-id>03</source-id><local-id>76</local-id><source-name>kurir</source-name><article><article-title> ISTETOVIRANA JE, IMA PROBUŠEN JEZIK, A DOŠLA JE OVDE DA SE DŽABA HRANI</article-title><article-time> 2018-11-28</article-time><article-author>Kurir</article-author><article-text>.  Milutin Radosavljević Mili je osuo paljbu po Izabeli Anderson, iako za nju mnogi misle da je jedna od najatraktivnijih učesnica ove sezone rijalitija. On je objasnio da pored toga što ne izgleda odlično, Izabela nikada nije aktivna za stolom.    "Ovo je sajam ludaka. Ovde nas pet smo aktivni za stolom a ovi ostali ništa. Evo ova istetovirana kao "likovna kolonija" samo sedi ovde, svaka Šveđanka je na isti kalup, probušen jezik, istetovirana, samo se ovde za džaba hrane. Imaš krakate noge, misliš da si riba", izjavio je on. Kurir.rs, Foto: Printscreen  </article-text><article-text-transliterated>.  Milutin Radosavljević Mili je osuo paljbu po Izabeli Anderson, iako za nju mnogi misle da je jedna od najatraktivnijih učesnica ove sezone rijalitija. On je objasnio da pored toga što ne izgleda odlično, Izabela nikada nije aktivna za stolom.    "Ovo je sajam ludaka. Ovde nas pet smo aktivni za stolom a ovi ostali ništa. Evo ova istetovirana kao "likovna kolonija" samo sedi ovde, svaka Šveđanka je na isti kalup, probušen jezik, istetovirana, samo se ovde za džaba hrane. Imaš krakate noge, misliš da si riba", izjavio je on. Kurir.rs, Foto: Printscreen  </article-text-transliterated><comment-list /></article><comments><comment-count>0</comment-count></comments></document>