<document global_id="sr-03-134"><url>https://www.kurir.rs/sport/fudbal/2896099/traze-ostru-kaznu-zbog-vredjanja-sudije-mazica-ulicarski-jezik-iz-vose-treba-kazniti</url><source-id>03</source-id><local-id>134</local-id><source-name>kurir</source-name><article><article-title> TRAŽE OŠTRU KAZNU ZBOG VREĐANJA SUDIJE MAŽIĆA</article-title><article-time> 2017-08-15</article-time><article-author>Kurir</article-author><article-text>Zajednica superligaša traži oštru reakciju FSS zbog neprimerenih reči funkcionera Vojvodine.  Dva dana nakon što je čelnik Vojvodine Dragoslav Vuković sudiju Milorada Mažića nazvao „fudbalskim banditom“, oglasio se i prvi čovek Superlige.  Vladimir Bulatović najavio je kaznu za Vukovića zbog komentarisanja suđenja i korišćenja uličarskog jezika.    - Predsednik Nadzornog odbora Vojvodine prekršio je disciplinu i narušio integritet lige. Komentarisanje suđenja je kažnjivo, a pogotovo nije prihvatljiv uličarski jezik, kakav smo mogli da čujemo u odjavi derbija petog kola. Voleo bih da Disciplinska komisija izrekne sankciju za primer, pogotovo što se u ovom slučaju radi o eklatantnom primeru narušavanja ugleda takmičenja i Milorada Mažića, čoveka iz vrha svetskog suđenja, svetle tačke Superlige u Evropi. Da sve bude poraznije, gledao sam meč na „Karađorđu“ i na licu mesta se uverio da je suđenje bilo perfektno. Kao i uvek u Mažićevoj režiji - rekao je Bulatović za Sportski žurnal.  Kurir / S. R. Foto: Dado Đilas       Autor:Foto: Dado Đilas    </article-text><article-text-transliterated>Zajednica superligaša traži oštru reakciju FSS zbog neprimerenih reči funkcionera Vojvodine.  Dva dana nakon što je čelnik Vojvodine Dragoslav Vuković sudiju Milorada Mažića nazvao „fudbalskim banditom“, oglasio se i prvi čovek Superlige.  Vladimir Bulatović najavio je kaznu za Vukovića zbog komentarisanja suđenja i korišćenja uličarskog jezika.    - Predsednik Nadzornog odbora Vojvodine prekršio je disciplinu i narušio integritet lige. Komentarisanje suđenja je kažnjivo, a pogotovo nije prihvatljiv uličarski jezik, kakav smo mogli da čujemo u odjavi derbija petog kola. Voleo bih da Disciplinska komisija izrekne sankciju za primer, pogotovo što se u ovom slučaju radi o eklatantnom primeru narušavanja ugleda takmičenja i Milorada Mažića, čoveka iz vrha svetskog suđenja, svetle tačke Superlige u Evropi. Da sve bude poraznije, gledao sam meč na „Karađorđu“ i na licu mesta se uverio da je suđenje bilo perfektno. Kao i uvek u Mažićevoj režiji - rekao je Bulatović za Sportski žurnal.  Kurir / S. R. Foto: Dado Đilas       Autor:Foto: Dado Đilas    </article-text-transliterated><comment-list /></article><comments><comment-count>0</comment-count></comments></document>