<document global_id="sr-03-132"><url>https://www.kurir.rs/planeta/2906079/iskrena-ispovest-nemackih-gastarbajtera-plata-jeste-dobra-ali-je-zato-jezik-tezak-a-nemci-hladni-nije-nam-lako</url><source-id>03</source-id><local-id>132</local-id><source-name>kurir</source-name><article><article-title> ISKRENA ISPOVEST NEMAČKIH GASTARBAJTERA</article-title><article-time> 2017-09-07</article-time><article-author>Kurir</article-author><article-text>.  Radna snaga iz inostranstva – i to ona visokokvalifikovana – hvali nemačku privredu. Međutim, koliko god da su plate dobre, a sigurnost zagarantovana, Nemačka ipak pada na listi popularnosti kao mesta za rad.    Nemačka je veoma omiljena kod "ekspata“ – tako se kaže za visokokvalifikovanu radnu snagu iz inostranstva. Dve trećine strane radne snage hvali pre svega natprosečnu poslovnu sigurnost u Nemačkoj. Uz to, više od polovine "ekspata“ izjavljuje da su u Nemačkoj bolje plaćeni nego u svojim zemljama.  Do tih podataka došlo se u istraživanju "Expat Insider 2017“, koje je predstavila firma iz Minhena „InterNations“. Ona uređuje društvenu mrežu za "ekspate“. Kako navodi ta firma, to je najveće istraživanje koje se tiče života i rada u inostranstvu. Ispitano je više od 12.000 ljudi. Popularnost Nemačke, kao mesta za rad opada. Među 65 nacija, ona je na 23. mestu i tako je treći put zaredom nazadovala na listi. Za to nije kriva samo klima u Nemačkoj, kojom su mnogi strani radnici nezadovoljni. Dok radno tržište važi za veoma atraktivno, nemačko društvo se u međunarodnom poređenju doživljava kao najmanje gostoprimljivo. To pokazuju odgovori 800 ispitanika u Nemačkoj, koji najvećim delom dolaze iz SAD i Velike Britanije. Prognoza stručnjaka je zabrinjavajuća: jedni su prestari za neki posao, drugima nedostaje stručno znanje. Do 2040. godine bi Nemačkoj moglo da nedostaje čak 3,3 miliona stručnih radnika.  Hladni Nemci, težak jezik Studija je obuhvatile brojne aspekte kao što su kvalitet života, privikavanje na novu sredinu, posao, porodični život i finansije. U principu osam od deset ispitanika zadovoljno je Nemačkom. Kada je reč o životnom kvalitetu, Nemačka je dostigla deseto mesto, a što se tiče mobilnosti čak peto. Naročito loše je, međutim, ocenjena kada se radi o "privikavanju na tuđu zemlju“: sa 56. pala je na 65. mesto, iza Rusije i Poljske, a tik ispred Saudijske Arabije. Sedmoro od deset anketiranih, Nemce su opisali kao "rezervisane“. Više od polovine priznalo je da im je teško da nađu nemačke prijatelje – sa 59, pad na 65. mesto. Problem ne može da bude samo u "ekspatima“. Problem da nađe prijatelje ima i 43 odsto Nemaca koji rade u inostranstvu. Gosti u Nemačkoj, kao veliku prepreku, pre svega ističu težak jezik. Pojedini ispitanici smatraju da Nemci nisu preterano predusretljivi kada čuju strani akcenat. Uostalom, demohrišćanski političar Jens Špan (CDU) nedavno se požalio na sve veći broj "hipstera“ koji govore engleski jezik.  Takođe i Austrija (64. mesto), Švajcarska (61. mesto) i skandinavske zemlje važe za manje pristupačne za strance, naročito u poređenju sa pojedinim zemljama Centralne Amerike. Pobednik Bahrein, gubitnik Grčka Na internacionalnom nivou prvo mesto zauzeo je Bahrein, ispred Kostarike i Meksika, zemalja čiji su klima i gostoprimstvo jako dobro ocenjeni. Bahrein zato prednjači kada je reč o ravnoteži između života, posla i privikavanja na novu sredinu: dve trećine anketiranih izjavilo je da se odlično snalazi samo s engleskim jezikom. Za čitavih sedamnaest mesta, u odnosu na prošlu godinu, nazadovale su SAD, koje su sada na 43. mestu. Glavni razlog za to je „politička stabilnost“, aspekt koji je u odnosu na prošlu godinu slabiji za preko 30 odsto. Uz to, SAD su zauzele poslednje mesto kada je reč o „troškovima čuvanja dece i obrazovanja“. Međutim, kada se svi aspekti uzmu u obzir, poslednje mesto zauzela je krizom pogođena Grčka. Plate su, kažu ispitanici, jednostavno suviše male. Kurir.rs/ Dojče vele Foto: Profimedia  </article-text><article-text-transliterated>.  Radna snaga iz inostranstva – i to ona visokokvalifikovana – hvali nemačku privredu. Međutim, koliko god da su plate dobre, a sigurnost zagarantovana, Nemačka ipak pada na listi popularnosti kao mesta za rad.    Nemačka je veoma omiljena kod "ekspata“ – tako se kaže za visokokvalifikovanu radnu snagu iz inostranstva. Dve trećine strane radne snage hvali pre svega natprosečnu poslovnu sigurnost u Nemačkoj. Uz to, više od polovine "ekspata“ izjavljuje da su u Nemačkoj bolje plaćeni nego u svojim zemljama.  Do tih podataka došlo se u istraživanju "Expat Insider 2017“, koje je predstavila firma iz Minhena „InterNations“. Ona uređuje društvenu mrežu za "ekspate“. Kako navodi ta firma, to je najveće istraživanje koje se tiče života i rada u inostranstvu. Ispitano je više od 12.000 ljudi. Popularnost Nemačke, kao mesta za rad opada. Među 65 nacija, ona je na 23. mestu i tako je treći put zaredom nazadovala na listi. Za to nije kriva samo klima u Nemačkoj, kojom su mnogi strani radnici nezadovoljni. Dok radno tržište važi za veoma atraktivno, nemačko društvo se u međunarodnom poređenju doživljava kao najmanje gostoprimljivo. To pokazuju odgovori 800 ispitanika u Nemačkoj, koji najvećim delom dolaze iz SAD i Velike Britanije. Prognoza stručnjaka je zabrinjavajuća: jedni su prestari za neki posao, drugima nedostaje stručno znanje. Do 2040. godine bi Nemačkoj moglo da nedostaje čak 3,3 miliona stručnih radnika.  Hladni Nemci, težak jezik Studija je obuhvatile brojne aspekte kao što su kvalitet života, privikavanje na novu sredinu, posao, porodični život i finansije. U principu osam od deset ispitanika zadovoljno je Nemačkom. Kada je reč o životnom kvalitetu, Nemačka je dostigla deseto mesto, a što se tiče mobilnosti čak peto. Naročito loše je, međutim, ocenjena kada se radi o "privikavanju na tuđu zemlju“: sa 56. pala je na 65. mesto, iza Rusije i Poljske, a tik ispred Saudijske Arabije. Sedmoro od deset anketiranih, Nemce su opisali kao "rezervisane“. Više od polovine priznalo je da im je teško da nađu nemačke prijatelje – sa 59, pad na 65. mesto. Problem ne može da bude samo u "ekspatima“. Problem da nađe prijatelje ima i 43 odsto Nemaca koji rade u inostranstvu. Gosti u Nemačkoj, kao veliku prepreku, pre svega ističu težak jezik. Pojedini ispitanici smatraju da Nemci nisu preterano predusretljivi kada čuju strani akcenat. Uostalom, demohrišćanski političar Jens Špan (CDU) nedavno se požalio na sve veći broj "hipstera“ koji govore engleski jezik.  Takođe i Austrija (64. mesto), Švajcarska (61. mesto) i skandinavske zemlje važe za manje pristupačne za strance, naročito u poređenju sa pojedinim zemljama Centralne Amerike. Pobednik Bahrein, gubitnik Grčka Na internacionalnom nivou prvo mesto zauzeo je Bahrein, ispred Kostarike i Meksika, zemalja čiji su klima i gostoprimstvo jako dobro ocenjeni. Bahrein zato prednjači kada je reč o ravnoteži između života, posla i privikavanja na novu sredinu: dve trećine anketiranih izjavilo je da se odlično snalazi samo s engleskim jezikom. Za čitavih sedamnaest mesta, u odnosu na prošlu godinu, nazadovale su SAD, koje su sada na 43. mestu. Glavni razlog za to je „politička stabilnost“, aspekt koji je u odnosu na prošlu godinu slabiji za preko 30 odsto. Uz to, SAD su zauzele poslednje mesto kada je reč o „troškovima čuvanja dece i obrazovanja“. Međutim, kada se svi aspekti uzmu u obzir, poslednje mesto zauzela je krizom pogođena Grčka. Plate su, kažu ispitanici, jednostavno suviše male. Kurir.rs/ Dojče vele Foto: Profimedia  </article-text-transliterated><comment-list><comments comment-id="1"><comment-parent-id>empty</comment-parent-id><comment-text>Nemacki nije nista specijalno tezak za ucenje</comment-text><comment-text-transliterated>Nemacki nije nista specijalno tezak za ucenje</comment-text-transliterated></comments><comments comment-id="2"><comment-parent-id>empty</comment-parent-id><comment-text>Rodjen sam u Nemackoj i znam da nemci nisu hladni.A kod gastarbajtera je problem da se uopste ne trude da upoznaju nemce i njihovu kulturu.</comment-text><comment-text-transliterated>Rodjen sam u Nemackoj i znam da nemci nisu hladni.A kod gastarbajtera je problem da se uopste ne trude da upoznaju nemce i njihovu kulturu.</comment-text-transliterated></comments><comments comment-id="3"><comment-parent-id>empty</comment-parent-id><comment-text>Nama je problem koji nemamo vizu a vi možete uvek da se vratite.Niko vas silom ne drži.</comment-text><comment-text-transliterated>Nama je problem koji nemamo vizu a vi možete uvek da se vratite.Niko vas silom ne drži.</comment-text-transliterated></comments><comments comment-id="4"><comment-parent-id>empty</comment-parent-id><comment-text>Па , вратите се у Србију , да уживате са 200 еврића , месечно !</comment-text><comment-text-transliterated>Pa , vratite se u Srbiju , da uživate sa 200 evrića , mesečno !</comment-text-transliterated></comments><comments comment-id="5"><comment-parent-id>empty</comment-parent-id><comment-text>Hladni?!?U kom smislu?Mislim da su apsolutno normalni.Za njih smo mi cudni.Jezik nije nista tezi od engleskog,recimo.</comment-text><comment-text-transliterated>Hladni?!?U kom smislu?Mislim da su apsolutno normalni.Za njih smo mi cudni.Jezik nije nista tezi od engleskog,recimo.</comment-text-transliterated></comments><comments comment-id="6"><comment-parent-id>empty</comment-parent-id><comment-text>A kad vam mi iz inostranstva pisemo i govorimo nije</comment-text><comment-text-transliterated>A kad vam mi iz inostranstva pisemo i govorimo nije</comment-text-transliterated></comments><comments comment-id="7"><comment-parent-id>empty</comment-parent-id><comment-text>I vi van I vi u Srbiji preterujete! Mogao bih da pišem o Nemcima jer živim  sa njima preko 30 god. Nešto vrlo bitno treba da se uzme u obzir , a to se retko čini . Nisu isti Nemci na severu kao Nemci na jugu ili istoku, zapadu. Nije ni standard isti, čak ima veće razlike u jeziku nego u bivšoj YU. Niti su oni toliko superiorni , niti su oni puno pametniji od nas . Ali zato su vaspitani da budu poslušni , što mi nismo. Manje obraćaju pažnju kako komšija živi a kamoli kako Srbi u Srbiji žive. Jednostavno ne opterećuju se bezvrednim (Po njih) stvarima. Mi se nažalost manje bavimo samim sebima ,više nam odgovaraju bajke koje sami Sebi sugerišemo. I naravno međusobno prepucavanje</comment-text><comment-text-transliterated>I vi van I vi u Srbiji preterujete! Mogao bih da pišem o Nemcima jer živim  sa njima preko 30 god. Nešto vrlo bitno treba da se uzme u obzir , a to se retko čini . Nisu isti Nemci na severu kao Nemci na jugu ili istoku, zapadu. Nije ni standard isti, čak ima veće razlike u jeziku nego u bivšoj YU. Niti su oni toliko superiorni , niti su oni puno pametniji od nas . Ali zato su vaspitani da budu poslušni , što mi nismo. Manje obraćaju pažnju kako komšija živi a kamoli kako Srbi u Srbiji žive. Jednostavno ne opterećuju se bezvrednim (Po njih) stvarima. Mi se nažalost manje bavimo samim sebima ,više nam odgovaraju bajke koje sami Sebi sugerišemo. I naravno međusobno prepucavanje</comment-text-transliterated></comments></comment-list></article><comments><comment-count>7</comment-count></comments></document>