<document global_id="sr-03-57"><url>https://www.kurir.rs/zabava/pop-kultura/3322049/kusturica-odrzao-besedu-u-trsicu-vukov-jezik-postaje-zrtva-engleskog</url><source-id>03</source-id><local-id>57</local-id><source-name>kurir</source-name><article><article-title> KUSTURICA ODRŽAO BESEDU U TRŠIĆU</article-title><article-time> 2019-09-15</article-time><article-author>Kurir</article-author><article-text>On može da bude žrtva novog vremena, ali ono što je meni važno jeste da mi imamo pisce koji dobro pišu i koji uvek bivaju važniji za budućnost od onoga hejtovanja.  Na otvorenoj pozornici kraj Žeravije u Tršiću, kod Loznice, rodnom selu reformatora srpskog pisma i azbuke Vuka Stefanovića Karadžića, juče je održana završna svečanost 86. Vukovog sabora. Posle "Himne Vuku" Stevana Stojanovića Mokranjca i pozdravne reči Vidoja Petrovića, gradonačelnika Loznice, tradicionalnu saborsku besedu održao je reditelj Emir Kusturica.  U izjavi za medije datoj posle obraćanja istakao je da svaki put kad dođe u Beograd otkrije da je jedna nova engleska reč ušla u srpski jezik.     - Vukov jezik opstaje u nekoj čudnoj fuziji s engleskim, koji ga sve više napada. On može da bude žrtva novog vremena, ali ono što je meni važno jeste da mi imamo pisce koji dobro pišu i koji uvek bivaju važniji za budućnost od onoga hejtovanja, ili ne znam šta se sve koristi kao direktan prevod s engleskog. Imamo dobre pisce i ipak će literatura biti ta koja će u budućnosti biti presudna za pamćenje koje se odvija na osnovi dostignuća Vuka Karadžića - kazao je Kusturica.  </article-text><article-text-transliterated>On može da bude žrtva novog vremena, ali ono što je meni važno jeste da mi imamo pisce koji dobro pišu i koji uvek bivaju važniji za budućnost od onoga hejtovanja.  Na otvorenoj pozornici kraj Žeravije u Tršiću, kod Loznice, rodnom selu reformatora srpskog pisma i azbuke Vuka Stefanovića Karadžića, juče je održana završna svečanost 86. Vukovog sabora. Posle "Himne Vuku" Stevana Stojanovića Mokranjca i pozdravne reči Vidoja Petrovića, gradonačelnika Loznice, tradicionalnu saborsku besedu održao je reditelj Emir Kusturica.  U izjavi za medije datoj posle obraćanja istakao je da svaki put kad dođe u Beograd otkrije da je jedna nova engleska reč ušla u srpski jezik.     - Vukov jezik opstaje u nekoj čudnoj fuziji s engleskim, koji ga sve više napada. On može da bude žrtva novog vremena, ali ono što je meni važno jeste da mi imamo pisce koji dobro pišu i koji uvek bivaju važniji za budućnost od onoga hejtovanja, ili ne znam šta se sve koristi kao direktan prevod s engleskog. Imamo dobre pisce i ipak će literatura biti ta koja će u budućnosti biti presudna za pamćenje koje se odvija na osnovi dostignuća Vuka Karadžića - kazao je Kusturica.  </article-text-transliterated><comment-list /></article><comments><comment-count>0</comment-count></comments></document>