<document global_id="sr-03-64"><url>https://www.kurir.rs/zabava/pop-kultura/3304589/princeza-sarlot-isplazila-jezik-svima-koji-su-je-snimali-a-hari-je-uradio-isto-roditelji-sirom-sveta-odusevljeni-reakcijom-kejt-midlton-foto</url><source-id>03</source-id><local-id>64</local-id><source-name>kurir</source-name><article><article-title> PRINCEZA ŠARLOT ISPLAZILA JEZIK SVIMA KOJI SU JE SNIMALI, A HARI JE URADIO ISTO! Roditelji širom sveta ODUŠEVL,</article-title><article-time> 2019-08-17</article-time><article-author>Kurir</article-author><article-text>.  Deca su nestašna i svojeglava, bez izuzetka i roditelji često moraju da se dovijaju da nađu način da ih kontrolišu. Ni maleni kraljevići nisu izuzetak, pa se Kejt Midlton našla u neprijatnoj situaciji kada se njena ćerka Šarlot isplazila svim prisutnim zvanicama na skupu na kom su prisustvovali. Ipak, roditelji širom sveta su oduševljeni njenom reakcijom i hvale je jer misle da je postupila ispravno i primereno.   #new The Cambridges #katemiddleton #duchessofcambridge #catherineelizabethmiddleton #catherinemiddleton #princewilliam #dukeofcambridge #princegeorge #princesscharlotte #princelouis #cambridge #kensingtonroyal #kensingtonpalace #princessdiana pic.twitter.com/XyTAHnG7r0 — Kate Middleton (@secretofellie) 08. август 2019.    Naime, Kejt je ovo bilo simpatično i čak se i sama nasmejala ovom nestašluku temperamentne princeze Šarlot. Komentari su pozdravili reakciju Kejt Midlton jer decu je teško kontrolisati. Neki su napisali kako se dive devojčici što može da pokaže jezik i da bi se i oni vrlo rado isplazili na nekoga. Kejt je odreagovala veoma elegantno i pribrano po njihovom mišljenju. Za princezu su rekli da ona ima humor svog oca Vilijama i bake Dajane,a da je slične nestašluke radio i Džordž i da isto očekuju i od Luisa kada još malo poraste. Korisnici društvene mreže Tviter su oduševljeni Šarlotinim ispadom i prisetili su se da je istu stvar uradio i njen stric princ Hari kada je bio njenih godina.   Like niece like uncle #PrinceHarry #PrincessCharlotte pic.twitter.com/Q6eKlRc1mU — نــدى (@iNada_00) 09. август 2019.    Kurir.rs/Foto: Profimedia  </article-text><article-text-transliterated>.  Deca su nestašna i svojeglava, bez izuzetka i roditelji često moraju da se dovijaju da nađu način da ih kontrolišu. Ni maleni kraljevići nisu izuzetak, pa se Kejt Midlton našla u neprijatnoj situaciji kada se njena ćerka Šarlot isplazila svim prisutnim zvanicama na skupu na kom su prisustvovali. Ipak, roditelji širom sveta su oduševljeni njenom reakcijom i hvale je jer misle da je postupila ispravno i primereno.   #new The Cambridges #katemiddleton #duchessofcambridge #catherineelizabethmiddleton #catherinemiddleton #princewilliam #dukeofcambridge #princegeorge #princesscharlotte #princelouis #cambridge #kensingtonroyal #kensingtonpalace #princessdiana pic.twitter.com/XyTAHnG7r0 — Kate Middleton (@secretofellie) 08. avgust 2019.    Naime, Kejt je ovo bilo simpatično i čak se i sama nasmejala ovom nestašluku temperamentne princeze Šarlot. Komentari su pozdravili reakciju Kejt Midlton jer decu je teško kontrolisati. Neki su napisali kako se dive devojčici što može da pokaže jezik i da bi se i oni vrlo rado isplazili na nekoga. Kejt je odreagovala veoma elegantno i pribrano po njihovom mišljenju. Za princezu su rekli da ona ima humor svog oca Vilijama i bake Dajane,a da je slične nestašluke radio i Džordž i da isto očekuju i od Luisa kada još malo poraste. Korisnici društvene mreže Tviter su oduševljeni Šarlotinim ispadom i prisetili su se da je istu stvar uradio i njen stric princ Hari kada je bio njenih godina.   Like niece like uncle #PrinceHarry #PrincessCharlotte pic.twitter.com/Q6eKlRc1mU — نــدى (@iNada_00) 09. avgust 2019.    Kurir.rs/Foto: Profimedia  </article-text-transliterated><comment-list /></article><comments><comment-count>0</comment-count></comments></document>