<document global_id="sr-03-67"><url>https://www.kurir.rs/zabava/pop-kultura/3289155/trebalo-im-je-skoro-pune-3-godine-andjelina-i-bred-nasli-zajednicki-jezik-svi-detalji-dogovora-o-starateljstvu-posle-sok-razvoda</url><source-id>03</source-id><local-id>67</local-id><source-name>kurir</source-name><article><article-title> TREBALO IM JE SKORO PUNE 3 GODINE! Anđelina i Bred našli zajednički jezik</article-title><article-time> 2019-07-20</article-time><article-author>Kurir</article-author><article-text>.  Anđelini Džoli i Bredu Pitu trebalo je nešto više od dve i po godine da se dogovore oko starateljstva, otkako su prekinuli jednu od najvećih ljubavi iz Holivuda. Buran razvod podigao je ogromnu prašinu, a tek prljavštine oko njega, verovatno su ih ometali u tome da pronađu zajednički jezik te nađu najsrećnije rešenje za svoju porodicu.  </article-text><article-text-transliterated>.  Anđelini Džoli i Bredu Pitu trebalo je nešto više od dve i po godine da se dogovore oko starateljstva, otkako su prekinuli jednu od najvećih ljubavi iz Holivuda. Buran razvod podigao je ogromnu prašinu, a tek prljavštine oko njega, verovatno su ih ometali u tome da pronađu zajednički jezik te nađu najsrećnije rešenje za svoju porodicu.  </article-text-transliterated><comment-list><comments comment-id="1"><comment-parent-id>empty</comment-parent-id><comment-text>Kakva je ova karikatura od zene !!</comment-text><comment-text-transliterated>Kakva je ova karikatura od zene !!</comment-text-transliterated></comments></comment-list></article><comments><comment-count>1</comment-count></comments></document>