<document global_id="sr-03-18"><url>https://www.kurir.rs/planeta/2098125/rogozin-ismejao-hrvatskog-ministra-zbog-srbije-kotromanicu-jezik-ti-je-kao-kravata</url><source-id>03</source-id><local-id>18</local-id><source-name>kurir</source-name><article><article-title> ROGOZIN ISMEJAO HRVATSKOG MINISTRA</article-title><article-time> 2016-01-17</article-time><article-author>Kurir</article-author><article-text>Potpredsednik ruske vlade Dmitrij Rogozin reagovao je na izjavu hrvatskog ministra odbrane Ante Kotromanovića da Srbija neće moći da uđe u EU ako bude kupovala rusko oružje, rekavši da mu "jezik landara kao kravata"..  "Kaže da Srbija neće u EU ako bude kupovala rusko oružje? Tom čoveku jezik landara kao kravata!", napisao je Rogozin na svom Fejsbuk nalogu, prenosi "Jutarnji list". Tokom nedavne Rogozinove posete Srbiji razgovarano je, između ostalog, i o vojno-tehničkoj saradnji.      @interfax_news Судя по смелости высказывания хорватского министра обороны, у него язык болтается как галстук  — Dmitry Rogozin (@Rogozin) January 17, 2016    Rogozin je tada rekao da Rusija ni sa kakvim optimizmom ne gleda na pokušaj militarizacije regiona Balkana, a komentarišući to što se Hrvatska naoružava balističkim raketama, on je rekao da Rusiji "nije svejedno kada je reč o bezbednosti prijatelja Srbije".       Autor:Tanjug    </article-text><article-text-transliterated>Potpredsednik ruske vlade Dmitrij Rogozin reagovao je na izjavu hrvatskog ministra odbrane Ante Kotromanovića da Srbija neće moći da uđe u EU ako bude kupovala rusko oružje, rekavši da mu "jezik landara kao kravata"..  "Kaže da Srbija neće u EU ako bude kupovala rusko oružje? Tom čoveku jezik landara kao kravata!", napisao je Rogozin na svom Fejsbuk nalogu, prenosi "Jutarnji list". Tokom nedavne Rogozinove posete Srbiji razgovarano je, između ostalog, i o vojno-tehničkoj saradnji.      @interfax_news Sudя po smelosti vыskazыvaniя horvatskogo ministra oboronы, u nego яzыk boltaetsя kak galstuk  — Dmitry Rogozin (@Rogozin) January 17, 2016    Rogozin je tada rekao da Rusija ni sa kakvim optimizmom ne gleda na pokušaj militarizacije regiona Balkana, a komentarišući to što se Hrvatska naoružava balističkim raketama, on je rekao da Rusiji "nije svejedno kada je reč o bezbednosti prijatelja Srbije".       Autor:Tanjug    </article-text-transliterated><comment-list><comments comment-id="1"><comment-parent-id>empty</comment-parent-id><comment-text>Kotromanoviću zar ti naša kupovina oružja od Rusije NE GOVORI</comment-text><comment-text-transliterated>Kotromanoviću zar ti naša kupovina oružja od Rusije NE GOVORI</comment-text-transliterated></comments><comments comment-id="2"><comment-parent-id>empty</comment-parent-id><comment-text>Hhhhaaaa hhhaaaaa, upravo tako!!!!</comment-text><comment-text-transliterated>Hhhhaaaa hhhaaaaa, upravo tako!!!!</comment-text-transliterated></comments><comments comment-id="3"><comment-parent-id>empty</comment-parent-id><comment-text>Zar ce Srbija u EU? Ovaj Hrvatski ministar odbrane ocigledno ima paranoju.</comment-text><comment-text-transliterated>Zar ce Srbija u EU? Ovaj Hrvatski ministar odbrane ocigledno ima paranoju.</comment-text-transliterated></comments></comment-list></article><comments><comment-count>3</comment-count></comments></document>