<document global_id="sr-03-107"><url>https://www.kurir.rs/mundijal-2018/3072033/hrvati-pobesneli-na-ruse-na-mundijalu-se-koristi-srpskohrvatski-jezik-kockasti-se-u-ocaju-zalili-fifa-foto</url><source-id>03</source-id><local-id>107</local-id><source-name>kurir</source-name><article><article-title> HRVATI POBESNELI NA RUSE</article-title><article-time> 2018-06-20</article-time><article-author>Kurir</article-author><article-text>Čelnici Fudbalskog saveza Hrvatske poslali su oštar prigovor FIFA zbog natpisa ispred sale u kojoj se održavaju konferencije za medije..  Naime, na ulazi u salu za konferencije pisalo je da će prevod trenera i igrača biti između ostalog i na srpsko-hrvatskom jeziku. Čelni ljudi Saveza su se odmah pobunili, pa je u samoj sali taj natpis sklonjen. Nekoliko minuta kasnije, taj natpis je postavljen ispred sale što je izazvalo haos i na društvenim mrežama.    Na latinici su kao službeni jezici napisani engleski i španski, dok su na ćirilici ispisani ruski i srpsko-hrvatski. - Nakon što su fotoreporteri zamoljeni da napuste dvoranu, ispred sale sam ugledao natpis i šokirao se. Odmah sam fotografisao i to podelio na društvenim mrežama. Kako bi se Rusi osećali da im kao jezik piše ukrajinsko-ruski. A Ukrajincima tek to ne bi bilo drago. Kolega je pitao gospođu iz organizacionog odbora bi li im smetalo da piše na latinici ukrajinsko-ruski kad igra ruska reprezentacija. Ona mu je rekla da bi smetalo i tek onda je shvatila. Pravdala se da im je to neko doneo, da nisu znali, i da je FIFA odobrila. Nakon toga natpis je uklonjen - rekao je hrvatski novinar, a preneli tamošnji mediji. FSH je dobro upoznat sa celim slučajem, pa je odlučio da pošalje oštar prigovor. Sada se čeka odgovor iz FIFA. Kurir sport Foto: reuters  </article-text><article-text-transliterated>Čelnici Fudbalskog saveza Hrvatske poslali su oštar prigovor FIFA zbog natpisa ispred sale u kojoj se održavaju konferencije za medije..  Naime, na ulazi u salu za konferencije pisalo je da će prevod trenera i igrača biti između ostalog i na srpsko-hrvatskom jeziku. Čelni ljudi Saveza su se odmah pobunili, pa je u samoj sali taj natpis sklonjen. Nekoliko minuta kasnije, taj natpis je postavljen ispred sale što je izazvalo haos i na društvenim mrežama.    Na latinici su kao službeni jezici napisani engleski i španski, dok su na ćirilici ispisani ruski i srpsko-hrvatski. - Nakon što su fotoreporteri zamoljeni da napuste dvoranu, ispred sale sam ugledao natpis i šokirao se. Odmah sam fotografisao i to podelio na društvenim mrežama. Kako bi se Rusi osećali da im kao jezik piše ukrajinsko-ruski. A Ukrajincima tek to ne bi bilo drago. Kolega je pitao gospođu iz organizacionog odbora bi li im smetalo da piše na latinici ukrajinsko-ruski kad igra ruska reprezentacija. Ona mu je rekla da bi smetalo i tek onda je shvatila. Pravdala se da im je to neko doneo, da nisu znali, i da je FIFA odobrila. Nakon toga natpis je uklonjen - rekao je hrvatski novinar, a preneli tamošnji mediji. FSH je dobro upoznat sa celim slučajem, pa je odlučio da pošalje oštar prigovor. Sada se čeka odgovor iz FIFA. Kurir sport Foto: reuters  </article-text-transliterated><comment-list><comments comment-id="1"><comment-parent-id>empty</comment-parent-id><comment-text>Jezik je srpski a vi vas nazovite kako hocete i izvinite nam se sto ga koristite...</comment-text><comment-text-transliterated>Jezik je srpski a vi vas nazovite kako hocete i izvinite nam se sto ga koristite...</comment-text-transliterated></comments><comments comment-id="2"><comment-parent-id>empty</comment-parent-id><comment-text>kamo srece da je ostalo tako do danas,da smo svi skupa</comment-text><comment-text-transliterated>kamo srece da je ostalo tako do danas,da smo svi skupa</comment-text-transliterated></comments><comments comment-id="2-1"><comment-parent-id>2</comment-parent-id><comment-text>......" Sa hrvatima nikada" ,reče jedan srpski kralj !!!</comment-text><comment-text-transliterated>......" Sa hrvatima nikada" ,reče jedan srpski kralj !!!</comment-text-transliterated></comments><comments comment-id="2-2"><comment-parent-id>2</comment-parent-id><comment-text>Sa Hrvatima nikad, ni u EU, rekoh ja danas.</comment-text><comment-text-transliterated>Sa Hrvatima nikad, ni u EU, rekoh ja danas.</comment-text-transliterated></comments><comments comment-id="3"><comment-parent-id>empty</comment-parent-id><comment-text>Hahaha... Kako će sad kompleks da proradi...</comment-text><comment-text-transliterated>Hahaha... Kako će sad kompleks da proradi...</comment-text-transliterated></comments><comments comment-id="4"><comment-parent-id>empty</comment-parent-id><comment-text>Koji komplesasi.</comment-text><comment-text-transliterated>Koji komplesasi.</comment-text-transliterated></comments><comments comment-id="4-1"><comment-parent-id>4</comment-parent-id><comment-text>Koji iskomleksirani narod!</comment-text><comment-text-transliterated>Koji iskomleksirani narod!</comment-text-transliterated></comments><comments comment-id="5"><comment-parent-id>empty</comment-parent-id><comment-text>Bas su se utripovali.</comment-text><comment-text-transliterated>Bas su se utripovali.</comment-text-transliterated></comments><comments comment-id="6"><comment-parent-id>empty</comment-parent-id><comment-text>Ajde Hrvati ne pravite se nepismeni. Učili ste da čitate i pišete na tom jeziku a sada se pravite mutavi.</comment-text><comment-text-transliterated>Ajde Hrvati ne pravite se nepismeni. Učili ste da čitate i pišete na tom jeziku a sada se pravite mutavi.</comment-text-transliterated></comments><comments comment-id="7"><comment-parent-id>empty</comment-parent-id><comment-text>Niste vi zaboravili bukvar u ruke</comment-text><comment-text-transliterated>Niste vi zaboravili bukvar u ruke</comment-text-transliterated></comments><comments comment-id="8"><comment-parent-id>empty</comment-parent-id><comment-text>Pa Hrvatski jezik je nastao od Srpskohrvatskog( nasilno)..... šta im nije jasno?</comment-text><comment-text-transliterated>Pa Hrvatski jezik je nastao od Srpskohrvatskog( nasilno)..... šta im nije jasno?</comment-text-transliterated></comments><comments comment-id="9"><comment-parent-id>empty</comment-parent-id><comment-text>Pa i engleski u Engleskoj se razlikuje od engleskog u Americi. Kao i nemacki izmedju Austrije i Nemacke. Kao i spanski izmedju Meksika i Spanije. A gle cuda pa se niko ne zali?! Koji su to kompleksasi...</comment-text><comment-text-transliterated>Pa i engleski u Engleskoj se razlikuje od engleskog u Americi. Kao i nemacki izmedju Austrije i Nemacke. Kao i spanski izmedju Meksika i Spanije. A gle cuda pa se niko ne zali?! Koji su to kompleksasi...</comment-text-transliterated></comments><comments comment-id="10"><comment-parent-id>empty</comment-parent-id><comment-text>Srpski je napola turski</comment-text><comment-text-transliterated>Srpski je napola turski</comment-text-transliterated></comments><comments comment-id="10-1"><comment-parent-id>10</comment-parent-id><comment-text>СРпски језик има преко 7000 речи,од тога је једва 400 турцизама.</comment-text><comment-text-transliterated>SRpski jezik ima preko 7000 reči,od toga je jedva 400 turcizama.</comment-text-transliterated></comments><comments comment-id="10-2"><comment-parent-id>10</comment-parent-id><comment-text>.....a "hrvatski" jezik je 90% srpski pa se vi koprcajte...šta ste odrekli čakavsko i kajkavskog jezika prvobitni jezik Hrvata na malim prostorima današnje Hrvatske. Ne ludujte nego menjajte srpski u hravatski ako se setite....vrabac= sitnopernati zrnojedac !!!</comment-text><comment-text-transliterated>.....a "hrvatski" jezik je 90% srpski pa se vi koprcajte...šta ste odrekli čakavsko i kajkavskog jezika prvobitni jezik Hrvata na malim prostorima današnje Hrvatske. Ne ludujte nego menjajte srpski u hravatski ako se setite....vrabac= sitnopernati zrnojedac !!!</comment-text-transliterated></comments><comments comment-id="10-3"><comment-parent-id>10</comment-parent-id><comment-text>BArem nije ceo Srpski kao vas,pismo ukrali jezik ukrali jedino narecje je ostalo</comment-text><comment-text-transliterated>BArem nije ceo Srpski kao vas,pismo ukrali jezik ukrali jedino narecje je ostalo</comment-text-transliterated></comments><comments comment-id="10-4"><comment-parent-id>10</comment-parent-id><comment-text>Najbolji pokazatelj da ste i sami svesni srpskog porekla jezika kojim govorite je da vec 100 godina besomucno izmisljate nove reci i izraze kojima bi vestacki napravili sto vecu distancu od srpskog i tako zagovarali postojanje nekakvog "hrvatskog" jezika.A ako si mislio da je "hrvatski" postedjen turcizama,prostudiraj malo turski,iznenadices se.Recimo,kat ( sprat ),mislio si da je hrvatska rec?E,pa,pogresio si.</comment-text><comment-text-transliterated>Najbolji pokazatelj da ste i sami svesni srpskog porekla jezika kojim govorite je da vec 100 godina besomucno izmisljate nove reci i izraze kojima bi vestacki napravili sto vecu distancu od srpskog i tako zagovarali postojanje nekakvog "hrvatskog" jezika.A ako si mislio da je "hrvatski" postedjen turcizama,prostudiraj malo turski,iznenadices se.Recimo,kat ( sprat ),mislio si da je hrvatska rec?E,pa,pogresio si.</comment-text-transliterated></comments><comments comment-id="10-5"><comment-parent-id>10</comment-parent-id><comment-text>A hrvatski je napola srpski</comment-text><comment-text-transliterated>A hrvatski je napola srpski</comment-text-transliterated></comments><comments comment-id="11"><comment-parent-id>empty</comment-parent-id><comment-text>Bedno!</comment-text><comment-text-transliterated>Bedno!</comment-text-transliterated></comments><comments comment-id="12"><comment-parent-id>empty</comment-parent-id><comment-text>A koji je to Hrvatski jezik?Da li neko moze da objasni?</comment-text><comment-text-transliterated>A koji je to Hrvatski jezik?Da li neko moze da objasni?</comment-text-transliterated></comments><comments comment-id="12-1"><comment-parent-id>12</comment-parent-id><comment-text>Može, to je jezik kojim se služe Hrvati. Isto kao i srpski kojim se služe Srbi. Jel vidiš kako je to jednostavno.</comment-text><comment-text-transliterated>Može, to je jezik kojim se služe Hrvati. Isto kao i srpski kojim se služe Srbi. Jel vidiš kako je to jednostavno.</comment-text-transliterated></comments><comments comment-id="12-2"><comment-parent-id>12</comment-parent-id><comment-text>Ali Hrvati se sluze Srpskim jezikom,sa po kojom izmisljenom recju....sta bi Hrvatima ostalo od jezika da izbace sve reci Srpskoga....???? Hahaha.</comment-text><comment-text-transliterated>Ali Hrvati se sluze Srpskim jezikom,sa po kojom izmisljenom recju....sta bi Hrvatima ostalo od jezika da izbace sve reci Srpskoga....???? Hahaha.</comment-text-transliterated></comments><comments comment-id="12-3"><comment-parent-id>12</comment-parent-id><comment-text>Nije. Da jeste, ne bi bilo onog što vi zovete hrvtaskim jezikom.</comment-text><comment-text-transliterated>Nije. Da jeste, ne bi bilo onog što vi zovete hrvtaskim jezikom.</comment-text-transliterated></comments><comments comment-id="13"><comment-parent-id>empty</comment-parent-id><comment-text>Jos ce da traze i prevod kad cuju srpski. Neverovatno.</comment-text><comment-text-transliterated>Jos ce da traze i prevod kad cuju srpski. Neverovatno.</comment-text-transliterated></comments><comments comment-id="14"><comment-parent-id>empty</comment-parent-id><comment-text>Misle da nisu prešli granicu i zato se ponašaju kao da su u Hrvatskoj ! Kakav narod , užas ! A  mi Srbi smo tolerantni prema svima i uvek smo krivi ! Eto , meni je bliža latinica , a trebalo bi da je prezirem.</comment-text><comment-text-transliterated>Misle da nisu prešli granicu i zato se ponašaju kao da su u Hrvatskoj ! Kakav narod , užas ! A  mi Srbi smo tolerantni prema svima i uvek smo krivi ! Eto , meni je bliža latinica , a trebalo bi da je prezirem.</comment-text-transliterated></comments><comments comment-id="15"><comment-parent-id>empty</comment-parent-id><comment-text>Hrvati su prije bili pismeni nego srbi.</comment-text><comment-text-transliterated>Hrvati su prije bili pismeni nego srbi.</comment-text-transliterated></comments><comments comment-id="15-1"><comment-parent-id>15</comment-parent-id><comment-text>Јесу,на глагољици(ћирилици).</comment-text><comment-text-transliterated>Jesu,na glagoljici(ćirilici).</comment-text-transliterated></comments><comments comment-id="16"><comment-parent-id>empty</comment-parent-id><comment-text>Nek se sutra zale kad izgube,bedno.</comment-text><comment-text-transliterated>Nek se sutra zale kad izgube,bedno.</comment-text-transliterated></comments><comments comment-id="17"><comment-parent-id>empty</comment-parent-id><comment-text>Пази поређење: ,,украјинскоруски" језик. Никад није постојао у употреби такав назив, нигде у свету а камо ли у СССР. Шта им раде комплекси. Разваљују их толико да се више и не устручавају да покажу глупост и идиотизам.</comment-text><comment-text-transliterated>Pazi poređenje: ,,ukrajinskoruski" jezik. Nikad nije postojao u upotrebi takav naziv, nigde u svetu a kamo li u SSSR. Šta im rade kompleksi. Razvaljuju ih toliko da se više i ne ustručavaju da pokažu glupost i idiotizam.</comment-text-transliterated></comments><comments comment-id="18"><comment-parent-id>empty</comment-parent-id><comment-text>Raška,Hrvatska pokrajina nekada</comment-text><comment-text-transliterated>Raška,Hrvatska pokrajina nekada</comment-text-transliterated></comments><comments comment-id="19"><comment-parent-id>empty</comment-parent-id><comment-text>У шраву су Хрвати. Српскохрватски не постоји. То је српски.</comment-text><comment-text-transliterated>U šravu su Hrvati. Srpskohrvatski ne postoji. To je srpski.</comment-text-transliterated></comments><comments comment-id="20"><comment-parent-id>empty</comment-parent-id><comment-text>A kako su znali sta pise, ako ne razumeju jezik</comment-text><comment-text-transliterated>A kako su znali sta pise, ako ne razumeju jezik</comment-text-transliterated></comments><comments comment-id="20-1"><comment-parent-id>20</comment-parent-id><comment-text>Imamo prevoditelja.</comment-text><comment-text-transliterated>Imamo prevoditelja.</comment-text-transliterated></comments><comments comment-id="21"><comment-parent-id>empty</comment-parent-id><comment-text>Nemanjići,car Dušan i Marko Mrnjavčević katolici</comment-text><comment-text-transliterated>Nemanjići,car Dušan i Marko Mrnjavčević katolici</comment-text-transliterated></comments><comments comment-id="22"><comment-parent-id>empty</comment-parent-id><comment-text>Ćirilica je slavensko pismo.</comment-text><comment-text-transliterated>Ćirilica je slavensko pismo.</comment-text-transliterated></comments><comments comment-id="22-1"><comment-parent-id>22</comment-parent-id><comment-text>Slavni su se nekad zvali Srbi!</comment-text><comment-text-transliterated>Slavni su se nekad zvali Srbi!</comment-text-transliterated></comments><comments comment-id="23"><comment-parent-id>empty</comment-parent-id><comment-text>Al vidim srbi više vole latinicu.Bolje se snalaze.</comment-text><comment-text-transliterated>Al vidim srbi više vole latinicu.Bolje se snalaze.</comment-text-transliterated></comments><comments comment-id="23-1"><comment-parent-id>23</comment-parent-id><comment-text>Pa kada smo široko obrazovani</comment-text><comment-text-transliterated>Pa kada smo široko obrazovani</comment-text-transliterated></comments><comments comment-id="23-2"><comment-parent-id>23</comment-parent-id><comment-text>xaxaxaxa</comment-text><comment-text-transliterated>xaxaxaxa</comment-text-transliterated></comments><comments comment-id="24"><comment-parent-id>empty</comment-parent-id><comment-text>Srbi su uvijek tuđe prisvajali.</comment-text><comment-text-transliterated>Srbi su uvijek tuđe prisvajali.</comment-text-transliterated></comments><comments comment-id="25"><comment-parent-id>empty</comment-parent-id><comment-text>Čitam komentare i mnogo ste mi smešni i jedni i drugi.</comment-text><comment-text-transliterated>Čitam komentare i mnogo ste mi smešni i jedni i drugi.</comment-text-transliterated></comments><comments comment-id="26"><comment-parent-id>empty</comment-parent-id><comment-text>Pa dobro, izbaciće hrvatski i rešen problem.</comment-text><comment-text-transliterated>Pa dobro, izbaciće hrvatski i rešen problem.</comment-text-transliterated></comments><comments comment-id="27"><comment-parent-id>empty</comment-parent-id><comment-text>Pa ljudi su u pravu, treba da pise samo Srpski</comment-text><comment-text-transliterated>Pa ljudi su u pravu, treba da pise samo Srpski</comment-text-transliterated></comments><comments comment-id="28"><comment-parent-id>empty</comment-parent-id><comment-text>Joj koji kompleksaši</comment-text><comment-text-transliterated>Joj koji kompleksaši</comment-text-transliterated></comments><comments comment-id="29"><comment-parent-id>empty</comment-parent-id><comment-text>Нама Србима, ништа не смета.Да су написали хрватско-српски било којим писмом, ми не би ни примијетили.</comment-text><comment-text-transliterated>Nama Srbima, ništa ne smeta.Da su napisali hrvatsko-srpski bilo kojim pismom, mi ne bi ni primijetili.</comment-text-transliterated></comments><comments comment-id="29-1"><comment-parent-id>29</comment-parent-id><comment-text>To je zato jer mi nemamo komplekse,za razliku od mnogih</comment-text><comment-text-transliterated>To je zato jer mi nemamo komplekse,za razliku od mnogih</comment-text-transliterated></comments><comments comment-id="30"><comment-parent-id>empty</comment-parent-id><comment-text>Kaznite savez zbog natpisa !!!</comment-text><comment-text-transliterated>Kaznite savez zbog natpisa !!!</comment-text-transliterated></comments><comments comment-id="31"><comment-parent-id>empty</comment-parent-id><comment-text>Za početak- nogomet=fudbal</comment-text><comment-text-transliterated>Za početak- nogomet=fudbal</comment-text-transliterated></comments><comments comment-id="32"><comment-parent-id>empty</comment-parent-id><comment-text>Ruski i Ukrajinski su skroz razliciti. Srpski i Hrvatski su identicni 99,9%.</comment-text><comment-text-transliterated>Ruski i Ukrajinski su skroz razliciti. Srpski i Hrvatski su identicni 99,9%.</comment-text-transliterated></comments><comments comment-id="33"><comment-parent-id>empty</comment-parent-id><comment-text>Dajte im to i prica je zavrsena. Moja zena je Hrvatica i ne zna</comment-text><comment-text-transliterated>Dajte im to i prica je zavrsena. Moja zena je Hrvatica i ne zna</comment-text-transliterated></comments></comment-list></article><comments><comment-count>50</comment-count></comments></document>