<document global_id="sr-03-42"><url>https://www.kurir.rs/sport/fudbal/3353245/ja-volim-kurir-poslusajte-kako-partizanov-japanac-govori-srpski-ipak-nije-da-ne-zna-nijedan-strani-jezik-kurir-tv</url><source-id>03</source-id><local-id>42</local-id><source-name>kurir</source-name><article><article-title> JA VOLIM KURIR! Poslušajte kako Partizanov Japanac govori srpski! Ipak, nije da ne zna nijedan strani jezik (K,</article-title><article-time> 2019-11-06</article-time><article-author>Kurir</article-author><article-text>Dugo se verovalo da Partizanov Japanac Takuma Asano ne zna niti jedan drugi jezik osim materenjeg, ali novinar Kurira nas je uverio u suprotno..  Od specijalnog izveštača Kurira Gorana Anđelkovića! Fudbaleri Partizana jutros su u ranim jutarnjim časovima stigli na aerodrom Nikola Tesla gde ih očekuje put za Mančester i utakmica sa istoimenim klubom u okviru 4. kola Lige Evrope.    Na aerodromu, pre poletanja aviona, već po običaju došlo je do druženja između novinar i fudbalera, pa je naš izveštač iskoristio priliku da ''proćaska'' sa Japancem Takumom Asanom koji je tom prilikom pozdravio čitaoce Kurira i poručio: '' Ja volim Kurir,'' na čistom srpskom jeziku. Možda Japanac dosta bolje razume srpski jezik nego što ostali misle.  Kurir sport / Goran Anđelković  </article-text><article-text-transliterated>Dugo se verovalo da Partizanov Japanac Takuma Asano ne zna niti jedan drugi jezik osim materenjeg, ali novinar Kurira nas je uverio u suprotno..  Od specijalnog izveštača Kurira Gorana Anđelkovića! Fudbaleri Partizana jutros su u ranim jutarnjim časovima stigli na aerodrom Nikola Tesla gde ih očekuje put za Mančester i utakmica sa istoimenim klubom u okviru 4. kola Lige Evrope.    Na aerodromu, pre poletanja aviona, već po običaju došlo je do druženja između novinar i fudbalera, pa je naš izveštač iskoristio priliku da ''proćaska'' sa Japancem Takumom Asanom koji je tom prilikom pozdravio čitaoce Kurira i poručio: '' Ja volim Kurir,'' na čistom srpskom jeziku. Možda Japanac dosta bolje razume srpski jezik nego što ostali misle.  Kurir sport / Goran Anđelković  </article-text-transliterated><comment-list><comments comment-id="1"><comment-parent-id>empty</comment-parent-id><comment-text>Milan Stankovic</comment-text><comment-text-transliterated>Milan Stankovic</comment-text-transliterated></comments></comment-list></article><comments><comment-count>1</comment-count></comments></document>