<document global_id="sr-03-81"><url>https://www.kurir.rs/sport/fudbal/3149923/kurir-tv-uzivo-sa-lica-mesta-jirgen-klop-na-marakani-pogledajte-kako-harizmaticni-trener-liverpula-najavljuje-mec-sa-crvenom-zvezdom</url><source-id>03</source-id><local-id>81</local-id><source-name>kurir</source-name><article><article-title> KLOP I U BEOGRADU POKAZAO KAKAV JE CAR</article-title><article-time> 2018-11-05</article-time><article-author>Kurir</article-author><article-text>Trener Liverpula Jirgen Klop oduševio je sve prisutne na konferenciji za medije na stadionu "Rajko Mitić", ali i sve koji su preko Kurir TV gledali njegovo obraćanje pred meč sa Crvenom zvezdom..       Klop je pričao o odluci da u Beograd ne povede Đerdana Šaćirija, rekao je da zna kakva atmosfera očekuje njegovu ekipu na "Marakani", ali da uz srpske i hrvatske igrače nije uspeo da "savlada" naš jezik.          1 / 3 Foto: Starsport©            Klop je prvo upitan zašto nije doveo Đerdana Šaćirija. "Sve smo objasnili na zvaničnom sajtu, tako da svako ko zna da čita može da vidi. Ne želimo da mešamo politiku i fudbal", rekao je Klop i nastavio: "Došli smo kao fudbalski tim, predstavljamo jedan od najvećih klubova sveta i želim da se fokusiramo na fudbal. On je naš igrač i igrao je mnogo utakmica, ali smo odlučili da ovu ne igra". Nemac je, zbog slučaja Šaćiri,ponovo zamoljen da prokomentariše mešanje politike u fudbal. "I moj i vaš je posao da sve ovo gledamo sa sportske strane. Istina je da se politika meša u sve, ali došli smo da igramo fudbal" Klop je svestan kakva atmosfera sutra očekuje njegovu ekipu. "Nije lako igrati na Marakani, ali spremni smo. Idemo na pobedu, međutim, nije nam potreban dodatni pritisak". "Na žalost ne, srpski jezik je komplikovan. Od srpskih i hrvatskih igrača sam naučio samo psovke, a sada nije vreme i mesto da ih izgovaram", rekao je Klop i izazvao smeh svih prisutnih. On je dodao da nije razgovarao sa svojim bivšim pomoćnikom Željkom Buvačem o Zvezdi. Klop nije hteo da otkrije da li će Nabi Keita biti u ekipi, ali je potvrdio da se potpuno oporavio od povrede i da je spreman.  Upitan da li će igrati isti tim kao protiv Arsenal ili će biti dosta promena, Klop je u svom stilu odgovorio: "Dugačko pitanje, a odgovor kratak - videćete sutra".          1 / 3 Foto: Starsport©            ROBERTSON: ZVEZDI NAVIJAČI MNOGO ZNAČE! Pre Klopa, pred novinarima se našao levi bek Liverpula Endrju Robertson. Kakvu atmosferu očekujete? - bilo je prvo pitanje upućenoRobertsonu. "Znamo da je ovde sjajna atmosfera, ali imamo iskustva igranja pred takvom publikom", rekao je Robertson. "Koncentrisani smo na osvajanje tri boda. Ako pobedimo, biće nam mnogo lakše u poslednje dve utakmice u grupi", dodao je fudbaler crvenih. "Na Enfildu smo bili 100 odsto koncentrisani i dali četiri gola. Međutim, znamo da će nam ovde biti teže, jer znamo kako je Napoli prošao u Beogradu", nastavio je levi bek Klopove ekipe. "Zvezdi mnogo znači pomoć navijača, kao i nama na Enfildu, a i tunel im je neverovatan, ali kad krene utakmica, fokusiraćemo se na igru, a ne na okolinu", zaključio je Robertson.  </article-text><article-text-transliterated>Trener Liverpula Jirgen Klop oduševio je sve prisutne na konferenciji za medije na stadionu "Rajko Mitić", ali i sve koji su preko Kurir TV gledali njegovo obraćanje pred meč sa Crvenom zvezdom..       Klop je pričao o odluci da u Beograd ne povede Đerdana Šaćirija, rekao je da zna kakva atmosfera očekuje njegovu ekipu na "Marakani", ali da uz srpske i hrvatske igrače nije uspeo da "savlada" naš jezik.          1 / 3 Foto: Starsport©            Klop je prvo upitan zašto nije doveo Đerdana Šaćirija. "Sve smo objasnili na zvaničnom sajtu, tako da svako ko zna da čita može da vidi. Ne želimo da mešamo politiku i fudbal", rekao je Klop i nastavio: "Došli smo kao fudbalski tim, predstavljamo jedan od najvećih klubova sveta i želim da se fokusiramo na fudbal. On je naš igrač i igrao je mnogo utakmica, ali smo odlučili da ovu ne igra". Nemac je, zbog slučaja Šaćiri,ponovo zamoljen da prokomentariše mešanje politike u fudbal. "I moj i vaš je posao da sve ovo gledamo sa sportske strane. Istina je da se politika meša u sve, ali došli smo da igramo fudbal" Klop je svestan kakva atmosfera sutra očekuje njegovu ekipu. "Nije lako igrati na Marakani, ali spremni smo. Idemo na pobedu, međutim, nije nam potreban dodatni pritisak". "Na žalost ne, srpski jezik je komplikovan. Od srpskih i hrvatskih igrača sam naučio samo psovke, a sada nije vreme i mesto da ih izgovaram", rekao je Klop i izazvao smeh svih prisutnih. On je dodao da nije razgovarao sa svojim bivšim pomoćnikom Željkom Buvačem o Zvezdi. Klop nije hteo da otkrije da li će Nabi Keita biti u ekipi, ali je potvrdio da se potpuno oporavio od povrede i da je spreman.  Upitan da li će igrati isti tim kao protiv Arsenal ili će biti dosta promena, Klop je u svom stilu odgovorio: "Dugačko pitanje, a odgovor kratak - videćete sutra".          1 / 3 Foto: Starsport©            ROBERTSON: ZVEZDI NAVIJAČI MNOGO ZNAČE! Pre Klopa, pred novinarima se našao levi bek Liverpula Endrju Robertson. Kakvu atmosferu očekujete? - bilo je prvo pitanje upućenoRobertsonu. "Znamo da je ovde sjajna atmosfera, ali imamo iskustva igranja pred takvom publikom", rekao je Robertson. "Koncentrisani smo na osvajanje tri boda. Ako pobedimo, biće nam mnogo lakše u poslednje dve utakmice u grupi", dodao je fudbaler crvenih. "Na Enfildu smo bili 100 odsto koncentrisani i dali četiri gola. Međutim, znamo da će nam ovde biti teže, jer znamo kako je Napoli prošao u Beogradu", nastavio je levi bek Klopove ekipe. "Zvezdi mnogo znači pomoć navijača, kao i nama na Enfildu, a i tunel im je neverovatan, ali kad krene utakmica, fokusiraćemo se na igru, a ne na okolinu", zaključio je Robertson.  </article-text-transliterated><comment-list><comments comment-id="1"><comment-parent-id>empty</comment-parent-id><comment-text>Ima lepe zube</comment-text><comment-text-transliterated>Ima lepe zube</comment-text-transliterated></comments><comments comment-id="1-1"><comment-parent-id>1</comment-parent-id><comment-text>Ti zubi koštaju barem 20 000€ i to kod nas !</comment-text><comment-text-transliterated>Ti zubi koštaju barem 20 000€ i to kod nas !</comment-text-transliterated></comments><comments comment-id="1-2"><comment-parent-id>1</comment-parent-id><comment-text>Nije istina Aladine. Ljudi iz SAD, Australije i drugih dr. dolaze u Srbiju, Hrvatsku da prave zube jer kostaju mnogo, ali bas mnogo jeftinije  nego  tamo, a kvalitet ne zaostaje.</comment-text><comment-text-transliterated>Nije istina Aladine. Ljudi iz SAD, Australije i drugih dr. dolaze u Srbiju, Hrvatsku da prave zube jer kostaju mnogo, ali bas mnogo jeftinije  nego  tamo, a kvalitet ne zaostaje.</comment-text-transliterated></comments></comment-list></article><comments><comment-count>3</comment-count></comments></document>