<document global_id="sr-03-28"><url>https://www.kurir.rs/sport/kosarka/1999773/ovo-ce-vas-oduseviti-bogdan-bogdanovic-i-andrea-arsovic-u-akciji-negujmo-srpski-jezik</url><source-id>03</source-id><local-id>28</local-id><source-name>kurir</source-name><article><article-title> OVO ĆE VAS ODUŠEVITI</article-title><article-time> 2015-10-31</article-time><article-author>Kurir</article-author><article-text>Akciju zaštite srpskog jezika, pisma, opšte jezičke kulture i pismenosti, organizuju i vode Sekretarijat za kulturu, Filološki fakultet i Biblioteka grada.  BEOGRAD - Srpski sportisti košarkaš Bogdan Bogdanović i Andrea Arsović uključili su se u akciji "Negujmo srpski jezik".U okviru kampanje započete u aprilu 2015. godine, uz učešće Sekretarijata za kulturu grada Beograda, Filološkog fakulteta Univerziteta u Beogradu i Biblioteke grada Beograda, izrađeni su edukativni posteri sa fotografijama poznatih ličnosti i odgovarajućom jezičkom poukom.Posteri su izloženi u bibliotekama, školama, fakultetima, reklamnim panoima, bilbordima u gradskom prevozu… Na posterima su: Anica Dobra, Aca Seltik, Živana Šaponja Ilić, Zoran Kesić, Tihomir Stanić, Ljubica Arsić, Dragan Ilić, Goran Gocić, Nataša Marković, Marčelo, Svetislav Goncić... Kampanji su se pridružili glumci Rada Đuričin, Nada Šargin, Vanja Milačić, Vjera Mujović, Nebojša Glogovac, Dragoljub Ljubičić, dramaturg Nebojša Romčević, muzičari Tijana Milošević i Nemanja Radulović, kao i sportisti Milica Mandić, Andrea Arsović, Aleksandar Saša Đorđević, Bogdan Bogdanović, Andrija Živković....Na društvenim mrežama sa posterom se oglasila Andrea Arsović.Foto: Instagram    Košarkaš Fenerbahčea i bivši igrač Partizana je postao hit na društvenim mrežama, pošto su ga prozivali Miroslav Raduljica i Marko Kešelj.   Hvalim se da te poznajem .. @LeaderOfHorde i kultura izrazavanja  pic.twitter.com/RUerx7RE7N  — Marko Kešelj (@keselj11) October 30, 2015      @QrCAGraha @LeaderOfHorde Vlada J.  — Marko Kešelj (@keselj11) October 31, 2015             </article-text><article-text-transliterated>Akciju zaštite srpskog jezika, pisma, opšte jezičke kulture i pismenosti, organizuju i vode Sekretarijat za kulturu, Filološki fakultet i Biblioteka grada.  BEOGRAD - Srpski sportisti košarkaš Bogdan Bogdanović i Andrea Arsović uključili su se u akciji "Negujmo srpski jezik".U okviru kampanje započete u aprilu 2015. godine, uz učešće Sekretarijata za kulturu grada Beograda, Filološkog fakulteta Univerziteta u Beogradu i Biblioteke grada Beograda, izrađeni su edukativni posteri sa fotografijama poznatih ličnosti i odgovarajućom jezičkom poukom.Posteri su izloženi u bibliotekama, školama, fakultetima, reklamnim panoima, bilbordima u gradskom prevozu… Na posterima su: Anica Dobra, Aca Seltik, Živana Šaponja Ilić, Zoran Kesić, Tihomir Stanić, Ljubica Arsić, Dragan Ilić, Goran Gocić, Nataša Marković, Marčelo, Svetislav Goncić... Kampanji su se pridružili glumci Rada Đuričin, Nada Šargin, Vanja Milačić, Vjera Mujović, Nebojša Glogovac, Dragoljub Ljubičić, dramaturg Nebojša Romčević, muzičari Tijana Milošević i Nemanja Radulović, kao i sportisti Milica Mandić, Andrea Arsović, Aleksandar Saša Đorđević, Bogdan Bogdanović, Andrija Živković....Na društvenim mrežama sa posterom se oglasila Andrea Arsović.Foto: Instagram    Košarkaš Fenerbahčea i bivši igrač Partizana je postao hit na društvenim mrežama, pošto su ga prozivali Miroslav Raduljica i Marko Kešelj.   Hvalim se da te poznajem .. @LeaderOfHorde i kultura izrazavanja  pic.twitter.com/RUerx7RE7N  — Marko Kešelj (@keselj11) October 30, 2015      @QrCAGraha @LeaderOfHorde Vlada J.  — Marko Kešelj (@keselj11) October 31, 2015             </article-text-transliterated><comment-list><comments comment-id="1"><comment-parent-id>empty</comment-parent-id><comment-text>Nadajmo se samo da ce ova tako vredna akcija imati svog trajnog ucinka!</comment-text><comment-text-transliterated>Nadajmo se samo da ce ova tako vredna akcija imati svog trajnog ucinka!</comment-text-transliterated></comments><comments comment-id="1-1"><comment-parent-id>1</comment-parent-id><comment-text>Ne bih rekao da ga je naucio Vlada J. u stvari, nisam ni siguran da ga je nesto naucio posto je vise sedeo na klupi nego sto je igrao.</comment-text><comment-text-transliterated>Ne bih rekao da ga je naucio Vlada J. u stvari, nisam ni siguran da ga je nesto naucio posto je vise sedeo na klupi nego sto je igrao.</comment-text-transliterated></comments><comments comment-id="2"><comment-parent-id>empty</comment-parent-id><comment-text>Kada ja započeh da učim srpski jezik '48g. govorilo se:</comment-text><comment-text-transliterated>Kada ja započeh da učim srpski jezik '48g. govorilo se:</comment-text-transliterated></comments><comments comment-id="3"><comment-parent-id>empty</comment-parent-id><comment-text>Jedna od najboljih i najkorisnijih akcija u poslednje vreme . Neke jezičke nedoumice se rešavaju tako što se baci pogled na plakat u autobusu . Za svaku pohvalu !</comment-text><comment-text-transliterated>Jedna od najboljih i najkorisnijih akcija u poslednje vreme . Neke jezičke nedoumice se rešavaju tako što se baci pogled na plakat u autobusu . Za svaku pohvalu !</comment-text-transliterated></comments><comments comment-id="4"><comment-parent-id>empty</comment-parent-id><comment-text>Bogdanovic moze da bude kao djokovic. Ima talenat, predispozicije i svet ga voli. I ovo sto ucestvuje u podsticanjunsrpskog jezika je odlican potez. Za razliku od keselja, koji se bavi kosarkm na tviteru, bogdanovic daje trojke sa pola terena. Samo nastavi da vredno radis bogdanovicu.</comment-text><comment-text-transliterated>Bogdanovic moze da bude kao djokovic. Ima talenat, predispozicije i svet ga voli. I ovo sto ucestvuje u podsticanjunsrpskog jezika je odlican potez. Za razliku od keselja, koji se bavi kosarkm na tviteru, bogdanovic daje trojke sa pola terena. Samo nastavi da vredno radis bogdanovicu.</comment-text-transliterated></comments></comment-list></article><comments><comment-count>5</comment-count></comments></document>