<document global_id="sr-03-80"><url>https://www.kurir.rs/stars/rijaliti/3153231/hteli-sami-da-joj-vade-jezik-rukama-iz-usta-otekla-cela-usred-rijalitija-sladja-alijoski-ridala-panika-zavladala-vilom-foto</url><source-id>03</source-id><local-id>80</local-id><source-name>kurir</source-name><article><article-title> HTELI SAMI DA JOJ VADE JEZIK RUKAMA IZ USTA! OTEKLA CELA USRED RIJALITIJA</article-title><article-time> 2018-11-11</article-time><article-author>Kurir</article-author><article-text>.  Izabela Alijoski imala je burnu alergijsku reakciju u vili "Parova", kako se veruje, na pirinač. Čim je počela da otiče počela je i da vrišti i kuka, dok su cimer pokušavali da suzbiju paniku čekajući hitnu medicinsku pomoć.    "Ko ti je dao pirinač?" urlala je majka Slađa na neutešnu ćerku. "Izvadi joj jezik! Kao da ne znaš kako se to radi", dovikivali su se takmičari rijalitija između sebe. Kada su je na rukama izneli napolje, od šoka takmičarka pala je u nesvest. "Joj kako je pala, ne može da diše, moje dete, ni patike nije ponelo", komentarisala je majka: "...Znala sam da je trebalo da ode kući". "Povratila je belo, bolje joj je, to je sigurno bio pirinač", prokomentarisali su nešto kasnije kad se čitava situacija primirila. Kurir.rs/Foto: Printscreen Happy  </article-text><article-text-transliterated>.  Izabela Alijoski imala je burnu alergijsku reakciju u vili "Parova", kako se veruje, na pirinač. Čim je počela da otiče počela je i da vrišti i kuka, dok su cimer pokušavali da suzbiju paniku čekajući hitnu medicinsku pomoć.    "Ko ti je dao pirinač?" urlala je majka Slađa na neutešnu ćerku. "Izvadi joj jezik! Kao da ne znaš kako se to radi", dovikivali su se takmičari rijalitija između sebe. Kada su je na rukama izneli napolje, od šoka takmičarka pala je u nesvest. "Joj kako je pala, ne može da diše, moje dete, ni patike nije ponelo", komentarisala je majka: "...Znala sam da je trebalo da ode kući". "Povratila je belo, bolje joj je, to je sigurno bio pirinač", prokomentarisali su nešto kasnije kad se čitava situacija primirila. Kurir.rs/Foto: Printscreen Happy  </article-text-transliterated><comment-list><comments comment-id="1"><comment-parent-id>empty</comment-parent-id><comment-text>I ova stigla do rijaliti? E bogami to je neprevazidjen uspeh I nedostizan nivo.</comment-text><comment-text-transliterated>I ova stigla do rijaliti? E bogami to je neprevazidjen uspeh I nedostizan nivo.</comment-text-transliterated></comments></comment-list></article><comments><comment-count>1</comment-count></comments></document>