<document global_id="sr-03-144"><url>https://www.kurir.rs/stars/2756691/uznemirujuci-video-nek-gleda-samo-ko-moze-ovako-krunicka-busi-jezik-i-obraz-jezivo</url><source-id>03</source-id><local-id>144</local-id><source-name>kurir</source-name><article><article-title> UZNEMIRUJUĆI VIDEO! NEK GLEDA SAMO KO MOŽE</article-title><article-time> 2017-03-29</article-time><article-author>Kurir</article-author><article-text>Klaberka Jelena Krunić, bivša učesnica Farme i Parova, voli tetovaže, pirsinge, pogotovo na intimnim na neobičnim mistima..  Ona je toliko navikla da "ukrašava" telo i veoma lako podnosi nove tetovaže i pirsinge. Tako je objavila na društvenoj mreži Instagram video na kojem postavlja nove pirsinge. Učesnica rijalitija i go go pevačica sada je probušila obraz, jezik i uši i sve vreme se ludo zabavljala. Njoj je društvo pravio njen dečko Daki.        POGLEDAJTE BONUS VIDEO: BEZ BLAMA: Najveći skandali u istoriji "Parova"!                </article-text><article-text-transliterated>Klaberka Jelena Krunić, bivša učesnica Farme i Parova, voli tetovaže, pirsinge, pogotovo na intimnim na neobičnim mistima..  Ona je toliko navikla da "ukrašava" telo i veoma lako podnosi nove tetovaže i pirsinge. Tako je objavila na društvenoj mreži Instagram video na kojem postavlja nove pirsinge. Učesnica rijalitija i go go pevačica sada je probušila obraz, jezik i uši i sve vreme se ludo zabavljala. Njoj je društvo pravio njen dečko Daki.        POGLEDAJTE BONUS VIDEO: BEZ BLAMA: Najveći skandali u istoriji "Parova"!                </article-text-transliterated><comment-list><comments comment-id="1"><comment-parent-id>empty</comment-parent-id><comment-text>Meni je nje žao, ali stvarno. Mnogo se trese.</comment-text><comment-text-transliterated>Meni je nje žao, ali stvarno. Mnogo se trese.</comment-text-transliterated></comments><comments comment-id="1-1"><comment-parent-id>1</comment-parent-id><comment-text>Odron od žene. Katastrofa.</comment-text><comment-text-transliterated>Odron od žene. Katastrofa.</comment-text-transliterated></comments><comments comment-id="2"><comment-parent-id>empty</comment-parent-id><comment-text>Sacuvaj boze !</comment-text><comment-text-transliterated>Sacuvaj boze !</comment-text-transliterated></comments><comments comment-id="3"><comment-parent-id>empty</comment-parent-id><comment-text>Što ima potrebu da se na taj način eksponira i obeležava, to su nesigurne osobe željne pažnje.</comment-text><comment-text-transliterated>Što ima potrebu da se na taj način eksponira i obeležava, to su nesigurne osobe željne pažnje.</comment-text-transliterated></comments><comments comment-id="4"><comment-parent-id>empty</comment-parent-id><comment-text>Gospode Isuse Hriste, cuvaj nas od svakakvog zla...</comment-text><comment-text-transliterated>Gospode Isuse Hriste, cuvaj nas od svakakvog zla...</comment-text-transliterated></comments></comment-list></article><comments><comment-count>5</comment-count></comments></document>