<document global_id="sr-03-126"><url>https://www.kurir.rs/sport/fudbal/2930587/kokeza-trazi-zajednicki-jezik-sa-selektorom-muslin-nije-pao-s-neba-ja-sam-ga-izabrao</url><source-id>03</source-id><local-id>126</local-id><source-name>kurir</source-name><article><article-title> KOKEZA TRAŽI ZAJEDNIČKI JEZIK SA SELEKTOROM</article-title><article-time> 2017-10-26</article-time><article-author>Kurir</article-author><article-text>Predsednik Fudbalskog saveza Srbije (FSS) Slaviša Kokeza rekao je danas da je plasmanom na Svetsko prvenstvo ostvaren prvi cilj i da je potrebno da se sa selektorom Slavoljubom Muslinom "nadje zajednički jezik" o budućim planovima..  "Pred početak kvalifikacija smo razgovarali i zacrtali ciljeve. Plasman na Svetsko prvenstvo je bio moja misija i cilj, za koji sam izabrao Muslina da vodi reprezentaciju. Nije on pao s neba, već je došao na moj predlog. Taj cilj smo ostvarili, reprezentativci, selektor i ja, i postignuto je šta smo se dogovorili tada", rekao je Kokeza agenciji Beta.  Srbija je u kvalifikacijama izborila direktan plasman na Svetsko prvenstvo koje će se sledeće godine održati u Rusiji.     "Taj deo je iza nas i sasvim je prirodno i normalno da sednemo i razgovaramo o nastavku saradnje, i vidimo kako stoje stvari", kazao je Kokeza.  Kokeza je imao višečasnovni sastanak sa Muslinom i sportskim direktorom Goranom Bunjevčevićem o daljoj saradnji.  "Nemamo nikakav zaključak, ostalo je da razmislimo o konceptu buduće saradnje, da se o tome izjasne selektor i direktor i na osnovu toga donesemo odluku", naveo je prvi čovek Saveza.  Ipak, konačna odluka oko statusa selektora još nije doneta, a sve bi trebalo da bude poznato početkom sledeće sedmice.  "Sve će biti poznato sledeće nedelje. Ako uspemo da nadjemo zajednički jezik, saradnju ćemo nastaviti, a ako ne uspemo, zahvalićemo jedni drugima na saradnji i videti šta i kako dalje", istakao je Kokeza.  Naredni sastanak trebalo bi da se održi u ponedeljak ili utorak. Kurir sport / Beta, Foto: Dado Đilas  </article-text><article-text-transliterated>Predsednik Fudbalskog saveza Srbije (FSS) Slaviša Kokeza rekao je danas da je plasmanom na Svetsko prvenstvo ostvaren prvi cilj i da je potrebno da se sa selektorom Slavoljubom Muslinom "nadje zajednički jezik" o budućim planovima..  "Pred početak kvalifikacija smo razgovarali i zacrtali ciljeve. Plasman na Svetsko prvenstvo je bio moja misija i cilj, za koji sam izabrao Muslina da vodi reprezentaciju. Nije on pao s neba, već je došao na moj predlog. Taj cilj smo ostvarili, reprezentativci, selektor i ja, i postignuto je šta smo se dogovorili tada", rekao je Kokeza agenciji Beta.  Srbija je u kvalifikacijama izborila direktan plasman na Svetsko prvenstvo koje će se sledeće godine održati u Rusiji.     "Taj deo je iza nas i sasvim je prirodno i normalno da sednemo i razgovaramo o nastavku saradnje, i vidimo kako stoje stvari", kazao je Kokeza.  Kokeza je imao višečasnovni sastanak sa Muslinom i sportskim direktorom Goranom Bunjevčevićem o daljoj saradnji.  "Nemamo nikakav zaključak, ostalo je da razmislimo o konceptu buduće saradnje, da se o tome izjasne selektor i direktor i na osnovu toga donesemo odluku", naveo je prvi čovek Saveza.  Ipak, konačna odluka oko statusa selektora još nije doneta, a sve bi trebalo da bude poznato početkom sledeće sedmice.  "Sve će biti poznato sledeće nedelje. Ako uspemo da nadjemo zajednički jezik, saradnju ćemo nastaviti, a ako ne uspemo, zahvalićemo jedni drugima na saradnji i videti šta i kako dalje", istakao je Kokeza.  Naredni sastanak trebalo bi da se održi u ponedeljak ili utorak. Kurir sport / Beta, Foto: Dado Đilas  </article-text-transliterated><comment-list><comments comment-id="1"><comment-parent-id>empty</comment-parent-id><comment-text>Muslin nije pao s neba, kaze Kokeza i dodaje: " ja sam ga izabrao;!!</comment-text><comment-text-transliterated>Muslin nije pao s neba, kaze Kokeza i dodaje: " ja sam ga izabrao;!!</comment-text-transliterated></comments><comments comment-id="2"><comment-parent-id>empty</comment-parent-id><comment-text>Problem je u parama 100%!!!</comment-text><comment-text-transliterated>Problem je u parama 100%!!!</comment-text-transliterated></comments><comments comment-id="3"><comment-parent-id>empty</comment-parent-id><comment-text>A šta je tu nešto novo u našem fudbalu,čim se dođje do nekih rezultata i uzmu se malo pare onda eko pare u džep i više niko nije dobar samo se traže izgovori i šta može da bude dobro u našem fudbalu.Eto zvezdani partizan ove godine uradise nešto u evropi,dobili su klubovi dosta para i tako da im više rezultati nisu bitni samo je bitno da neko te pare stavi sto pre u dzep</comment-text><comment-text-transliterated>A šta je tu nešto novo u našem fudbalu,čim se dođje do nekih rezultata i uzmu se malo pare onda eko pare u džep i više niko nije dobar samo se traže izgovori i šta može da bude dobro u našem fudbalu.Eto zvezdani partizan ove godine uradise nešto u evropi,dobili su klubovi dosta para i tako da im više rezultati nisu bitni samo je bitno da neko te pare stavi sto pre u dzep</comment-text-transliterated></comments><comments comment-id="4"><comment-parent-id>empty</comment-parent-id><comment-text>Ista prica kao sa Radomirom Anticem, u Srbiji se ne prasta uspeh.</comment-text><comment-text-transliterated>Ista prica kao sa Radomirom Anticem, u Srbiji se ne prasta uspeh.</comment-text-transliterated></comments></comment-list></article><comments><comment-count>4</comment-count></comments></document>