<document global_id="sr-03-42"><url>https://www.kurir.rs/sport/tenis/1857293/foto-bravo-brate-i-kevin-prins-boateng-naucio-srpski-jezik-da-bi-cestitao-dokovicu</url><source-id>03</source-id><local-id>42</local-id><source-name>kurir</source-name><article><article-title> (FOTO) BRAVO BRATE</article-title><article-time> 2015-07-13</article-time><article-author>Kurir</article-author><article-text>Fudbaler iz Gane se preko "Tvitera" obratio prvom reketu sveta i čestitao na uspehu na Vimbldonu.  Koliko god publika na Vimbldonu bila protiv Novaka Đokovića, kolege sportisti širom sveta mu se dive i utrkuju ko će mu uputiti "jaču" čestitku. Pohvale za trijumf na londonskom gren slemu srpskom teniseru stižu sa svih strana, a jedna od simpatičnijih je ona od Kevina Prinsa Boatenga, fudbalera iz Gane. Specifično u poruci na "Tviteru" 28-godišnjeg napadača je to što se Đokoviću obratio na srpskom jeziku.    Boateng je napisao na društvenoj mreži na engleskom jeziku napisao: "Broj jedan!!!!! Kakav šampion", a onda na srpskom dodao: "Bravo brate". Nije ovaj fudbaler jedini stranac koji se Novaku obratio na njegovom maternjem jeziku, prethodno mu je čestitku na srpskom uputio i Zlatan Ibrahimović, kome se prvi reket sveta zahvalio. Inače, Kevin Prins Boateng je u potrazi za novim klubom, pošto je sa Šalkeom završio saradnju. On je u karijeri igrao i za Hertu, Totenhem, Borusiju Dortmund, Portsmut, Đenovu i Milan.    No.1!!!!! What a champion bravo brate @DjokerNole pic.twitter.com/7qT7qUA12D  — Kevin-Prince Boateng (@KPBofficial) July 12, 2015             </article-text><article-text-transliterated>Fudbaler iz Gane se preko "Tvitera" obratio prvom reketu sveta i čestitao na uspehu na Vimbldonu.  Koliko god publika na Vimbldonu bila protiv Novaka Đokovića, kolege sportisti širom sveta mu se dive i utrkuju ko će mu uputiti "jaču" čestitku. Pohvale za trijumf na londonskom gren slemu srpskom teniseru stižu sa svih strana, a jedna od simpatičnijih je ona od Kevina Prinsa Boatenga, fudbalera iz Gane. Specifično u poruci na "Tviteru" 28-godišnjeg napadača je to što se Đokoviću obratio na srpskom jeziku.    Boateng je napisao na društvenoj mreži na engleskom jeziku napisao: "Broj jedan!!!!! Kakav šampion", a onda na srpskom dodao: "Bravo brate". Nije ovaj fudbaler jedini stranac koji se Novaku obratio na njegovom maternjem jeziku, prethodno mu je čestitku na srpskom uputio i Zlatan Ibrahimović, kome se prvi reket sveta zahvalio. Inače, Kevin Prins Boateng je u potrazi za novim klubom, pošto je sa Šalkeom završio saradnju. On je u karijeri igrao i za Hertu, Totenhem, Borusiju Dortmund, Portsmut, Đenovu i Milan.    No.1!!!!! What a champion bravo brate @DjokerNole pic.twitter.com/7qT7qUA12D  — Kevin-Prince Boateng (@KPBofficial) July 12, 2015             </article-text-transliterated><comment-list /></article><comments><comment-count>0</comment-count></comments></document>