<document global_id="sr-03-82"><url>https://www.kurir.rs/zabava/3149567/bez-muke-ovom-cudesnom-metodom-savladaj-strani-jezik-za-2-nedelje</url><source-id>03</source-id><local-id>82</local-id><source-name>kurir</source-name><article><article-title> ČUDESNA METODA</article-title><article-time> 2018-11-05</article-time><article-author>Kurir</article-author><article-text>.  Poliglota Davor Vorgić, koji tečno govori 23 jezika, je Srbima predstavio svoju slavnu 2-nedeljnu formulu za učenje jezika. Ona omogućava da se u kratkom razdoblju savlada gradivo koje se na kursevima jezika uči godinu dana. Metoda ovog poliglote osporava tradicionalne škole jezika. Već 5.000 Srba je odbacilo neefikasne konvencionalne metode učenja stranih jezika, i pridružilo se Davoru Vorgiću. Bez obzira na godine, obrazovanje i talenat, za 2 nedelje ćeš videti ponosne izraze na licima članova svoje porodice, prijatelja i kolega. Kad čuju kako dobro govoriš engleski, teško će poverovati da ti je za to trebalo svega 14 dana.*    Uvek je dobar trenutak za učenje stranih jezika. U to lako možeš da se uveriš već kroz 2 nedelje. Primetićeš promene u svakodnevnom životu. Nakon 14 dana učenja ćeš početi da slobodno komuniciraš na stranom jeziku. Bez problema ćeš čitati članke na stranim web stranicama. Izazvaćeš divljenje najbližih, i priznanje nadređenih i kolega. Učenje stranog jezika nije bauk Svi ti kažu da je teško? Nije! Kada je učenje stranog jezika u pitanju, talenat nije presudan. Naravno, ima ljudi koji jesu talentovani za učenje stranih jezika, ali nije samo njihov mozak stvoren za to. Tvoj mozak, kao i mozak svih ljudi je kreiran tako da se konstantno prilagođava i uči. I zato kod učenja nije bitan samo talenat – bitno je nešto još važnije. Kod učenja stranih jezika je od svega najvažnija volja za učenjem, a potom i odgovarajuća metoda – jer bez odgovarajuće metode nećeš moći da se pomeriš s početka. Ostaćeš u mestu, i nećeš moći da ostvariš normalnu komunikaciju. Ali ako imaš odgovarajuću metodu, a metoda Davora Vorgića to i jeste, onda si na pravom putu. Ona će ti omogućiti da bez problema savladaš strani jezik, i to u roku od samo 2 nedelje. Ona je brza, zabavna, efikasna i dinamična. Nećeš više morati da lomiš jezik u razgovoru sa strancima. Letovanja u stranim državama ti više neće predstavljati problem. Zašto određene metode učenja stranih jezika ne funkcionišu? Konvencionalne metode učenja stranih jezika čine učenje mnogo težim nego što ono u stvari jeste. One ti nikako ne bude želju da naučiš taj jezik. Dovode te do toga da počneš da sumnjaš u svoj talenat – a to može ozbiljno narušiti tvoje samopouzdanje. Pored toga, u školama i na raznim kursevima te ne uče jezik, ni kako da ga razumeš i shvatiš, nego te uče o jeziku. To uopšte nije cilj. Takođe, ne ohrabruju te da izađeš iz svoje zone komfora i odeš da pričaš sa strancima. Zbog toga imaš blokadu kada je potrebno pričati na stranom jeziku. Reči ti slabo padaju na pamet, a sklapanje rečenice postaje prava nauka. Takođe, mnogi te uveravaju da nikad nećeš savladati strani jezik ako ne živiš na tom govornom području. Ali, uz pravi pristup i dobre metode je sve moguće. Ne dozvoli da ti ljudi i pogrešne metode ubiju želju i volju za učenjem, jer rešenje i te kako postoji, i ono je tu. To rešenje će ti pomoći da naučiš i govoriš strani jezik bez imalo napora. O kojoj metodi je reč? U moru brojnih načina za učenje stranih jezika je na vrh isplivala metoda Davora Vorgića. Reč je o metodi koja će ti pomoći da u roku od 2 nedelje savladaš strani jezik. Posebno je razvijena za osobe koje cene svoje vreme. Ako želiš da naučiš strani jezik, nemoj gubiti svoje vreme na razne udžbenike jer ovu metodu nećeš pronaći u njima. Ti udžbenici nisu napravljeni sa ciljem da brzo naučiš strani jezik. Za razliku od njih, metoda Davora Vorgića je napravljena tako da utiče na tvoj mozak da lako memoriše sve što treba. Reči će početi da se povezuju bez problema, a ti ćeš bez imalo muke savladati strani jezik u tren oka. Kako izgleda Davorova formula za automatsko učenje jezika? Davor Vorgić je svoju 2-nedeljnu formulu za automatsko učenje stranih jezika nazvao Pingulingo. To je jedina knjiga koja zahvaljujući 100%-tnoj upotrebi tvojih urođenih mentalnih sposobnosti poboljšava i ubrzava pamćenje. Konvencionalne metode učenja jezika aktiviraju samo deo kapaciteta tvog mozga da pamti i stvara asocijacije. Po pravilu, one ne pobuđuju ove kognitivne procese jer aktiviraju samo mali deo moždanih struktura. Knjiga Pingulingo funkcioniše drukčije. Koristi 100% kapaciteta koji imaš, ali koji „drema“ u tvojoj podsvesti. Tokom pamćenja novih reči, 2-nedeljna formula za automatsko učenje stranog jezika Pingulingo istovremeno aktivira desnu i levu moždanu hemisferu. Tekstualni deo aktivira levu hemisferu, dok slika aktivira desnu. Ceo mozak radi 5 puta efikasnije nego inače. To dovodi do povećanja kognitivne sposobnosti, sposobnosti pamćenja novih reči i njihove asocijacije sa srpskim ekvivalentima. Ove asocijacije su toliko snažne i duboko utisnute u memoriju, da tvoj mozak gotovo automatski uči nove reči. Kako se koristi ova 2-nedeljna formula? Sve lekcije su osmišljene na poseban način kako bi mozak radio brže i efikasnije. Lekcije su organizovane po odeljcima. Nakon prvog dana čitanja Pingulingo knjige ćeš usvojiti oko 200 novih reči. Nakon nedelju dana ćeš primetiti značajnu razliku u svom vokabularu. Postaće bogatiji i raznolikiji. Nakon 2 nedelje nestaje psihička blokada koja te koči da razgovaraš na drugom jeziku, i počinješ da slobodno komuniciraš bez ikakvih problema. Nakon mesec dana ćeš engleski jezik znati tako dobro kao da ga učiš godinama. Nemoj gubiti vreme na beskorisne višemesečne kurseve i privatne časove – jednostavno naruči Pingulingo. Ova knjiga je pogodna za sve, a ujedno je i veoma jednostavna i laka za korišćenje. Jedinstvena prilika za sve čitaoce Učenje stranog jezika nikad nije bilo lakše i zanimljivije. Zahvaljujući Pingulingo knjizi ćeš za samo 2 nedelje savladati strani jezik. Iskoristi ovu neponovljivu ponudu i naruči Pingulingo uz popust od 50%. Međutim, to nije sve, ovaj neverovatan proizvod dolazi uz posebnu garanciju Davora Vorgića. Reč je o 44-dnevnoj garanciji na povraćaj novca. Bez pitanja dobijaš nazad svoj novac za Pingulingo knjigu. Jednostavno nemaš šta da izgubiš, a možeš dobiti mnogo toga. Samo naruči i počni da učiš. Važno saopštenje: ponuda je vremenski ograničena, a zbog pristupačne cene proizvoda zalihe brzo nestaju. Požuri! Promo       Autor:Foto: Promo    </article-text><article-text-transliterated>.  Poliglota Davor Vorgić, koji tečno govori 23 jezika, je Srbima predstavio svoju slavnu 2-nedeljnu formulu za učenje jezika. Ona omogućava da se u kratkom razdoblju savlada gradivo koje se na kursevima jezika uči godinu dana. Metoda ovog poliglote osporava tradicionalne škole jezika. Već 5.000 Srba je odbacilo neefikasne konvencionalne metode učenja stranih jezika, i pridružilo se Davoru Vorgiću. Bez obzira na godine, obrazovanje i talenat, za 2 nedelje ćeš videti ponosne izraze na licima članova svoje porodice, prijatelja i kolega. Kad čuju kako dobro govoriš engleski, teško će poverovati da ti je za to trebalo svega 14 dana.*    Uvek je dobar trenutak za učenje stranih jezika. U to lako možeš da se uveriš već kroz 2 nedelje. Primetićeš promene u svakodnevnom životu. Nakon 14 dana učenja ćeš početi da slobodno komuniciraš na stranom jeziku. Bez problema ćeš čitati članke na stranim web stranicama. Izazvaćeš divljenje najbližih, i priznanje nadređenih i kolega. Učenje stranog jezika nije bauk Svi ti kažu da je teško? Nije! Kada je učenje stranog jezika u pitanju, talenat nije presudan. Naravno, ima ljudi koji jesu talentovani za učenje stranih jezika, ali nije samo njihov mozak stvoren za to. Tvoj mozak, kao i mozak svih ljudi je kreiran tako da se konstantno prilagođava i uči. I zato kod učenja nije bitan samo talenat – bitno je nešto još važnije. Kod učenja stranih jezika je od svega najvažnija volja za učenjem, a potom i odgovarajuća metoda – jer bez odgovarajuće metode nećeš moći da se pomeriš s početka. Ostaćeš u mestu, i nećeš moći da ostvariš normalnu komunikaciju. Ali ako imaš odgovarajuću metodu, a metoda Davora Vorgića to i jeste, onda si na pravom putu. Ona će ti omogućiti da bez problema savladaš strani jezik, i to u roku od samo 2 nedelje. Ona je brza, zabavna, efikasna i dinamična. Nećeš više morati da lomiš jezik u razgovoru sa strancima. Letovanja u stranim državama ti više neće predstavljati problem. Zašto određene metode učenja stranih jezika ne funkcionišu? Konvencionalne metode učenja stranih jezika čine učenje mnogo težim nego što ono u stvari jeste. One ti nikako ne bude želju da naučiš taj jezik. Dovode te do toga da počneš da sumnjaš u svoj talenat – a to može ozbiljno narušiti tvoje samopouzdanje. Pored toga, u školama i na raznim kursevima te ne uče jezik, ni kako da ga razumeš i shvatiš, nego te uče o jeziku. To uopšte nije cilj. Takođe, ne ohrabruju te da izađeš iz svoje zone komfora i odeš da pričaš sa strancima. Zbog toga imaš blokadu kada je potrebno pričati na stranom jeziku. Reči ti slabo padaju na pamet, a sklapanje rečenice postaje prava nauka. Takođe, mnogi te uveravaju da nikad nećeš savladati strani jezik ako ne živiš na tom govornom području. Ali, uz pravi pristup i dobre metode je sve moguće. Ne dozvoli da ti ljudi i pogrešne metode ubiju želju i volju za učenjem, jer rešenje i te kako postoji, i ono je tu. To rešenje će ti pomoći da naučiš i govoriš strani jezik bez imalo napora. O kojoj metodi je reč? U moru brojnih načina za učenje stranih jezika je na vrh isplivala metoda Davora Vorgića. Reč je o metodi koja će ti pomoći da u roku od 2 nedelje savladaš strani jezik. Posebno je razvijena za osobe koje cene svoje vreme. Ako želiš da naučiš strani jezik, nemoj gubiti svoje vreme na razne udžbenike jer ovu metodu nećeš pronaći u njima. Ti udžbenici nisu napravljeni sa ciljem da brzo naučiš strani jezik. Za razliku od njih, metoda Davora Vorgića je napravljena tako da utiče na tvoj mozak da lako memoriše sve što treba. Reči će početi da se povezuju bez problema, a ti ćeš bez imalo muke savladati strani jezik u tren oka. Kako izgleda Davorova formula za automatsko učenje jezika? Davor Vorgić je svoju 2-nedeljnu formulu za automatsko učenje stranih jezika nazvao Pingulingo. To je jedina knjiga koja zahvaljujući 100%-tnoj upotrebi tvojih urođenih mentalnih sposobnosti poboljšava i ubrzava pamćenje. Konvencionalne metode učenja jezika aktiviraju samo deo kapaciteta tvog mozga da pamti i stvara asocijacije. Po pravilu, one ne pobuđuju ove kognitivne procese jer aktiviraju samo mali deo moždanih struktura. Knjiga Pingulingo funkcioniše drukčije. Koristi 100% kapaciteta koji imaš, ali koji „drema“ u tvojoj podsvesti. Tokom pamćenja novih reči, 2-nedeljna formula za automatsko učenje stranog jezika Pingulingo istovremeno aktivira desnu i levu moždanu hemisferu. Tekstualni deo aktivira levu hemisferu, dok slika aktivira desnu. Ceo mozak radi 5 puta efikasnije nego inače. To dovodi do povećanja kognitivne sposobnosti, sposobnosti pamćenja novih reči i njihove asocijacije sa srpskim ekvivalentima. Ove asocijacije su toliko snažne i duboko utisnute u memoriju, da tvoj mozak gotovo automatski uči nove reči. Kako se koristi ova 2-nedeljna formula? Sve lekcije su osmišljene na poseban način kako bi mozak radio brže i efikasnije. Lekcije su organizovane po odeljcima. Nakon prvog dana čitanja Pingulingo knjige ćeš usvojiti oko 200 novih reči. Nakon nedelju dana ćeš primetiti značajnu razliku u svom vokabularu. Postaće bogatiji i raznolikiji. Nakon 2 nedelje nestaje psihička blokada koja te koči da razgovaraš na drugom jeziku, i počinješ da slobodno komuniciraš bez ikakvih problema. Nakon mesec dana ćeš engleski jezik znati tako dobro kao da ga učiš godinama. Nemoj gubiti vreme na beskorisne višemesečne kurseve i privatne časove – jednostavno naruči Pingulingo. Ova knjiga je pogodna za sve, a ujedno je i veoma jednostavna i laka za korišćenje. Jedinstvena prilika za sve čitaoce Učenje stranog jezika nikad nije bilo lakše i zanimljivije. Zahvaljujući Pingulingo knjizi ćeš za samo 2 nedelje savladati strani jezik. Iskoristi ovu neponovljivu ponudu i naruči Pingulingo uz popust od 50%. Međutim, to nije sve, ovaj neverovatan proizvod dolazi uz posebnu garanciju Davora Vorgića. Reč je o 44-dnevnoj garanciji na povraćaj novca. Bez pitanja dobijaš nazad svoj novac za Pingulingo knjigu. Jednostavno nemaš šta da izgubiš, a možeš dobiti mnogo toga. Samo naruči i počni da učiš. Važno saopštenje: ponuda je vremenski ograničena, a zbog pristupačne cene proizvoda zalihe brzo nestaju. Požuri! Promo       Autor:Foto: Promo    </article-text-transliterated><comment-list /></article><comments><comment-count>0</comment-count></comments></document>