<document global_id="sr-03-23"><url>https://www.kurir.rs/zabava/zanimljivosti/2460595/ovo-je-najatraktivniji-evropski-jezik-a-necete-verovati-koji-je-odmah-iza-njega</url><source-id>03</source-id><local-id>23</local-id><source-name>kurir</source-name><article><article-title> Ovo je najatraktivniji evropski jezik, a nećete verovati koji je odmah iza njega!,</article-title><article-time> 2016-09-25</article-time><article-author>Kurir</article-author><article-text>Prema rezultatima najnovijeg istraživanja potvrđeno je da je italijanski jezik izglasan za najatraktivniji evropski jezik..  U istraživanju je anketirano 1.000 ljudi kojima je postavljeno pitanje koji akcenti su im najprivlačniji. Na vrhu liste sa 25 odsto glasova našao se italijanski jezik, dok je francuski zauzeo drugo mesto sa 23 odsto glasova.    Prate ih irski, španski i švedski. Što se tiče glasanja sporvedenog u Ujedinjenom Kraljevstvu, britanski akcenat je zauzeo prvo mesto, irski drugo, a iza njega su i škotski, sloun i kokni akcenat. Foto Profimedia (Independent)       Autor:Foto: Profimedia    </article-text><article-text-transliterated>Prema rezultatima najnovijeg istraživanja potvrđeno je da je italijanski jezik izglasan za najatraktivniji evropski jezik..  U istraživanju je anketirano 1.000 ljudi kojima je postavljeno pitanje koji akcenti su im najprivlačniji. Na vrhu liste sa 25 odsto glasova našao se italijanski jezik, dok je francuski zauzeo drugo mesto sa 23 odsto glasova.    Prate ih irski, španski i švedski. Što se tiče glasanja sporvedenog u Ujedinjenom Kraljevstvu, britanski akcenat je zauzeo prvo mesto, irski drugo, a iza njega su i škotski, sloun i kokni akcenat. Foto Profimedia (Independent)       Autor:Foto: Profimedia    </article-text-transliterated><comment-list><comments comment-id="1"><comment-parent-id>empty</comment-parent-id><comment-text>Britanski akcenat je samo njima interesantan, arogantni su i rekao bih bezobrazni.</comment-text><comment-text-transliterated>Britanski akcenat je samo njima interesantan, arogantni su i rekao bih bezobrazni.</comment-text-transliterated></comments><comments comment-id="2"><comment-parent-id>empty</comment-parent-id><comment-text>Doviđenja engleskom, dobar dan nemačkom, francuskom, italijanskom, španskom,...</comment-text><comment-text-transliterated>Doviđenja engleskom, dobar dan nemačkom, francuskom, italijanskom, španskom,...</comment-text-transliterated></comments><comments comment-id="3"><comment-parent-id>empty</comment-parent-id><comment-text>Nije mi jasno sta ima lepo u tom Svedskom jeziku? Treba cuti Finski sou!!!</comment-text><comment-text-transliterated>Nije mi jasno sta ima lepo u tom Svedskom jeziku? Treba cuti Finski sou!!!</comment-text-transliterated></comments><comments comment-id="4"><comment-parent-id>empty</comment-parent-id><comment-text>Srpski jezik je ipak najbolji jezik na svetu.</comment-text><comment-text-transliterated>Srpski jezik je ipak najbolji jezik na svetu.</comment-text-transliterated></comments><comments comment-id="4-1"><comment-parent-id>4</comment-parent-id><comment-text>Srpski je divan jezik, ali zašto misliš da je najbolji? Po kojim kriterijumima? Pretpostavljam da znaš mnogo stranih jezika pa si nekako uporedio.</comment-text><comment-text-transliterated>Srpski je divan jezik, ali zašto misliš da je najbolji? Po kojim kriterijumima? Pretpostavljam da znaš mnogo stranih jezika pa si nekako uporedio.</comment-text-transliterated></comments><comments comment-id="5"><comment-parent-id>empty</comment-parent-id><comment-text>Ja sam ipak za esperanto. Nikada mi nije bilo jasno zasto taj projekat nije zaziveo. Ideja je savrsena. Svi bi bili ravnopravni.</comment-text><comment-text-transliterated>Ja sam ipak za esperanto. Nikada mi nije bilo jasno zasto taj projekat nije zaziveo. Ideja je savrsena. Svi bi bili ravnopravni.</comment-text-transliterated></comments><comments comment-id="6"><comment-parent-id>empty</comment-parent-id><comment-text>A od akcenata naseg Srpsko-Hrvatskog jezika najprivlacniji su: Novosadska/Beogradska Ekavica, pa onda Zadarsko-Sibenska ijekavica, pa onda Trebinjska ijekavica, pa Sinjska ikavica. Svi su iz Shtokavskog narecja.</comment-text><comment-text-transliterated>A od akcenata naseg Srpsko-Hrvatskog jezika najprivlacniji su: Novosadska/Beogradska Ekavica, pa onda Zadarsko-Sibenska ijekavica, pa onda Trebinjska ijekavica, pa Sinjska ikavica. Svi su iz Shtokavskog narecja.</comment-text-transliterated></comments></comment-list></article><comments><comment-count>7</comment-count></comments></document>