<document global_id="sr-03-44"><url>https://www.kurir.rs/planeta/1830329/dodik-bosanski-jezik-ne-postoji-nema-ga-ni-u-ustavu-srpske</url><source-id>03</source-id><local-id>44</local-id><source-name>kurir</source-name><article><article-title> DODIK</article-title><article-time> 2015-06-23</article-time><article-author>Kurir</article-author><article-text>Nemam ništa protiv da Bošnjaci zovu svoj jezik kako žele, ali ne mogu to da nameću drugom, kaže predsednik Republike Srpske.  BANJALUKA - Predsednik Republike Srpske Milorad Dodik tvrdi da ne postoji bosanski jezik, da to ne piše ni u entitetskom Ustavu, odnosno da odluka o bosanskom jeziku nigde ne postoji. "Bošnjački narod je odluku da je to njihov jezik doneo unilateralno", naveo je Dodik na konferenciji za novinare u Banjaluci. Entitetski predsednik je naveo da nema ništa protiv da Bošnjaci pričaju i zovu svoj jezik kako žele, ali da ga ne mogu nametati nekom drugom. Zbog toga, poručio je, nema potrebe da se bilo ko ljuti, prenela je Fena.    Inače, predstavnici Ministarstva prosvete i kulture RS tvrde da su škole u tom bosanskohercegovačkom entitetu, uvodeći bošnjačkim učenicima u đačke knjižice "bošnjački jezik", umesto ranijeg termina "bosanski jezik", postupile na osnovu Ustava RS "poštujući tvorbena pravila srpskog jezika". U Ustavu RS eksplicitno je utvrđeno: "Službeni jezici Republike Srpske su: jezik srpskog naroda, jezik hrvatskog naroda i jezik bošnjačkog naroda", navode iz entitetskog resornog ministarstva u odgovoru na pitanje Fene kako to da su đaci učili iz udžbenika "bosanskog jezika", a u đačke knjižice im je zaveden "bošnjački jezik". "Prema tvorbenim pravilima srpskog jezika od srpski narod izvodi se ekvivalentan naziv srpski jezik, od hrvatski narod izvodi se ekvivalentan naziv hvatski jezik, a od bošnjački narod moguće je jedino izvesti naziv bošnjački jezik, a nikako nije moguće izvesti naziv bosanski jezik", stoji u odgovoru Ministarstva.       Autor:Tanjug    </article-text><article-text-transliterated>Nemam ništa protiv da Bošnjaci zovu svoj jezik kako žele, ali ne mogu to da nameću drugom, kaže predsednik Republike Srpske.  BANJALUKA - Predsednik Republike Srpske Milorad Dodik tvrdi da ne postoji bosanski jezik, da to ne piše ni u entitetskom Ustavu, odnosno da odluka o bosanskom jeziku nigde ne postoji. "Bošnjački narod je odluku da je to njihov jezik doneo unilateralno", naveo je Dodik na konferenciji za novinare u Banjaluci. Entitetski predsednik je naveo da nema ništa protiv da Bošnjaci pričaju i zovu svoj jezik kako žele, ali da ga ne mogu nametati nekom drugom. Zbog toga, poručio je, nema potrebe da se bilo ko ljuti, prenela je Fena.    Inače, predstavnici Ministarstva prosvete i kulture RS tvrde da su škole u tom bosanskohercegovačkom entitetu, uvodeći bošnjačkim učenicima u đačke knjižice "bošnjački jezik", umesto ranijeg termina "bosanski jezik", postupile na osnovu Ustava RS "poštujući tvorbena pravila srpskog jezika". U Ustavu RS eksplicitno je utvrđeno: "Službeni jezici Republike Srpske su: jezik srpskog naroda, jezik hrvatskog naroda i jezik bošnjačkog naroda", navode iz entitetskog resornog ministarstva u odgovoru na pitanje Fene kako to da su đaci učili iz udžbenika "bosanskog jezika", a u đačke knjižice im je zaveden "bošnjački jezik". "Prema tvorbenim pravilima srpskog jezika od srpski narod izvodi se ekvivalentan naziv srpski jezik, od hrvatski narod izvodi se ekvivalentan naziv hvatski jezik, a od bošnjački narod moguće je jedino izvesti naziv bošnjački jezik, a nikako nije moguće izvesti naziv bosanski jezik", stoji u odgovoru Ministarstva.       Autor:Tanjug    </article-text-transliterated><comment-list><comments comment-id="1"><comment-parent-id>empty</comment-parent-id><comment-text>U Austriji se govori "austrijski" jezik...isto kao u Bosni "bosanski"</comment-text><comment-text-transliterated>U Austriji se govori "austrijski" jezik...isto kao u Bosni "bosanski"</comment-text-transliterated></comments><comments comment-id="1-1"><comment-parent-id>1</comment-parent-id><comment-text>Jado ajd nazad u školu. U Austriji se govori nemački a u SAD i Australiji engleski. Kome si ti komadant  deci iz vrtića :)</comment-text><comment-text-transliterated>Jado ajd nazad u školu. U Austriji se govori nemački a u SAD i Australiji engleski. Kome si ti komadant  deci iz vrtića :)</comment-text-transliterated></comments><comments comment-id="1-2"><comment-parent-id>1</comment-parent-id><comment-text>Predpostavljam da pokušavaš da budeš duhovit.</comment-text><comment-text-transliterated>Predpostavljam da pokušavaš da budeš duhovit.</comment-text-transliterated></comments><comments comment-id="2"><comment-parent-id>empty</comment-parent-id><comment-text>I sta sada tu nekome nije jasno. Dodik je lepo obrazlozio.</comment-text><comment-text-transliterated>I sta sada tu nekome nije jasno. Dodik je lepo obrazlozio.</comment-text-transliterated></comments><comments comment-id="3"><comment-parent-id>empty</comment-parent-id><comment-text>Prosle godine za popis stanovnistva iz Sarajeva je isla kampanja usmerena prema Bosnjacima da upisu da govore bosnjacki jezik a sad pretenduju neki bosanski u cilju asimilacije svih naroda koji zive u Bosni.</comment-text><comment-text-transliterated>Prosle godine za popis stanovnistva iz Sarajeva je isla kampanja usmerena prema Bosnjacima da upisu da govore bosnjacki jezik a sad pretenduju neki bosanski u cilju asimilacije svih naroda koji zive u Bosni.</comment-text-transliterated></comments><comments comment-id="4"><comment-parent-id>empty</comment-parent-id><comment-text>U Austriji se govori Njemacki jezik, isto kao u bosni Srpski jezik, kao sto se u americi govori engleski jezik a u Australiji takodje engleski jezik i tako to ide.</comment-text><comment-text-transliterated>U Austriji se govori Njemacki jezik, isto kao u bosni Srpski jezik, kao sto se u americi govori engleski jezik a u Australiji takodje engleski jezik i tako to ide.</comment-text-transliterated></comments></comment-list></article><comments><comment-count>6</comment-count></comments></document>