<document global_id="sr-03-66"><url>https://www.kurir.rs/sport/fudbal/3294237/brazilac-i-portugalac-progovorili-srpski-jezik-evo-kako-su-zvezdina-pojacanja-pozelela-brz-oporavak-tesko-povredjenom-jovicicu-video</url><source-id>03</source-id><local-id>66</local-id><source-name>kurir</source-name><article><article-title> BRAZILAC I PORTUGALAC PROGOVORILI SRPSKI JEZIK</article-title><article-time> 2019-07-29</article-time><article-author>Kurir</article-author><article-text>Crvena zvezda je do kraja jesenjeg dela sezone ostala bez Branka Jovičića, koji je teško povređen u revanšu sa Helsinkijem..  Pouzdani vezista povredio je prednje ukrštene ligamente kolena i mora na operaciju. Saigači su mu pružili podršku, a Brazilac Žander i Portugalac Tomane su zbog njega progovorili srpski jezik:     "Brzo se oporavi", u glas su rekla dvojica Zvezdinih stranaca.  (Kurir.rs/Kurir sport, Foto: Printscreen)  </article-text><article-text-transliterated>Crvena zvezda je do kraja jesenjeg dela sezone ostala bez Branka Jovičića, koji je teško povređen u revanšu sa Helsinkijem..  Pouzdani vezista povredio je prednje ukrštene ligamente kolena i mora na operaciju. Saigači su mu pružili podršku, a Brazilac Žander i Portugalac Tomane su zbog njega progovorili srpski jezik:     "Brzo se oporavi", u glas su rekla dvojica Zvezdinih stranaca.  (Kurir.rs/Kurir sport, Foto: Printscreen)  </article-text-transliterated><comment-list /></article><comments><comment-count>0</comment-count></comments></document>