<document global_id="sr-03-26"><url>https://www.kurir.rs/zabava/pop-kultura/2014365/negujmo-srpski-jezik-dzole-dzogani-vise-ne-ceka-kod-kolima</url><source-id>03</source-id><local-id>26</local-id><source-name>kurir</source-name><article><article-title> NEGUJMO SRPSKI JEZIK</article-title><article-time> 2015-11-11</article-time><article-author>Kurir</article-author><article-text>On i glumac Svetozar Bule Goncić nedavno su snimili reklamu u kojoj jedan drugog uče kako se pravilno izgovaraju reči..  Ðole Ðogani, pevač koji je pored muzike poznat i po čestoj nepravilnoj upotrebi padeža i mešanju slova dž i đ, drži lekciju iz srpskog jezika.Popularni denser verovatno nije ni slutio da će njegova rečenica „Sladžo, čekam te kod kolima“ završiti u kampanji „Negujmo srpski jezik“, ali i to se dogodilo. On i glumac Svetozar Bule Goncić nedavno su snimili reklamu u kojoj jedan drugog uče kako se pravilno izgovaraju reči.Đole se odlično snašao u ulozi spasioca srpskog jezika. Nekima je veoma zabavan, drugima je ipak njegov angažman u ovoj kampanji skandalozan.Pokušali smo da stupimo u kontakt sa denserom, ali njegov telefon juče nije bio dostupan.(Lj. S.)            </article-text><article-text-transliterated>On i glumac Svetozar Bule Goncić nedavno su snimili reklamu u kojoj jedan drugog uče kako se pravilno izgovaraju reči..  Ðole Ðogani, pevač koji je pored muzike poznat i po čestoj nepravilnoj upotrebi padeža i mešanju slova dž i đ, drži lekciju iz srpskog jezika.Popularni denser verovatno nije ni slutio da će njegova rečenica „Sladžo, čekam te kod kolima“ završiti u kampanji „Negujmo srpski jezik“, ali i to se dogodilo. On i glumac Svetozar Bule Goncić nedavno su snimili reklamu u kojoj jedan drugog uče kako se pravilno izgovaraju reči.Đole se odlično snašao u ulozi spasioca srpskog jezika. Nekima je veoma zabavan, drugima je ipak njegov angažman u ovoj kampanji skandalozan.Pokušali smo da stupimo u kontakt sa denserom, ali njegov telefon juče nije bio dostupan.(Lj. S.)            </article-text-transliterated><comment-list><comments comment-id="1"><comment-parent-id>empty</comment-parent-id><comment-text>A dobar je ovaj djogani,niti rijaliti,fura neku svoju pricu,zena,posao,deca i to,sprda se na svoj racun.poceo sam da gotivim iskreno</comment-text><comment-text-transliterated>A dobar je ovaj djogani,niti rijaliti,fura neku svoju pricu,zena,posao,deca i to,sprda se na svoj racun.poceo sam da gotivim iskreno</comment-text-transliterated></comments><comments comment-id="2"><comment-parent-id>empty</comment-parent-id><comment-text>Djogaj  neguje srpski jezik. Nasmejah se do suza.</comment-text><comment-text-transliterated>Djogaj  neguje srpski jezik. Nasmejah se do suza.</comment-text-transliterated></comments><comments comment-id="3"><comment-parent-id>empty</comment-parent-id><comment-text>SviDŽa mi se!</comment-text><comment-text-transliterated>SviDŽa mi se!</comment-text-transliterated></comments><comments comment-id="4"><comment-parent-id>empty</comment-parent-id><comment-text>Pricajte sta hocete, covek je sjajan.</comment-text><comment-text-transliterated>Pricajte sta hocete, covek je sjajan.</comment-text-transliterated></comments><comments comment-id="5"><comment-parent-id>empty</comment-parent-id><comment-text>Sumadijski bluz...bluz dibiduz...</comment-text><comment-text-transliterated>Sumadijski bluz...bluz dibiduz...</comment-text-transliterated></comments><comments comment-id="6"><comment-parent-id>empty</comment-parent-id><comment-text>cim je djogani pristao da bude u kampanji, znaci da je svestan svog neznanja. i to je bolje nego "neki sa diplomama" koji misle da su stvarno pametni</comment-text><comment-text-transliterated>cim je djogani pristao da bude u kampanji, znaci da je svestan svog neznanja. i to je bolje nego "neki sa diplomama" koji misle da su stvarno pametni</comment-text-transliterated></comments></comment-list></article><comments><comment-count>6</comment-count></comments></document>