<document global_id="sr-03-34"><url>https://www.kurir.rs/zabava/pop-kultura/1950879/koji-jezik-cete-govoriti-u-narednom-zivotu</url><source-id>03</source-id><local-id>34</local-id><source-name>kurir</source-name><article><article-title> Koji jezik ćete govoriti u narednom životu?,</article-title><article-time> 2015-09-26</article-time><article-author>Kurir</article-author><article-text>Uradite ovaj kviz i saznajte koji jezik ćete govoriti u narednom životu..           Autor:EPK    </article-text><article-text-transliterated>Uradite ovaj kviz i saznajte koji jezik ćete govoriti u narednom životu..           Autor:EPK    </article-text-transliterated><comment-list><comments comment-id="1"><comment-parent-id>empty</comment-parent-id><comment-text>Ruski</comment-text><comment-text-transliterated>Ruski</comment-text-transliterated></comments><comments comment-id="1-1"><comment-parent-id>1</comment-parent-id><comment-text>I ja brate, nadjemo se nekad tamo da popijemo neku flašicu?</comment-text><comment-text-transliterated>I ja brate, nadjemo se nekad tamo da popijemo neku flašicu?</comment-text-transliterated></comments><comments comment-id="2"><comment-parent-id>empty</comment-parent-id><comment-text>Spanski hahahaha :)))</comment-text><comment-text-transliterated>Spanski hahahaha :)))</comment-text-transliterated></comments><comments comment-id="3"><comment-parent-id>empty</comment-parent-id><comment-text>Italijanski... Objasnjenje "volis lep pogled, skupa kola, dobru hranu... Italijani pojedu pola kg hleba dnevno..." gluposti.... Verovatno i na Islandu vole "lep pogled i dobra kola".</comment-text><comment-text-transliterated>Italijanski... Objasnjenje "volis lep pogled, skupa kola, dobru hranu... Italijani pojedu pola kg hleba dnevno..." gluposti.... Verovatno i na Islandu vole "lep pogled i dobra kola".</comment-text-transliterated></comments><comments comment-id="4"><comment-parent-id>empty</comment-parent-id><comment-text>Mandarinski kineski....O sveta panaijo :)))))</comment-text><comment-text-transliterated>Mandarinski kineski....O sveta panaijo :)))))</comment-text-transliterated></comments><comments comment-id="5"><comment-parent-id>empty</comment-parent-id><comment-text>Satrovacki..... Oo</comment-text><comment-text-transliterated>Satrovacki..... Oo</comment-text-transliterated></comments><comments comment-id="6"><comment-parent-id>empty</comment-parent-id><comment-text>Francuski ... (o_0) uopste nevolim tu arogantnu naciju a jos manje njihov veoma komplikovan jezik (o_0)</comment-text><comment-text-transliterated>Francuski ... (o_0) uopste nevolim tu arogantnu naciju a jos manje njihov veoma komplikovan jezik (o_0)</comment-text-transliterated></comments><comments comment-id="7"><comment-parent-id>empty</comment-parent-id><comment-text>Ako mi uspe potpisivanje ugovora sa firmom, sto posto cu uciti francuski i ziveti u Parizu naredne godine.</comment-text><comment-text-transliterated>Ako mi uspe potpisivanje ugovora sa firmom, sto posto cu uciti francuski i ziveti u Parizu naredne godine.</comment-text-transliterated></comments><comments comment-id="8"><comment-parent-id>empty</comment-parent-id><comment-text>francuski heh  jezik ljubavi....</comment-text><comment-text-transliterated>francuski heh  jezik ljubavi....</comment-text-transliterated></comments><comments comment-id="9"><comment-parent-id>empty</comment-parent-id><comment-text>Hahaha francuski!  A ja bas taj jezik trenutno ucim, vec se spremam za sledeci zivot.</comment-text><comment-text-transliterated>Hahaha francuski!  A ja bas taj jezik trenutno ucim, vec se spremam za sledeci zivot.</comment-text-transliterated></comments><comments comment-id="10"><comment-parent-id>empty</comment-parent-id><comment-text>Pa ja vec govorim francuski ... :(</comment-text><comment-text-transliterated>Pa ja vec govorim francuski ... :(</comment-text-transliterated></comments><comments comment-id="11"><comment-parent-id>empty</comment-parent-id><comment-text>ruski isto.</comment-text><comment-text-transliterated>ruski isto.</comment-text-transliterated></comments><comments comment-id="12"><comment-parent-id>empty</comment-parent-id><comment-text>ja nijedan , svaka cast onom ko posle smrti progovori alal mu vera a svoj vlastiti jezik nosim sa sobom u malu sobu 2 sa 216</comment-text><comment-text-transliterated>ja nijedan , svaka cast onom ko posle smrti progovori alal mu vera a svoj vlastiti jezik nosim sa sobom u malu sobu 2 sa 216</comment-text-transliterated></comments><comments comment-id="13"><comment-parent-id>empty</comment-parent-id><comment-text>Mrtvacki :-))))))</comment-text><comment-text-transliterated>Mrtvacki :-))))))</comment-text-transliterated></comments><comments comment-id="14"><comment-parent-id>empty</comment-parent-id><comment-text>Satrovacki :D</comment-text><comment-text-transliterated>Satrovacki :D</comment-text-transliterated></comments></comment-list></article><comments><comment-count>15</comment-count></comments></document>