<document global_id="sr-03-133"><url>https://www.kurir.rs/stars/2903663/poliglota-rada-parla-engleski-jezik-kao-srpski</url><source-id>03</source-id><local-id>133</local-id><source-name>kurir</source-name><article><article-title> POLIGLOTA</article-title><article-time> 2017-09-02</article-time><article-author>Kurir</article-author><article-text>Dragana Mirković pohvalila je Radu Manojlović da je pametnica i rekla da nije verovala da odlično govori strane jezike. Pevačica je prepričala jednu situaciju kad su se njih dve našle u istom društvu sa strancima, koje je Rada zabavljala..  - Znate šta me je oduševilo kod Rade? Dok smo bile u društvu prijatelja mog supruga, koji su mahom stranci, čula sam kako govori engleski jezik. Bila sam toliko srećna. Jako dobro barata istim - rekla je Dragana, koja je Manojlovićevoj idol odmalena.  Rada je ponosna što ju je njena omiljena pevačica javno pohvalila, pa joj se u poruci zahvalila na lepim rečima.    Kurir / E.K. Foto: Dragana Udovičić  </article-text><article-text-transliterated>Dragana Mirković pohvalila je Radu Manojlović da je pametnica i rekla da nije verovala da odlično govori strane jezike. Pevačica je prepričala jednu situaciju kad su se njih dve našle u istom društvu sa strancima, koje je Rada zabavljala..  - Znate šta me je oduševilo kod Rade? Dok smo bile u društvu prijatelja mog supruga, koji su mahom stranci, čula sam kako govori engleski jezik. Bila sam toliko srećna. Jako dobro barata istim - rekla je Dragana, koja je Manojlovićevoj idol odmalena.  Rada je ponosna što ju je njena omiljena pevačica javno pohvalila, pa joj se u poruci zahvalila na lepim rečima.    Kurir / E.K. Foto: Dragana Udovičić  </article-text-transliterated><comment-list /></article><comments><comment-count>0</comment-count></comments></document>