<document global_id="sr-03-17"><url>https://www.kurir.rs/region/bosna-i-hercegovina/2127043/foto-oni-su-odusevili-svet-ceo-razred-u-sarajevu-naucio-znakovni-jezik-zbog-gluvonemog-drugara</url><source-id>03</source-id><local-id>17</local-id><source-name>kurir</source-name><article><article-title> (FOTO) ONI SU ODUŠEVILI SVET</article-title><article-time> 2016-02-08</article-time><article-author>Kurir</article-author><article-text>SARAJEVO - Drugari iz odjeljenja su uradili neverovatnu stvar za šestogodišnjeg Zejda Ćoralića iz Sarajeva koji je gluvonem..  Prošle godine, Zejdova majka je odlučila da ga pošalje u redovnu školu, ali je nije radovala činjenica da niko u školi ne zna znakovni jezik. Njegova učiteljica Sanela Ljumanović, trudila se svim silama da dopre do Zejda koristeći neke svoje trikove i načine komunikacije, ali je ubrzo shvatila da joj ne ide baš od ruke.    Zato je odlučila da uradi nevjerovatnu stvar za malog Zejda. Naučila je celo odeljenje znakovni jezik kako bi svi lepo mogli da komuniciraju. (metro.co.uk)       Autor:Foto: AP    </article-text><article-text-transliterated>SARAJEVO - Drugari iz odjeljenja su uradili neverovatnu stvar za šestogodišnjeg Zejda Ćoralića iz Sarajeva koji je gluvonem..  Prošle godine, Zejdova majka je odlučila da ga pošalje u redovnu školu, ali je nije radovala činjenica da niko u školi ne zna znakovni jezik. Njegova učiteljica Sanela Ljumanović, trudila se svim silama da dopre do Zejda koristeći neke svoje trikove i načine komunikacije, ali je ubrzo shvatila da joj ne ide baš od ruke.    Zato je odlučila da uradi nevjerovatnu stvar za malog Zejda. Naučila je celo odeljenje znakovni jezik kako bi svi lepo mogli da komuniciraju. (metro.co.uk)       Autor:Foto: AP    </article-text-transliterated><comment-list><comments comment-id="1"><comment-parent-id>empty</comment-parent-id><comment-text>Svaka čast učiteljici. Svaka čast i majci. Svaka čast malim, velikim ljudima. Mi odrasli imamo toliko toga da naučimo od dece. Ovo je, posle mnogo vremena, vest koja me je ozarila.</comment-text><comment-text-transliterated>Svaka čast učiteljici. Svaka čast i majci. Svaka čast malim, velikim ljudima. Mi odrasli imamo toliko toga da naučimo od dece. Ovo je, posle mnogo vremena, vest koja me je ozarila.</comment-text-transliterated></comments><comments comment-id="2"><comment-parent-id>empty</comment-parent-id><comment-text>Bravo za decu i uciteljicu. Pisite vise o ovim stvarima, ovakvih prica ima sigurno jos, a i ako nema toliko, ljudi, a pre svega prosvetni radnici ce se motivisati da ucine nesto vise u zivotu drugih. Ovoj deci je sigurno bilo zabavno i ne tako tesko da uce znakavni jezik, dok ovom malom decaku znaci mnogo.</comment-text><comment-text-transliterated>Bravo za decu i uciteljicu. Pisite vise o ovim stvarima, ovakvih prica ima sigurno jos, a i ako nema toliko, ljudi, a pre svega prosvetni radnici ce se motivisati da ucine nesto vise u zivotu drugih. Ovoj deci je sigurno bilo zabavno i ne tako tesko da uce znakavni jezik, dok ovom malom decaku znaci mnogo.</comment-text-transliterated></comments><comments comment-id="3"><comment-parent-id>empty</comment-parent-id><comment-text>Ma bravo. Braaaaavo. To nam treba.</comment-text><comment-text-transliterated>Ma bravo. Braaaaavo. To nam treba.</comment-text-transliterated></comments><comments comment-id="4"><comment-parent-id>empty</comment-parent-id><comment-text>Bravo! Bravo!</comment-text><comment-text-transliterated>Bravo! Bravo!</comment-text-transliterated></comments><comments comment-id="5"><comment-parent-id>empty</comment-parent-id><comment-text>BRAVO DECO! Deca su ukras sveta! Čiste duše.</comment-text><comment-text-transliterated>BRAVO DECO! Deca su ukras sveta! Čiste duše.</comment-text-transliterated></comments><comments comment-id="6"><comment-parent-id>empty</comment-parent-id><comment-text>Duboki naklon i ogromno poštovanje za ovu učiteljicu. Svaka čast!</comment-text><comment-text-transliterated>Duboki naklon i ogromno poštovanje za ovu učiteljicu. Svaka čast!</comment-text-transliterated></comments><comments comment-id="7"><comment-parent-id>empty</comment-parent-id><comment-text>Bravo divna dječice.</comment-text><comment-text-transliterated>Bravo divna dječice.</comment-text-transliterated></comments><comments comment-id="8"><comment-parent-id>empty</comment-parent-id><comment-text>Predivno...tako bi svi trebali da učine ukoliko sa njima radi ili živi gluvonema osoba...prelepo !!!</comment-text><comment-text-transliterated>Predivno...tako bi svi trebali da učine ukoliko sa njima radi ili živi gluvonema osoba...prelepo !!!</comment-text-transliterated></comments><comments comment-id="8-1"><comment-parent-id>8</comment-parent-id><comment-text>Ma jes, jos da im dodaju i znakovni, a moze i kineski. Ko da se ne uci dovoljno nepotrebnih stvari u skoli.</comment-text><comment-text-transliterated>Ma jes, jos da im dodaju i znakovni, a moze i kineski. Ko da se ne uci dovoljno nepotrebnih stvari u skoli.</comment-text-transliterated></comments><comments comment-id="9"><comment-parent-id>empty</comment-parent-id><comment-text>Rasplakah se..svaka čast učiteljici pre svega a i tim mališanima...oduševili su me...</comment-text><comment-text-transliterated>Rasplakah se..svaka čast učiteljici pre svega a i tim mališanima...oduševili su me...</comment-text-transliterated></comments><comments comment-id="10"><comment-parent-id>empty</comment-parent-id><comment-text>Napokon prosvjetni radnik od kojeg djeca imaju šta naučiti - bravo.</comment-text><comment-text-transliterated>Napokon prosvjetni radnik od kojeg djeca imaju šta naučiti - bravo.</comment-text-transliterated></comments><comments comment-id="11"><comment-parent-id>empty</comment-parent-id><comment-text>Mnogo još moramo da učimo od dece, na žalost, češće su strašno mnogo pametnija i plemenitija od nas. Aca Kragujevac</comment-text><comment-text-transliterated>Mnogo još moramo da učimo od dece, na žalost, češće su strašno mnogo pametnija i plemenitija od nas. Aca Kragujevac</comment-text-transliterated></comments><comments comment-id="12"><comment-parent-id>empty</comment-parent-id><comment-text>Još jedna lekcija dece starijima. Dokaz da uz malo truda mogu da postanu veliki ljudi. Svaka čast učiteljici. Dodatno se angažovala da bi nešto učinila za decu i njihovo vaspitanje. A još nije stimulisana zaradom, niti je to očekivala. Lekcija i za roditelje i za prosvetne radnike.</comment-text><comment-text-transliterated>Još jedna lekcija dece starijima. Dokaz da uz malo truda mogu da postanu veliki ljudi. Svaka čast učiteljici. Dodatno se angažovala da bi nešto učinila za decu i njihovo vaspitanje. A još nije stimulisana zaradom, niti je to očekivala. Lekcija i za roditelje i za prosvetne radnike.</comment-text-transliterated></comments><comments comment-id="13"><comment-parent-id>empty</comment-parent-id><comment-text>Bravo, bravo, bravo... Sve pohvale za uciteljicu. Pravi profesionalac a pre svega covek i majka. Za Zejdove drugare iz razreda nemam reci. Nadam se da ce ta deca biti bolja od nas starijih i napraviti ovo okruzenje boljim mestom za zivot. Zelim vam svu srecu u zivotu!!! Pozdrav iz Beograda.</comment-text><comment-text-transliterated>Bravo, bravo, bravo... Sve pohvale za uciteljicu. Pravi profesionalac a pre svega covek i majka. Za Zejdove drugare iz razreda nemam reci. Nadam se da ce ta deca biti bolja od nas starijih i napraviti ovo okruzenje boljim mestom za zivot. Zelim vam svu srecu u zivotu!!! Pozdrav iz Beograda.</comment-text-transliterated></comments><comments comment-id="14"><comment-parent-id>empty</comment-parent-id><comment-text>Ja naucio zbog gluvoneme devojke i onda me ostavila. Nikad vise nista ni zbog koga!</comment-text><comment-text-transliterated>Ja naucio zbog gluvoneme devojke i onda me ostavila. Nikad vise nista ni zbog koga!</comment-text-transliterated></comments><comments comment-id="15"><comment-parent-id>empty</comment-parent-id><comment-text>Bravo, bravo, bravo...</comment-text><comment-text-transliterated>Bravo, bravo, bravo...</comment-text-transliterated></comments><comments comment-id="16"><comment-parent-id>empty</comment-parent-id><comment-text>Svaka čast učiteljici i deci!</comment-text><comment-text-transliterated>Svaka čast učiteljici i deci!</comment-text-transliterated></comments><comments comment-id="17"><comment-parent-id>empty</comment-parent-id><comment-text>suza mi krenula</comment-text><comment-text-transliterated>suza mi krenula</comment-text-transliterated></comments><comments comment-id="18"><comment-parent-id>empty</comment-parent-id><comment-text>Mi odrasli nismo baš bili zainteresovani da naučimo jezik ljudi koji su živeli pored nas, a maternji im bio drugačiji jezik. U nekim državama  Amerike stanovnici su dužni da nauče osnove znakovnog jezika u krugu od 200m gde živi gluvonema osoba. Veliko hvala učiteljici i deci što su mi ulepšali dan. Želim im svima mnogo sreće</comment-text><comment-text-transliterated>Mi odrasli nismo baš bili zainteresovani da naučimo jezik ljudi koji su živeli pored nas, a maternji im bio drugačiji jezik. U nekim državama  Amerike stanovnici su dužni da nauče osnove znakovnog jezika u krugu od 200m gde živi gluvonema osoba. Veliko hvala učiteljici i deci što su mi ulepšali dan. Želim im svima mnogo sreće</comment-text-transliterated></comments><comments comment-id="19"><comment-parent-id>empty</comment-parent-id><comment-text>BRAVO, BRAVO, BRAVO</comment-text><comment-text-transliterated>BRAVO, BRAVO, BRAVO</comment-text-transliterated></comments><comments comment-id="20"><comment-parent-id>empty</comment-parent-id><comment-text>Bravooooo.....imam pedeset godina a deca me svaki put oduševe do suza, kao da do sada nisu hiljadu puta pokazala koliko su veći ljudi od nas odraslih!!!</comment-text><comment-text-transliterated>Bravooooo.....imam pedeset godina a deca me svaki put oduševe do suza, kao da do sada nisu hiljadu puta pokazala koliko su veći ljudi od nas odraslih!!!</comment-text-transliterated></comments><comments comment-id="21"><comment-parent-id>empty</comment-parent-id><comment-text>neverovatno...bravo uciteljice, lekcija za mnoge!!!!!!!</comment-text><comment-text-transliterated>neverovatno...bravo uciteljice, lekcija za mnoge!!!!!!!</comment-text-transliterated></comments><comments comment-id="22"><comment-parent-id>empty</comment-parent-id><comment-text>Svaka cast ! Sve pohvale za uciteljicu..Za djecu isto tako..Meni su roditelji gluvonijemi i uz njih sam naucila taj jezik..Sreca je pa ima tako dobrih ljudi jos uvijek da pomazu drugima..</comment-text><comment-text-transliterated>Svaka cast ! Sve pohvale za uciteljicu..Za djecu isto tako..Meni su roditelji gluvonijemi i uz njih sam naucila taj jezik..Sreca je pa ima tako dobrih ljudi jos uvijek da pomazu drugima..</comment-text-transliterated></comments></comment-list></article><comments><comment-count>23</comment-count></comments></document>