<document global_id="sr-03-78"><url>https://www.kurir.rs/zabava/pop-kultura/3160461/niko-nece-izaci-kao-pobednik-nakon-2-godine-bred-i-andzelina-nasli-zajednicki-jezik-odluka-najpopularnijeg-para-odusevice-fanove</url><source-id>03</source-id><local-id>78</local-id><source-name>kurir</source-name><article><article-title> NIKO NEĆE IZAĆI KAO POBEDNIK! Nakon 2 godine, Bred i Andželina našli zajednički jezik! Odluka najpopularnijeg ,</article-title><article-time> 2018-11-23</article-time><article-author>Kurir</article-author><article-text>.  Anđelina DžoliiBred Pitrešili su da u prvi plan stave svoju decu, umestorazmirica. Dve godine nakod podnošenja zahteva za razvod, konačno su našli zajednički jezik. Kako prenose strani mediji, oni su navodno spremni da se dogovore oko starateljstva nad decom, jer su shvatili da njihovi međusobni problemi samo štete deci i da to treba da bude zapravo najbitnije.    Zapravo, sporazum o kojem se sve više priča bivši supružnici još uvek nisu potpisali.Iako je Anđelina sve vreme pokušavala da postigne da Bred što manje vremena provodi sa decom, izgleda da će se stvari promeniti. Njih dvoje nisu potpisali predbračni ugovor, tako da još nije poznato ni kako će Bred i Džoli raspodeliti imovinu "Kako god se završilo, niko neće izaći iz ovoga kao pobednik", rekao je izvor za "US Weekly". Podsetimo, Anđelina i Bred su se venčali u avgustu 2014. godine. Imaju sinove Medoksa (17) i Peksa (13), ćerku Zaharu (13) i Šiloh (12), kao i blizance Noks i Vivijen (10). Kurir.rs / Foto: Profimedia  </article-text><article-text-transliterated>.  Anđelina DžoliiBred Pitrešili su da u prvi plan stave svoju decu, umestorazmirica. Dve godine nakod podnošenja zahteva za razvod, konačno su našli zajednički jezik. Kako prenose strani mediji, oni su navodno spremni da se dogovore oko starateljstva nad decom, jer su shvatili da njihovi međusobni problemi samo štete deci i da to treba da bude zapravo najbitnije.    Zapravo, sporazum o kojem se sve više priča bivši supružnici još uvek nisu potpisali.Iako je Anđelina sve vreme pokušavala da postigne da Bred što manje vremena provodi sa decom, izgleda da će se stvari promeniti. Njih dvoje nisu potpisali predbračni ugovor, tako da još nije poznato ni kako će Bred i Džoli raspodeliti imovinu "Kako god se završilo, niko neće izaći iz ovoga kao pobednik", rekao je izvor za "US Weekly". Podsetimo, Anđelina i Bred su se venčali u avgustu 2014. godine. Imaju sinove Medoksa (17) i Peksa (13), ćerku Zaharu (13) i Šiloh (12), kao i blizance Noks i Vivijen (10). Kurir.rs / Foto: Profimedia  </article-text-transliterated><comment-list /></article><comments><comment-count>0</comment-count></comments></document>