<document global_id="sr-03-137"><url>https://www.kurir.rs/vesti/politika/2829639/dacic-haradinaju-skrati-jezik-nis-mozes-da-vidis-samo-u-zatvoru</url><source-id>03</source-id><local-id>137</local-id><source-name>kurir</source-name><article><article-title> DAČIĆ HARADINAJU</article-title><article-time> 2017-05-13</article-time><article-author>Kurir</article-author><article-text>NOVI SAD - Bivši šef Misije OEBS-a na Kosovu i Metohiji Vilijam Voker je radio planski deo posla na "stvaranju albanske države na teritoriji Srbije", a sada vidimo da je to zapravo koncepcija velike Albanije o kojoj govori bivši kosovski premijer Ramuš Haradinaj, izjavio je danas ministar spoljnih poslova Ivica Dačić..   Ne propustite...    KRVNIK HARADINAJ PRETI: Uzeću Srbiji sve do Niša, ako iz ustava ne izbrišu Kosovo      DAČIĆ: Srbija treba da preduzme sve pravne mere protiv Vokera i krivaca za bombardovanje 1999.      ZBOG NJENE KNJIGE VOKER JE POBESNEO: Danica Marinković napisala ISTINU o prevari u RAČKU      MARKO ĐURIĆ: Srbija se ne plaši ljudi koji su presvukli terorističke uniforme i glume političare      NIKOLIĆ UZVRATIO RAMUŠU: Haradinaj je besan pas koji je osetio krv i mora da bude kažnjen      DAČIĆ PORUČIO HARADINAJU:  Mala je granica između snova i košmara    On je u Novom Sadu to rekao komentarišući izjavu Haradinaja a ako "Srbija u svom ustavu i dalje bude imala Kosovo i Metohiju, onda bi Kosovo trebalo da odgovori recipročnim merama i u svoj ustav stavi jednu trećinu teritorije Srbije".    "Haradinaj je samo dovoljno glup da o toj koncepciji na glas govori, a svi oni tajno to misle i tajno na tome rade. Ali hvala mu što je rekao, da ceo svet može da vidi šta je njihova koncepcija", kazao je Dačić novinarima. Foto: Reuters On je kritikovao "ceo svet" što o ovakvim stvarima ćute i što su "gluvonemi kada je Srbija u pitanju" i zapitao šta bi se desilo kada bi Srbija slične stvari govorila u kontekstu Bosne i Hercegovine, jer je uz njega stajao ministar spoljnih poslova BiH Igor Crnadak. "Ja bih Haradinaju savetovao da skrati jezik, zato što njegove žrtve... njima nije samo skraćivao jezik, nego ih je ubijao. A Niš može da vidi, kao što ste čuli, samo u zatvoru", dodao je Dačić. Time je Dačić aludirao na jučerašnju izjavu potpredsednika Vlade Srbije i ministra policije Nebojše Stefanovića istim povodom, koji je Haradinaju poručio da "Niš može da vidi samo iz niškog okružnog zatvora i to - iznutra".Uputstva srpskim diplomatama su, kako je Dačić objasnio, da o ovome govore u celom svetu, "bez ustručavanja i milosti".On je dodao da se o Ustavu, Nišu, velikoj Albaniji i teritorijama priča jer "Albancima trenutno ne ide kako treba". Dačić je dodao da je vezano za ovakve izjave "Srbija mirna, ne zato što je slaba, već zato što je jaka". "Nikad ne reagujete baš na svakog komarca koji vas ujede, ali kada jednom reagujete, onda je kraj, zato ih i pozivam da se prizovu pameti", kazao je Dačić.       Autor:Beta, Foto: Dragana Udovičić    </article-text><article-text-transliterated>NOVI SAD - Bivši šef Misije OEBS-a na Kosovu i Metohiji Vilijam Voker je radio planski deo posla na "stvaranju albanske države na teritoriji Srbije", a sada vidimo da je to zapravo koncepcija velike Albanije o kojoj govori bivši kosovski premijer Ramuš Haradinaj, izjavio je danas ministar spoljnih poslova Ivica Dačić..   Ne propustite...    KRVNIK HARADINAJ PRETI: Uzeću Srbiji sve do Niša, ako iz ustava ne izbrišu Kosovo      DAČIĆ: Srbija treba da preduzme sve pravne mere protiv Vokera i krivaca za bombardovanje 1999.      ZBOG NJENE KNJIGE VOKER JE POBESNEO: Danica Marinković napisala ISTINU o prevari u RAČKU      MARKO ĐURIĆ: Srbija se ne plaši ljudi koji su presvukli terorističke uniforme i glume političare      NIKOLIĆ UZVRATIO RAMUŠU: Haradinaj je besan pas koji je osetio krv i mora da bude kažnjen      DAČIĆ PORUČIO HARADINAJU:  Mala je granica između snova i košmara    On je u Novom Sadu to rekao komentarišući izjavu Haradinaja a ako "Srbija u svom ustavu i dalje bude imala Kosovo i Metohiju, onda bi Kosovo trebalo da odgovori recipročnim merama i u svoj ustav stavi jednu trećinu teritorije Srbije".    "Haradinaj je samo dovoljno glup da o toj koncepciji na glas govori, a svi oni tajno to misle i tajno na tome rade. Ali hvala mu što je rekao, da ceo svet može da vidi šta je njihova koncepcija", kazao je Dačić novinarima. Foto: Reuters On je kritikovao "ceo svet" što o ovakvim stvarima ćute i što su "gluvonemi kada je Srbija u pitanju" i zapitao šta bi se desilo kada bi Srbija slične stvari govorila u kontekstu Bosne i Hercegovine, jer je uz njega stajao ministar spoljnih poslova BiH Igor Crnadak. "Ja bih Haradinaju savetovao da skrati jezik, zato što njegove žrtve... njima nije samo skraćivao jezik, nego ih je ubijao. A Niš može da vidi, kao što ste čuli, samo u zatvoru", dodao je Dačić. Time je Dačić aludirao na jučerašnju izjavu potpredsednika Vlade Srbije i ministra policije Nebojše Stefanovića istim povodom, koji je Haradinaju poručio da "Niš može da vidi samo iz niškog okružnog zatvora i to - iznutra".Uputstva srpskim diplomatama su, kako je Dačić objasnio, da o ovome govore u celom svetu, "bez ustručavanja i milosti".On je dodao da se o Ustavu, Nišu, velikoj Albaniji i teritorijama priča jer "Albancima trenutno ne ide kako treba". Dačić je dodao da je vezano za ovakve izjave "Srbija mirna, ne zato što je slaba, već zato što je jaka". "Nikad ne reagujete baš na svakog komarca koji vas ujede, ali kada jednom reagujete, onda je kraj, zato ih i pozivam da se prizovu pameti", kazao je Dačić.       Autor:Beta, Foto: Dragana Udovičić    </article-text-transliterated><comment-list><comments comment-id="1"><comment-parent-id>empty</comment-parent-id><comment-text>Bravo Ivice svaka ti je zlatna..</comment-text><comment-text-transliterated>Bravo Ivice svaka ti je zlatna..</comment-text-transliterated></comments><comments comment-id="2"><comment-parent-id>empty</comment-parent-id><comment-text>Srbija ne reaguje na provokacije jer se bori za mir i stabilnost !Ali kada jednom odreaguje neće više biti provokacija!</comment-text><comment-text-transliterated>Srbija ne reaguje na provokacije jer se bori za mir i stabilnost !Ali kada jednom odreaguje neće više biti provokacija!</comment-text-transliterated></comments><comments comment-id="3"><comment-parent-id>empty</comment-parent-id><comment-text>Dobro mu je Dacic rekao.</comment-text><comment-text-transliterated>Dobro mu je Dacic rekao.</comment-text-transliterated></comments><comments comment-id="4"><comment-parent-id>empty</comment-parent-id><comment-text>Dobro mu je i rekao!</comment-text><comment-text-transliterated>Dobro mu je i rekao!</comment-text-transliterated></comments><comments comment-id="5"><comment-parent-id>empty</comment-parent-id><comment-text>Dačić je upravu za sve što je rekao, Srbija se neda i ne ćuti više nikom.</comment-text><comment-text-transliterated>Dačić je upravu za sve što je rekao, Srbija se neda i ne ćuti više nikom.</comment-text-transliterated></comments><comments comment-id="6"><comment-parent-id>empty</comment-parent-id><comment-text>Uh, al se uplašio, neće moći večeras da spava. :-)</comment-text><comment-text-transliterated>Uh, al se uplašio, neće moći večeras da spava. :-)</comment-text-transliterated></comments><comments comment-id="7"><comment-parent-id>empty</comment-parent-id><comment-text>Ako ima pravde tako ce i biti.</comment-text><comment-text-transliterated>Ako ima pravde tako ce i biti.</comment-text-transliterated></comments><comments comment-id="8"><comment-parent-id>empty</comment-parent-id><comment-text>Verujem da ce doci i taj dan.</comment-text><comment-text-transliterated>Verujem da ce doci i taj dan.</comment-text-transliterated></comments><comments comment-id="9"><comment-parent-id>empty</comment-parent-id><comment-text>Duhovit je ovaj Dacic, jos i lepo peva</comment-text><comment-text-transliterated>Duhovit je ovaj Dacic, jos i lepo peva</comment-text-transliterated></comments><comments comment-id="10"><comment-parent-id>empty</comment-parent-id><comment-text>Dacic je u pravu,  ne moze se precutati na pretnje Haradinaja.</comment-text><comment-text-transliterated>Dacic je u pravu,  ne moze se precutati na pretnje Haradinaja.</comment-text-transliterated></comments><comments comment-id="11"><comment-parent-id>empty</comment-parent-id><comment-text>E dobro si mu rekao Ivice,nije bas diplomatski...!</comment-text><comment-text-transliterated>E dobro si mu rekao Ivice,nije bas diplomatski...!</comment-text-transliterated></comments><comments comment-id="12"><comment-parent-id>empty</comment-parent-id><comment-text>Tako ce i biti drugacije nikako...</comment-text><comment-text-transliterated>Tako ce i biti drugacije nikako...</comment-text-transliterated></comments><comments comment-id="13"><comment-parent-id>empty</comment-parent-id><comment-text>Dačiću, samo jako! Bravo na ovoj izjavi!!!</comment-text><comment-text-transliterated>Dačiću, samo jako! Bravo na ovoj izjavi!!!</comment-text-transliterated></comments><comments comment-id="14"><comment-parent-id>empty</comment-parent-id><comment-text>Dacic je bas to dobro rekao.</comment-text><comment-text-transliterated>Dacic je bas to dobro rekao.</comment-text-transliterated></comments><comments comment-id="15"><comment-parent-id>empty</comment-parent-id><comment-text>Pozlatile mu se sve reči koje je rekao,krvnicima je stvarno mesto u zatvoru.</comment-text><comment-text-transliterated>Pozlatile mu se sve reči koje je rekao,krvnicima je stvarno mesto u zatvoru.</comment-text-transliterated></comments><comments comment-id="16"><comment-parent-id>empty</comment-parent-id><comment-text>Ово је само бацање прашине у очи овом народу.Проблем Србије је у спроведеном друштвеном систему.Сви ови ликови су само чувари тог и таквог система.</comment-text><comment-text-transliterated>Ovo je samo bacanje prašine u oči ovom narodu.Problem Srbije je u sprovedenom društvenom sistemu.Svi ovi likovi su samo čuvari tog i takvog sistema.</comment-text-transliterated></comments><comments comment-id="17"><comment-parent-id>empty</comment-parent-id><comment-text>Srbija ima na šta da bude ponosna, tako i da ne treba nikom da ćuti.</comment-text><comment-text-transliterated>Srbija ima na šta da bude ponosna, tako i da ne treba nikom da ćuti.</comment-text-transliterated></comments><comments comment-id="18"><comment-parent-id>empty</comment-parent-id><comment-text>Srbija je sada dovoljno jaka !</comment-text><comment-text-transliterated>Srbija je sada dovoljno jaka !</comment-text-transliterated></comments><comments comment-id="19"><comment-parent-id>empty</comment-parent-id><comment-text>E neka mu je i rekao, dokle bre vise sa prozivkama i podbadanjem, dokle ide taj bezobrazluk?</comment-text><comment-text-transliterated>E neka mu je i rekao, dokle bre vise sa prozivkama i podbadanjem, dokle ide taj bezobrazluk?</comment-text-transliterated></comments><comments comment-id="20"><comment-parent-id>empty</comment-parent-id><comment-text>Projekat stvaranja velike Albanije se ne skriva, a svetski zvanicnici toboz to ne podrzavaju javno, a prakticno su se pokazali 1999 godine !</comment-text><comment-text-transliterated>Projekat stvaranja velike Albanije se ne skriva, a svetski zvanicnici toboz to ne podrzavaju javno, a prakticno su se pokazali 1999 godine !</comment-text-transliterated></comments><comments comment-id="21"><comment-parent-id>empty</comment-parent-id><comment-text>Sve sto mu jeje Dacic rekao je istina i sve neka bude kako je on zasluzio.</comment-text><comment-text-transliterated>Sve sto mu jeje Dacic rekao je istina i sve neka bude kako je on zasluzio.</comment-text-transliterated></comments><comments comment-id="22"><comment-parent-id>empty</comment-parent-id><comment-text>Upravo tako, a ako ima pravde to ce se i desiti</comment-text><comment-text-transliterated>Upravo tako, a ako ima pravde to ce se i desiti</comment-text-transliterated></comments><comments comment-id="23"><comment-parent-id>empty</comment-parent-id><comment-text>Dacic je apsolutno u pravu,Nis moze samo da vidi iz zatvora.</comment-text><comment-text-transliterated>Dacic je apsolutno u pravu,Nis moze samo da vidi iz zatvora.</comment-text-transliterated></comments><comments comment-id="24"><comment-parent-id>empty</comment-parent-id><comment-text>dobro je reko haradinaj  albansko je do nisha  ima granica mola e kuce odnosno crvena jabuka do bro znaju kako su otimali albanske teritorije sad je moment da vratimo  nase teritorije</comment-text><comment-text-transliterated>dobro je reko haradinaj  albansko je do nisha  ima granica mola e kuce odnosno crvena jabuka do bro znaju kako su otimali albanske teritorije sad je moment da vratimo  nase teritorije</comment-text-transliterated></comments><comments comment-id="25"><comment-parent-id>empty</comment-parent-id><comment-text>Vise nikome ne cutimo.</comment-text><comment-text-transliterated>Vise nikome ne cutimo.</comment-text-transliterated></comments><comments comment-id="26"><comment-parent-id>empty</comment-parent-id><comment-text>Može da vidi Niš ali samo iz zatvora sa unutrašnje strane!</comment-text><comment-text-transliterated>Može da vidi Niš ali samo iz zatvora sa unutrašnje strane!</comment-text-transliterated></comments><comments comment-id="27"><comment-parent-id>empty</comment-parent-id><comment-text>Bravo Dacicu, moze ga videti samo iza resetaka.</comment-text><comment-text-transliterated>Bravo Dacicu, moze ga videti samo iza resetaka.</comment-text-transliterated></comments><comments comment-id="28"><comment-parent-id>empty</comment-parent-id><comment-text>Ne damo delove nase teritorije raznim zločincima.</comment-text><comment-text-transliterated>Ne damo delove nase teritorije raznim zločincima.</comment-text-transliterated></comments><comments comment-id="29"><comment-parent-id>empty</comment-parent-id><comment-text>Eu je dokazala da joj nisu bitni interesi Srbije zato sto ga nije izrucila.</comment-text><comment-text-transliterated>Eu je dokazala da joj nisu bitni interesi Srbije zato sto ga nije izrucila.</comment-text-transliterated></comments><comments comment-id="30"><comment-parent-id>empty</comment-parent-id><comment-text>Bravo Dacicu, tako treba sa tim zlocincem!</comment-text><comment-text-transliterated>Bravo Dacicu, tako treba sa tim zlocincem!</comment-text-transliterated></comments><comments comment-id="31"><comment-parent-id>empty</comment-parent-id><comment-text>Haradinaj mora da bude u zatvoru.</comment-text><comment-text-transliterated>Haradinaj mora da bude u zatvoru.</comment-text-transliterated></comments><comments comment-id="32"><comment-parent-id>empty</comment-parent-id><comment-text>Treba ga smestiti u zatvor ,a onda će mu se jezik sam skratiti !!!</comment-text><comment-text-transliterated>Treba ga smestiti u zatvor ,a onda će mu se jezik sam skratiti !!!</comment-text-transliterated></comments><comments comment-id="33"><comment-parent-id>empty</comment-parent-id><comment-text>Necemo dozvoliti da nam zlocinci uzimaju nasu teritoriju.</comment-text><comment-text-transliterated>Necemo dozvoliti da nam zlocinci uzimaju nasu teritoriju.</comment-text-transliterated></comments><comments comment-id="34"><comment-parent-id>empty</comment-parent-id><comment-text>Haradinaj je zlikovac koji mora biti izveden pred lice pravde zbog svih zrtvi koje je pobio!</comment-text><comment-text-transliterated>Haradinaj je zlikovac koji mora biti izveden pred lice pravde zbog svih zrtvi koje je pobio!</comment-text-transliterated></comments><comments comment-id="35"><comment-parent-id>empty</comment-parent-id><comment-text>Tako je, neka mu je rekao Dačić.</comment-text><comment-text-transliterated>Tako je, neka mu je rekao Dačić.</comment-text-transliterated></comments><comments comment-id="36"><comment-parent-id>empty</comment-parent-id><comment-text>Tako je, i treba da mu kaže.</comment-text><comment-text-transliterated>Tako je, i treba da mu kaže.</comment-text-transliterated></comments><comments comment-id="37"><comment-parent-id>empty</comment-parent-id><comment-text>Haradinaj mora zbog svojih zlocina da robija.</comment-text><comment-text-transliterated>Haradinaj mora zbog svojih zlocina da robija.</comment-text-transliterated></comments><comments comment-id="38"><comment-parent-id>empty</comment-parent-id><comment-text>Odličan odgovor Dačića, lično bih voleo da što pre vidim Haradinaja iza rešataka.</comment-text><comment-text-transliterated>Odličan odgovor Dačića, lično bih voleo da što pre vidim Haradinaja iza rešataka.</comment-text-transliterated></comments></comment-list></article><comments><comment-count>38</comment-count></comments></document>