<document global_id="sr-03-11"><url>https://www.kurir.rs/zabava/zanimljivosti/2690833/neodoljiva-privlacnost-ovo-je-najseksepilniji-jezik-za-zene-i-muskarce</url><source-id>03</source-id><local-id>11</local-id><source-name>kurir</source-name><article><article-title> NEODOLJIVA PRIVLAČNOST</article-title><article-time> 2017-02-19</article-time><article-author>Kurir</article-author><article-text>Kada su jezici i svetske zemlje u pitanju vladaju neki stereotipi: Francuzi su romantični, a Španci strastveni. Ali jezici ovih zemalja se nisu našli na vrhu liste najseksualnijih na svetu..   Ne propustite...    (VIDEO) TAKO JE GOVORIO CICERON! Evo kako je zaista zvučao latinski jezik      (VIDEO) NEOBJAŠNJIVO: Probudio se iz kome i tečno pričao strani jezik koji nikada pre nije znao    Internet stranica za upoznavanje "PlentyOfDish" je analizirala 50 miliona poruka poslatih u januaru 2017. i 325 njihovih korisnika u SAD. Rezultati su pokazali da Amerikanke najviše privlače muškarci koji kao drugi jezik pričaju nemački. S druge strane, Amerikance su najviše privlačile žene koje kao drugi jezik pričaju holandski.    Ljudi koji pričaju dva jezika su obrazovaniji, što je mnogim ženama i muškarcima seksi.Šansa da će samac da pošalje ženi poruku je rasla za 73 odsto ako dama govori dva jezika.Foto: Thinkstock Analitičar Majkl Mekdermot u jednom od najvećih internet servisa za upoznavanje ljudi je otkrio da ljudi koji govore dva jezika otkrivaju više informacija o sebi na svojim profilima, zbog čega su privlačniji korisnicima na Internetu. Poput naglaska, poznavanje drugog jezika može da bude vrlo seksi. Takođe je pokazatelj višeg obrazovanja, rekao je Mekdermot. Muškarci koji govore dva jezika primiće više poruka ako pričaju: 1. nemački 2. švedski 3. holandski 4. norveški 5. tajlandski 6. portugalski 7. francuski 8. japanski 9. arapski 10. ruskiFoto: Profimedia Žene koje govore dva jezika primiće više poruka ako pričaju: 1. holandski 2. arapski 3. švedski 4. norveški 5. jeverjski 6. španski 7. ruski 8. portugalski 9. francuski 10. tajlandski (punkufer.hr)       Autor:Foto: Profimedia, Foto: Thinkstock    </article-text><article-text-transliterated>Kada su jezici i svetske zemlje u pitanju vladaju neki stereotipi: Francuzi su romantični, a Španci strastveni. Ali jezici ovih zemalja se nisu našli na vrhu liste najseksualnijih na svetu..   Ne propustite...    (VIDEO) TAKO JE GOVORIO CICERON! Evo kako je zaista zvučao latinski jezik      (VIDEO) NEOBJAŠNJIVO: Probudio se iz kome i tečno pričao strani jezik koji nikada pre nije znao    Internet stranica za upoznavanje "PlentyOfDish" je analizirala 50 miliona poruka poslatih u januaru 2017. i 325 njihovih korisnika u SAD. Rezultati su pokazali da Amerikanke najviše privlače muškarci koji kao drugi jezik pričaju nemački. S druge strane, Amerikance su najviše privlačile žene koje kao drugi jezik pričaju holandski.    Ljudi koji pričaju dva jezika su obrazovaniji, što je mnogim ženama i muškarcima seksi.Šansa da će samac da pošalje ženi poruku je rasla za 73 odsto ako dama govori dva jezika.Foto: Thinkstock Analitičar Majkl Mekdermot u jednom od najvećih internet servisa za upoznavanje ljudi je otkrio da ljudi koji govore dva jezika otkrivaju više informacija o sebi na svojim profilima, zbog čega su privlačniji korisnicima na Internetu. Poput naglaska, poznavanje drugog jezika može da bude vrlo seksi. Takođe je pokazatelj višeg obrazovanja, rekao je Mekdermot. Muškarci koji govore dva jezika primiće više poruka ako pričaju: 1. nemački 2. švedski 3. holandski 4. norveški 5. tajlandski 6. portugalski 7. francuski 8. japanski 9. arapski 10. ruskiFoto: Profimedia Žene koje govore dva jezika primiće više poruka ako pričaju: 1. holandski 2. arapski 3. švedski 4. norveški 5. jeverjski 6. španski 7. ruski 8. portugalski 9. francuski 10. tajlandski (punkufer.hr)       Autor:Foto: Profimedia, Foto: Thinkstock    </article-text-transliterated><comment-list /></article><comments><comment-count>0</comment-count></comments></document>