<document global_id="sr-03-140"><url>https://www.kurir.rs/planeta/2799863/potpuno-se-odrekao-amerike-snouden-poceo-da-uci-ruski-jezik</url><source-id>03</source-id><local-id>140</local-id><source-name>kurir</source-name><article><article-title> POTPUNO SE ODREKAO AMERIKE</article-title><article-time> 2017-04-24</article-time><article-author>Kurir</article-author><article-text>Predstavnici administracije predsednika SAD Donalda Trampa još uvek nisu stupili u kontakt sa bivšim radnikom američke Agencije za nacionalnu bezbednosti Edvardom Snoudenom, rekao je njegov advokat Anatolij Kučerena..   Ne propustite...    (VIDEO) SNOUDEN PODRŽAO POBUNJENU OMLADINU U RIJU: Nikad ne sumnjajte da možete promeniti svet      SNOUDEN OTKRIO STROGO ČUVANU TAJNU: Evo koliko košta majka svih bombi koja je bačena u Avganistanu      OPASNO OTKRIĆE: CIA nas uvek posmatra      CIA VAS ŠPIJUNIRA PREKO TELEFONA, TELEVIZORA, KOMPJUTERA: Vikiliks objavio najveće otkriće IKADA!    „Ne, još uvek niko nije pokušao da stupi sa njim u kontakt. Smatram da je Snouden izrazio svoj stav i da se on neće promeniti“, rekao je Kučerena.    Prema njegovim rečima, Snouden nastavlja da živi i radi u Rusiji i uči ruski jezik.     „Počeo je da uči ruski jezik i već ga pomalo govori“, dodao je advokat.  (Sputnik)            </article-text><article-text-transliterated>Predstavnici administracije predsednika SAD Donalda Trampa još uvek nisu stupili u kontakt sa bivšim radnikom američke Agencije za nacionalnu bezbednosti Edvardom Snoudenom, rekao je njegov advokat Anatolij Kučerena..   Ne propustite...    (VIDEO) SNOUDEN PODRŽAO POBUNJENU OMLADINU U RIJU: Nikad ne sumnjajte da možete promeniti svet      SNOUDEN OTKRIO STROGO ČUVANU TAJNU: Evo koliko košta majka svih bombi koja je bačena u Avganistanu      OPASNO OTKRIĆE: CIA nas uvek posmatra      CIA VAS ŠPIJUNIRA PREKO TELEFONA, TELEVIZORA, KOMPJUTERA: Vikiliks objavio najveće otkriće IKADA!    „Ne, još uvek niko nije pokušao da stupi sa njim u kontakt. Smatram da je Snouden izrazio svoj stav i da se on neće promeniti“, rekao je Kučerena.    Prema njegovim rečima, Snouden nastavlja da živi i radi u Rusiji i uči ruski jezik.     „Počeo je da uči ruski jezik i već ga pomalo govori“, dodao je advokat.  (Sputnik)            </article-text-transliterated><comment-list /></article><comments><comment-count>0</comment-count></comments></document>