<document global_id="sr-03-118"><url>https://www.kurir.rs/vesti/drustvo/3046659/ugledni-srpski-lingvista-bugarski-naljutice-mnoge-u-regionu-srpski-hrvatski-bosanski-i-crnogorski-su-zajednicki-jezik-razdvojila-ih-je-samo-politika</url><source-id>03</source-id><local-id>118</local-id><source-name>kurir</source-name><article><article-title> UGLEDNI SRPSKI LINGVISTA BUGARSKI NALJUTIĆE MNOGE U REGIONU</article-title><article-time> 2018-05-10</article-time><article-author>Kurir</article-author><article-text>Profesor smatra da se zajednički jezik i danas zove "srpskohrvatski", bez pretenzije da taj naziv nameće bilo kome, i dodaje da je za svojih 85 godina života govorio isti jezik "pod pet-šest različitih zvaničnih naziva".  NOVI SAD - Lingvista Ranko Bugarski izjavio je danas da sa lingvističkog aspekta nema nikakve sumnje da su srpski, hrvatski, bosanski i crnogorski jezik u stvari zajednički jezik koji je razdvojen iz političkih razloga. "Imamo četiri različita jezika gledano sa političkog i administrativnog stanovišta, a nikako sa lingvističkog", rekao je Bugarski na predstavljanju svoje knjige "Govorite li zajednički" na Filozofskom fakultetu u Novom Sadu.    Naveo je da svako može da naziva taj zajednički jezik kako želi, jer kako je ocenio, nije suština u imenu jezika, već je bitna svest da govorimo zajednički jezik. "Dakle, ono što je bitno jeste svest da govorimo zajednički jezik i to je nešto što nam donosi velike prednosti koje se guraju u zapećak i ne koriste se iz političkih razloga", kazao je Bugarski i dodao da je to suština Deklaracije o zajedničkom jeziku koja je javnosti ponuđena na potpisivanje prošle godine. Bugarski je kazao da zajednički jezik i danas zove "srpskohrvatski" bez pretenzije da taj naziv nameće bilo kome, i dodao da je za svojih 85 godina života govorio isti jezik "pod pet-šest različitih zvaničnih naziva". Lingvistkinja Vera Vasić kazala je da su ubedljivi lingvistički argumenti kojima se u Deklaraciji o zajedničkom jeziku dokazuje da je reč o istom jeziku. "U izboru izmedju struke i političkog stava, mora se dati prednost stručnom znanju, ali se po reakcijama shvata da se mnogi lingvisti odriču tog principa", kazala je Vera Vasić. Ocenila je da ukoliko se prihvati da zaista govorimo zajedničkim jezikom, on može dovesti do pomirenja, zbog čega treba raditi na podizanju stepena tolerancije i na promociji prednosti zajedničkog jezika. "Sadašnja četiri jezika su četiri politička jezika. To nisu standardni jezici, već su ti standardi rezultat politike", navela je Vera Vasić. Po njenim rečima, političko razdvajanje jezika donosi brojne loše posledice, a najdrastičniji primeri su takozvane dve škole pod jednim krovom. (Kurir.rs/Beta/Foto: Youtube Printscreen)            </article-text><article-text-transliterated>Profesor smatra da se zajednički jezik i danas zove "srpskohrvatski", bez pretenzije da taj naziv nameće bilo kome, i dodaje da je za svojih 85 godina života govorio isti jezik "pod pet-šest različitih zvaničnih naziva".  NOVI SAD - Lingvista Ranko Bugarski izjavio je danas da sa lingvističkog aspekta nema nikakve sumnje da su srpski, hrvatski, bosanski i crnogorski jezik u stvari zajednički jezik koji je razdvojen iz političkih razloga. "Imamo četiri različita jezika gledano sa političkog i administrativnog stanovišta, a nikako sa lingvističkog", rekao je Bugarski na predstavljanju svoje knjige "Govorite li zajednički" na Filozofskom fakultetu u Novom Sadu.    Naveo je da svako može da naziva taj zajednički jezik kako želi, jer kako je ocenio, nije suština u imenu jezika, već je bitna svest da govorimo zajednički jezik. "Dakle, ono što je bitno jeste svest da govorimo zajednički jezik i to je nešto što nam donosi velike prednosti koje se guraju u zapećak i ne koriste se iz političkih razloga", kazao je Bugarski i dodao da je to suština Deklaracije o zajedničkom jeziku koja je javnosti ponuđena na potpisivanje prošle godine. Bugarski je kazao da zajednički jezik i danas zove "srpskohrvatski" bez pretenzije da taj naziv nameće bilo kome, i dodao da je za svojih 85 godina života govorio isti jezik "pod pet-šest različitih zvaničnih naziva". Lingvistkinja Vera Vasić kazala je da su ubedljivi lingvistički argumenti kojima se u Deklaraciji o zajedničkom jeziku dokazuje da je reč o istom jeziku. "U izboru izmedju struke i političkog stava, mora se dati prednost stručnom znanju, ali se po reakcijama shvata da se mnogi lingvisti odriču tog principa", kazala je Vera Vasić. Ocenila je da ukoliko se prihvati da zaista govorimo zajedničkim jezikom, on može dovesti do pomirenja, zbog čega treba raditi na podizanju stepena tolerancije i na promociji prednosti zajedničkog jezika. "Sadašnja četiri jezika su četiri politička jezika. To nisu standardni jezici, već su ti standardi rezultat politike", navela je Vera Vasić. Po njenim rečima, političko razdvajanje jezika donosi brojne loše posledice, a najdrastičniji primeri su takozvane dve škole pod jednim krovom. (Kurir.rs/Beta/Foto: Youtube Printscreen)            </article-text-transliterated><comment-list><comments comment-id="1"><comment-parent-id>empty</comment-parent-id><comment-text>Svaka cast profesore!</comment-text><comment-text-transliterated>Svaka cast profesore!</comment-text-transliterated></comments><comments comment-id="2"><comment-parent-id>empty</comment-parent-id><comment-text>Najzad glas razuma</comment-text><comment-text-transliterated>Najzad glas razuma</comment-text-transliterated></comments><comments comment-id="3"><comment-parent-id>empty</comment-parent-id><comment-text>Naravno da je sve što je Gospodin rekao savršeno tačno. Naravno da nam je politika napravila pakao od života. Žao mi je svih ljudi koji su nestali sa ove planete i koji su prošli golgotu. Sve je bila nečija igra jer ljudski život ne vredi ništa na našim prostorima. Teško to preživljavam i užasno sam tužna kada vidim koliko je ljudske patnje . Dok jedni gube živote ili smisao života, drugi se bogate na muci naroda. Tužno</comment-text><comment-text-transliterated>Naravno da je sve što je Gospodin rekao savršeno tačno. Naravno da nam je politika napravila pakao od života. Žao mi je svih ljudi koji su nestali sa ove planete i koji su prošli golgotu. Sve je bila nečija igra jer ljudski život ne vredi ništa na našim prostorima. Teško to preživljavam i užasno sam tužna kada vidim koliko je ljudske patnje . Dok jedni gube živote ili smisao života, drugi se bogate na muci naroda. Tužno</comment-text-transliterated></comments><comments comment-id="4"><comment-parent-id>empty</comment-parent-id><comment-text>Slažem se sa gospodinom profesorom Bugarskim. Sasvim lepo razumemo jedni druge, a kada odemo jedni drugima u goste lako savladamo jezik sredine u kojoj se nalazimo, pa se njime i služimo jer nam brzo ulazi u uho. To je isti jezik sa razlicitim varijacijama i nazivima od čega su prodavci magle napravili zabunu i trgovinu da bi sebi digli spomenik a nama zagorcali zivot. Piši kako govoris, govori kako je napisano i trudi se da uspostavis ravnopravnu komunikaciju čiji je cilj prenos informacija i uspostavljanje veza i razumevanja međju ljudima.</comment-text><comment-text-transliterated>Slažem se sa gospodinom profesorom Bugarskim. Sasvim lepo razumemo jedni druge, a kada odemo jedni drugima u goste lako savladamo jezik sredine u kojoj se nalazimo, pa se njime i služimo jer nam brzo ulazi u uho. To je isti jezik sa razlicitim varijacijama i nazivima od čega su prodavci magle napravili zabunu i trgovinu da bi sebi digli spomenik a nama zagorcali zivot. Piši kako govoris, govori kako je napisano i trudi se da uspostavis ravnopravnu komunikaciju čiji je cilj prenos informacija i uspostavljanje veza i razumevanja međju ljudima.</comment-text-transliterated></comments><comments comment-id="4-1"><comment-parent-id>4</comment-parent-id><comment-text>E bas ti hvala profesore. Da nam nisi rekao nema sanse da bismo to znali...mi mislili da su to razliciti jezici.</comment-text><comment-text-transliterated>E bas ti hvala profesore. Da nam nisi rekao nema sanse da bismo to znali...mi mislili da su to razliciti jezici.</comment-text-transliterated></comments><comments comment-id="4-2"><comment-parent-id>4</comment-parent-id><comment-text>Pisma ne pripadaju narodima,vec jezicima koji se na njima pisu. Zato Cirilica i Latinica pripadaju nasem jeziku,dakle svakom od ove cetiri varijante :)</comment-text><comment-text-transliterated>Pisma ne pripadaju narodima,vec jezicima koji se na njima pisu. Zato Cirilica i Latinica pripadaju nasem jeziku,dakle svakom od ove cetiri varijante :)</comment-text-transliterated></comments><comments comment-id="5"><comment-parent-id>empty</comment-parent-id><comment-text>Otkrio si Ameriku, naravno da je isti čim se razumijemo.</comment-text><comment-text-transliterated>Otkrio si Ameriku, naravno da je isti čim se razumijemo.</comment-text-transliterated></comments><comments comment-id="6"><comment-parent-id>empty</comment-parent-id><comment-text>Profesore od koje godine se ovaj jezik zove srpskohrvatski a kako se zvao pre toga? Dajte mi jedan dokument iz prve polovine 20 veka ili ranije da se negde pominje srpskohrvatski jezik !!!!!</comment-text><comment-text-transliterated>Profesore od koje godine se ovaj jezik zove srpskohrvatski a kako se zvao pre toga? Dajte mi jedan dokument iz prve polovine 20 veka ili ranije da se negde pominje srpskohrvatski jezik !!!!!</comment-text-transliterated></comments><comments comment-id="6-1"><comment-parent-id>6</comment-parent-id><comment-text>Zašto minusi?</comment-text><comment-text-transliterated>Zašto minusi?</comment-text-transliterated></comments><comments comment-id="7"><comment-parent-id>empty</comment-parent-id><comment-text>Nije tacno. NE POSTOJI "hrvatski jezik", to je -srpski jezik. Da bi jedan jezik dobio drugi naziv, on treba imati najmanje 70 % SVOJIH reci kojih nema u nekom drugom jeziku. To sto je Tito kao Hrvat dodao ono "srpsko-hrvatski" to ga ne cini posebnim jezikom.</comment-text><comment-text-transliterated>Nije tacno. NE POSTOJI "hrvatski jezik", to je -srpski jezik. Da bi jedan jezik dobio drugi naziv, on treba imati najmanje 70 % SVOJIH reci kojih nema u nekom drugom jeziku. To sto je Tito kao Hrvat dodao ono "srpsko-hrvatski" to ga ne cini posebnim jezikom.</comment-text-transliterated></comments><comments comment-id="8"><comment-parent-id>empty</comment-parent-id><comment-text>sve je to srpskohrvatski jezik.</comment-text><comment-text-transliterated>sve je to srpskohrvatski jezik.</comment-text-transliterated></comments><comments comment-id="8-1"><comment-parent-id>8</comment-parent-id><comment-text>A kako se zvao prije 1969?</comment-text><comment-text-transliterated>A kako se zvao prije 1969?</comment-text-transliterated></comments><comments comment-id="8-2"><comment-parent-id>8</comment-parent-id><comment-text>Srpsko-hrvatski ili hrvatsko-srpski. Ok?</comment-text><comment-text-transliterated>Srpsko-hrvatski ili hrvatsko-srpski. Ok?</comment-text-transliterated></comments><comments comment-id="9"><comment-parent-id>empty</comment-parent-id><comment-text>Bravo!</comment-text><comment-text-transliterated>Bravo!</comment-text-transliterated></comments><comments comment-id="10"><comment-parent-id>empty</comment-parent-id><comment-text>Hoce li mi neko odgovoriti zasto ja, rodjeni Beogradjanin mogu da govorim sve te jezike i naglaske, a oni ne bas!!!</comment-text><comment-text-transliterated>Hoce li mi neko odgovoriti zasto ja, rodjeni Beogradjanin mogu da govorim sve te jezike i naglaske, a oni ne bas!!!</comment-text-transliterated></comments><comments comment-id="11"><comment-parent-id>empty</comment-parent-id><comment-text>E moj profesore,za ovako neste netreba da budes profesor.</comment-text><comment-text-transliterated>E moj profesore,za ovako neste netreba da budes profesor.</comment-text-transliterated></comments><comments comment-id="12"><comment-parent-id>empty</comment-parent-id><comment-text>Profesor je rekao istinu!Politika je na zalost ucinila svoje !</comment-text><comment-text-transliterated>Profesor je rekao istinu!Politika je na zalost ucinila svoje !</comment-text-transliterated></comments><comments comment-id="13"><comment-parent-id>empty</comment-parent-id><comment-text>Da smo drzava kao sto jos uvek nismo tuzili bismo pred medjunarodnim sudom sve njih za kradju jezika bas kao sto su to uspesno uradili Nemci kada su Austrijanci proglasili Austrijski jezik kradjom Nemackog. Drzava ako postoji mora da ih tuzi na naucnoj osnovi odmah.</comment-text><comment-text-transliterated>Da smo drzava kao sto jos uvek nismo tuzili bismo pred medjunarodnim sudom sve njih za kradju jezika bas kao sto su to uspesno uradili Nemci kada su Austrijanci proglasili Austrijski jezik kradjom Nemackog. Drzava ako postoji mora da ih tuzi na naucnoj osnovi odmah.</comment-text-transliterated></comments><comments comment-id="14"><comment-parent-id>empty</comment-parent-id><comment-text>Znaci ja pricam “Naski”, ne Srpski kako mi je baba govorila?</comment-text><comment-text-transliterated>Znaci ja pricam “Naski”, ne Srpski kako mi je baba govorila?</comment-text-transliterated></comments><comments comment-id="15"><comment-parent-id>empty</comment-parent-id><comment-text>To sam znao sa srednjom masinskom! Jel postoji Vranjanski jezik?</comment-text><comment-text-transliterated>To sam znao sa srednjom masinskom! Jel postoji Vranjanski jezik?</comment-text-transliterated></comments><comments comment-id="16"><comment-parent-id>empty</comment-parent-id><comment-text>To su samo razliciti nazivi za nas standardni jezik. Dokaz tome je prost-mi se medjusobno razumemo :) SrpskoHrvatski jezik= Yes of skroz!!!</comment-text><comment-text-transliterated>To su samo razliciti nazivi za nas standardni jezik. Dokaz tome je prost-mi se medjusobno razumemo :) SrpskoHrvatski jezik= Yes of skroz!!!</comment-text-transliterated></comments><comments comment-id="17"><comment-parent-id>empty</comment-parent-id><comment-text>Tacno tako ,politicka.</comment-text><comment-text-transliterated>Tacno tako ,politicka.</comment-text-transliterated></comments><comments comment-id="18"><comment-parent-id>empty</comment-parent-id><comment-text>Jezik je i nas i njihov. Neka svako svoj jezik naziva kako hoce. Ko hoce da se razume sa nekim, razumece se. Ostalo je politika i to jeftina.</comment-text><comment-text-transliterated>Jezik je i nas i njihov. Neka svako svoj jezik naziva kako hoce. Ko hoce da se razume sa nekim, razumece se. Ostalo je politika i to jeftina.</comment-text-transliterated></comments><comments comment-id="19"><comment-parent-id>empty</comment-parent-id><comment-text>To je tacno i ne vidim razlog da se bilo ko ljuti .</comment-text><comment-text-transliterated>To je tacno i ne vidim razlog da se bilo ko ljuti .</comment-text-transliterated></comments><comments comment-id="20"><comment-parent-id>empty</comment-parent-id><comment-text>zasto svi imena mesaca u godini izgovaramo isto,jedino hrvati ne? cak se i u engleskom jeziku govori slicno nama.</comment-text><comment-text-transliterated>zasto svi imena mesaca u godini izgovaramo isto,jedino hrvati ne? cak se i u engleskom jeziku govori slicno nama.</comment-text-transliterated></comments><comments comment-id="21"><comment-parent-id>empty</comment-parent-id><comment-text>To smo znali i bez njega!</comment-text><comment-text-transliterated>To smo znali i bez njega!</comment-text-transliterated></comments><comments comment-id="22"><comment-parent-id>empty</comment-parent-id><comment-text>Pričaj Srpski da te ceo svet razume ?</comment-text><comment-text-transliterated>Pričaj Srpski da te ceo svet razume ?</comment-text-transliterated></comments><comments comment-id="23"><comment-parent-id>empty</comment-parent-id><comment-text>Ранко Бугарски је професор енглеског језика и за Српски (намерно велико С) је стручан колико и било који свршени гимназијалац!</comment-text><comment-text-transliterated>Ranko Bugarski je profesor engleskog jezika i za Srpski (namerno veliko S) je stručan koliko i bilo koji svršeni gimnazijalac!</comment-text-transliterated></comments><comments comment-id="23-1"><comment-parent-id>23</comment-parent-id><comment-text>Donekle si u pravu. Ali samo donekle. Bugarski je više u pravu. Skoro potpuno.</comment-text><comment-text-transliterated>Donekle si u pravu. Ali samo donekle. Bugarski je više u pravu. Skoro potpuno.</comment-text-transliterated></comments><comments comment-id="23-2"><comment-parent-id>23</comment-parent-id><comment-text>Apsolutno tačna priča. Sve je ok samo ds nema politike.</comment-text><comment-text-transliterated>Apsolutno tačna priča. Sve je ok samo ds nema politike.</comment-text-transliterated></comments><comments comment-id="24"><comment-parent-id>empty</comment-parent-id><comment-text>Poznato je da svaka istina boli. Neka IH boli, ali je to ziva istina. Najtragicnije je kada se foliranu u raznim situacijama i svi OVI SA NOVOPROGLASENIM JEZICIMA traze prevod sa Srpskog. Ovo vam je cista mrznja i kompleks.</comment-text><comment-text-transliterated>Poznato je da svaka istina boli. Neka IH boli, ali je to ziva istina. Najtragicnije je kada se foliranu u raznim situacijama i svi OVI SA NOVOPROGLASENIM JEZICIMA traze prevod sa Srpskog. Ovo vam je cista mrznja i kompleks.</comment-text-transliterated></comments></comment-list></article><comments><comment-count>31</comment-count></comments></document>