<document global_id="sr-03-110"><url>https://www.kurir.rs/sport/fudbal/3060557/brutalno-pretucen-fudbaler-srbije-huligani-samarali-kostica-njegovog-brata-umalo-ubili-filip-mu-izvlacio-jezik-da-se-ne-ugusi</url><source-id>03</source-id><local-id>110</local-id><source-name>kurir</source-name><article><article-title> BRUTALNO PRETUČEN FUDBALER SRBIJE</article-title><article-time> 2018-06-01</article-time><article-author>Kurir</article-author><article-text>Filip Kostić (26), fudbaler reprezentacije Srbije i nemačkog Hamburgera, i njegov brat teško su pretučeni u jednom kragujevačkom noćnom klubu kada ih je napala grupa huligana, saznaje Kurir..  Deblji kraj izvukao je Filipov brat (33), koji je teško povređen, a naš reprezentativac mu je spasao život jer mu je izvadio jezik iz usta kad je ovaj počeo da se guši.  Brutalno prebijen     Četvorica napadača uhapšena su posle incidenta, ali su nakon saslušanja pušteni.  Incident se dogodio u noći između 19. i 20. maja u klubu „Kafana van grada“. - Filip Kostić je iz Nemačke došao u Srbiju na pripreme fudbalske reprezentacije za predstojeće Svetsko prvenstvo u Rusiji. Pre okupljanja naše selekcije otišao je do rodnog Kragujevca da poseti porodicu. Kobne večeri izašao je s rođenim bratom i bratom od strica u grad, pa su produžili u „Kafanu van grada“ - kaže naš izvor i dodaje: - U diskoteku je iste večeri došla grupa mladića koja je poznata po nasilničkom ponašanju. Oni, između ostalog, rade i u obezbeđenju lokalnih klubova. Posle kraće rasprave napali su Filipa i njegovu braću. Prema njegovim rečima, Filipovom bratu polomili su nos, a tukli su ga u dva navrata, u lokalu i ispred.  - Fudbalera su udarili nekoliko puta i nalupali mu šamare. Potom su svi izašli napolje. Odvojili su Filipa od braće kako im ne bi pomogao i pred njim ga brutalno pretukli. Potom su pobegli i ostavili mladića na zemlji. On je počeo da se guši, pa su mu Filip i njegov rođeni brat u poslednji čas izvadili jezik iz usta i spasli ga - kaže naš sagovornik.  Policiji nije trebalo dugo da identifikuje i privede huligane.  - Branili su se ćutanjem u sudu, a sudija ih je odmah pustio na slobodu iako je tužilac tražio pritvor - kaže naš sagovornik.  Kao saznajemo, teško povređeni mladić nekoliko dana proveo je u bolnici.  - Filip Kostić prošao je bez povreda i odmah se vratio u Beograd. Nije želeo da se priča o ovom napadu, kao ni o tome da je u dramatičnim okolnostima spasao brata - priča izvor Kurira.  Krivična prijava  Policija u Kragujevcu je nekoliko dana posle ovog napada izdala saopštenje da su uhapšeni M. J. (31), D. Lj. (38), N. T. (26) i N. S. (39) zbog postojanja osnova sumnje da su izvršili krivično delo teške telesne povrede.  - Postoje osnovi sumnje da su ova trojica Kragujevčana 19. maja jednom 33-godišnjem sugrađaninu rukama i nogama zadali više udaraca po glavi i telu, nanevši mu tešku telesnu povredu. Osumnjičeni su uz krivičnu prijavu sprovedeni Osnovnom javnom tužilaštvu - naveo je MUP u saopštenju od 25. maja.  Filip Kostić: ISTINA JE, TUKLI SU MI BRATA  Filip Kostić novinarima Kurira rekao je da nema komentar, a u toku večeri se oglasio izjavom:  - Nikakav napad na mene nije se dogodio, niti sam bio na meti huligana. Problem o kojem se piše dogodio se mom bratu od strica pre 15 dana. Apsolutno s tim nemam nikakve veze. I to je sve što imam da kažem na tu temu. Potpuno sam posvećen reprezentaciji i predstojećem Svetskom prvenstvu - rekao je Kostić za Tanjug.   Izbegao incident I MILIVOJEVIĆ BIO U KLUBU  Prema Kurirovom izvoru, te večeri kada se dogodio incident, zajedno sa Kostićem u klubu je bio i Luka Milivojević, takođe rodom iz Kragujevca. Milivojević je, srećom, otišao kući neposredno pre incidenta.  (Kurir.rs/Dragomir Ilić) Foto: Dado Đilas POGLEDAJTE BONUS VIDEO: KURIR SPORT: Evo zašto je Zidan napustio Real             </article-text><article-text-transliterated>Filip Kostić (26), fudbaler reprezentacije Srbije i nemačkog Hamburgera, i njegov brat teško su pretučeni u jednom kragujevačkom noćnom klubu kada ih je napala grupa huligana, saznaje Kurir..  Deblji kraj izvukao je Filipov brat (33), koji je teško povređen, a naš reprezentativac mu je spasao život jer mu je izvadio jezik iz usta kad je ovaj počeo da se guši.  Brutalno prebijen     Četvorica napadača uhapšena su posle incidenta, ali su nakon saslušanja pušteni.  Incident se dogodio u noći između 19. i 20. maja u klubu „Kafana van grada“. - Filip Kostić je iz Nemačke došao u Srbiju na pripreme fudbalske reprezentacije za predstojeće Svetsko prvenstvo u Rusiji. Pre okupljanja naše selekcije otišao je do rodnog Kragujevca da poseti porodicu. Kobne večeri izašao je s rođenim bratom i bratom od strica u grad, pa su produžili u „Kafanu van grada“ - kaže naš izvor i dodaje: - U diskoteku je iste večeri došla grupa mladića koja je poznata po nasilničkom ponašanju. Oni, između ostalog, rade i u obezbeđenju lokalnih klubova. Posle kraće rasprave napali su Filipa i njegovu braću. Prema njegovim rečima, Filipovom bratu polomili su nos, a tukli su ga u dva navrata, u lokalu i ispred.  - Fudbalera su udarili nekoliko puta i nalupali mu šamare. Potom su svi izašli napolje. Odvojili su Filipa od braće kako im ne bi pomogao i pred njim ga brutalno pretukli. Potom su pobegli i ostavili mladića na zemlji. On je počeo da se guši, pa su mu Filip i njegov rođeni brat u poslednji čas izvadili jezik iz usta i spasli ga - kaže naš sagovornik.  Policiji nije trebalo dugo da identifikuje i privede huligane.  - Branili su se ćutanjem u sudu, a sudija ih je odmah pustio na slobodu iako je tužilac tražio pritvor - kaže naš sagovornik.  Kao saznajemo, teško povređeni mladić nekoliko dana proveo je u bolnici.  - Filip Kostić prošao je bez povreda i odmah se vratio u Beograd. Nije želeo da se priča o ovom napadu, kao ni o tome da je u dramatičnim okolnostima spasao brata - priča izvor Kurira.  Krivična prijava  Policija u Kragujevcu je nekoliko dana posle ovog napada izdala saopštenje da su uhapšeni M. J. (31), D. Lj. (38), N. T. (26) i N. S. (39) zbog postojanja osnova sumnje da su izvršili krivično delo teške telesne povrede.  - Postoje osnovi sumnje da su ova trojica Kragujevčana 19. maja jednom 33-godišnjem sugrađaninu rukama i nogama zadali više udaraca po glavi i telu, nanevši mu tešku telesnu povredu. Osumnjičeni su uz krivičnu prijavu sprovedeni Osnovnom javnom tužilaštvu - naveo je MUP u saopštenju od 25. maja.  Filip Kostić: ISTINA JE, TUKLI SU MI BRATA  Filip Kostić novinarima Kurira rekao je da nema komentar, a u toku večeri se oglasio izjavom:  - Nikakav napad na mene nije se dogodio, niti sam bio na meti huligana. Problem o kojem se piše dogodio se mom bratu od strica pre 15 dana. Apsolutno s tim nemam nikakve veze. I to je sve što imam da kažem na tu temu. Potpuno sam posvećen reprezentaciji i predstojećem Svetskom prvenstvu - rekao je Kostić za Tanjug.   Izbegao incident I MILIVOJEVIĆ BIO U KLUBU  Prema Kurirovom izvoru, te večeri kada se dogodio incident, zajedno sa Kostićem u klubu je bio i Luka Milivojević, takođe rodom iz Kragujevca. Milivojević je, srećom, otišao kući neposredno pre incidenta.  (Kurir.rs/Dragomir Ilić) Foto: Dado Đilas POGLEDAJTE BONUS VIDEO: KURIR SPORT: Evo zašto je Zidan napustio Real             </article-text-transliterated><comment-list><comments comment-id="1"><comment-parent-id>empty</comment-parent-id><comment-text>Boze sacuvaj. Sta se to desava u Srbiji, covek da ne poveruje sta cita.</comment-text><comment-text-transliterated>Boze sacuvaj. Sta se to desava u Srbiji, covek da ne poveruje sta cita.</comment-text-transliterated></comments><comments comment-id="2"><comment-parent-id>empty</comment-parent-id><comment-text>No coment....STRASNO</comment-text><comment-text-transliterated>No coment....STRASNO</comment-text-transliterated></comments><comments comment-id="3"><comment-parent-id>empty</comment-parent-id><comment-text>To je Srbija i vladavina prava i poštovanje zakona.</comment-text><comment-text-transliterated>To je Srbija i vladavina prava i poštovanje zakona.</comment-text-transliterated></comments><comments comment-id="3-1"><comment-parent-id>3</comment-parent-id><comment-text>Nego sta Stefanovic kaze kakvo je stanje je u Srbiji?</comment-text><comment-text-transliterated>Nego sta Stefanovic kaze kakvo je stanje je u Srbiji?</comment-text-transliterated></comments><comments comment-id="4"><comment-parent-id>empty</comment-parent-id><comment-text>To znači, da svaki naš sportista kad dodje u srbiju treba da angažuje ovezbedjenje od 20 ljudi da ga čuva.</comment-text><comment-text-transliterated>To znači, da svaki naš sportista kad dodje u srbiju treba da angažuje ovezbedjenje od 20 ljudi da ga čuva.</comment-text-transliterated></comments><comments comment-id="4-1"><comment-parent-id>4</comment-parent-id><comment-text>Ne! Nego ne treba da ponizava stare drugare i ostale time sto je postao neko i nesto!</comment-text><comment-text-transliterated>Ne! Nego ne treba da ponizava stare drugare i ostale time sto je postao neko i nesto!</comment-text-transliterated></comments><comments comment-id="4-2"><comment-parent-id>4</comment-parent-id><comment-text>Kako se to ponizava? Ozbiljno pitam, jer meni taj nacin razmisljanja nije jasan. Sta im je tacno radio?</comment-text><comment-text-transliterated>Kako se to ponizava? Ozbiljno pitam, jer meni taj nacin razmisljanja nije jasan. Sta im je tacno radio?</comment-text-transliterated></comments><comments comment-id="4-3"><comment-parent-id>4</comment-parent-id><comment-text>Најбоље да се завуче у подрум и не излази док је у Крагујевцу,да не би иритирао старе другаре.</comment-text><comment-text-transliterated>Najbolje da se zavuče u podrum i ne izlazi dok je u Kragujevcu,da ne bi iritirao stare drugare.</comment-text-transliterated></comments><comments comment-id="4-4"><comment-parent-id>4</comment-parent-id><comment-text>To znači da u Srbiju netreba ni dolaziti!</comment-text><comment-text-transliterated>To znači da u Srbiju netreba ni dolaziti!</comment-text-transliterated></comments><comments comment-id="4-5"><comment-parent-id>4</comment-parent-id><comment-text>U Srbija se uspeh ne prašta!</comment-text><comment-text-transliterated>U Srbija se uspeh ne prašta!</comment-text-transliterated></comments><comments comment-id="5"><comment-parent-id>empty</comment-parent-id><comment-text>Ljubomora na neciji uspeh je nesto najgore.</comment-text><comment-text-transliterated>Ljubomora na neciji uspeh je nesto najgore.</comment-text-transliterated></comments><comments comment-id="6"><comment-parent-id>empty</comment-parent-id><comment-text>Huligane odmah u zatvor na nekoliko godina, al odmah</comment-text><comment-text-transliterated>Huligane odmah u zatvor na nekoliko godina, al odmah</comment-text-transliterated></comments><comments comment-id="7"><comment-parent-id>empty</comment-parent-id><comment-text>Ovo je bilo jos pre dve nedelje .. I uopste nije bilo hiligana.. Nego je nas reprezentativac otisao u kafanu i to najgoru u Kragujevcu i poceo je da narucuje pesme da se bahanalise sto je vrv nekog iznerviralo i onda je doslo do tuce ...</comment-text><comment-text-transliterated>Ovo je bilo jos pre dve nedelje .. I uopste nije bilo hiligana.. Nego je nas reprezentativac otisao u kafanu i to najgoru u Kragujevcu i poceo je da narucuje pesme da se bahanalise sto je vrv nekog iznerviralo i onda je doslo do tuce ...</comment-text-transliterated></comments><comments comment-id="7-1"><comment-parent-id>7</comment-parent-id><comment-text>Kako se zove kafana ?</comment-text><comment-text-transliterated>Kako se zove kafana ?</comment-text-transliterated></comments><comments comment-id="7-2"><comment-parent-id>7</comment-parent-id><comment-text>Pa sta ako je narucivao pesme?Da li je to razlog da te neko prebije ili ubije?</comment-text><comment-text-transliterated>Pa sta ako je narucivao pesme?Da li je to razlog da te neko prebije ili ubije?</comment-text-transliterated></comments><comments comment-id="7-3"><comment-parent-id>7</comment-parent-id><comment-text>Sta su ti onda kad nisu huligani ???</comment-text><comment-text-transliterated>Sta su ti onda kad nisu huligani ???</comment-text-transliterated></comments><comments comment-id="7-4"><comment-parent-id>7</comment-parent-id><comment-text>e u ovo vec verujem...sve je to normalno</comment-text><comment-text-transliterated>e u ovo vec verujem...sve je to normalno</comment-text-transliterated></comments><comments comment-id="7-5"><comment-parent-id>7</comment-parent-id><comment-text>I sasvim je normalno da epilog bude ovakav, misliš?!</comment-text><comment-text-transliterated>I sasvim je normalno da epilog bude ovakav, misliš?!</comment-text-transliterated></comments><comments comment-id="7-6"><comment-parent-id>7</comment-parent-id><comment-text>Ovo verovatno si u krivu</comment-text><comment-text-transliterated>Ovo verovatno si u krivu</comment-text-transliterated></comments><comments comment-id="7-7"><comment-parent-id>7</comment-parent-id><comment-text>A cekaj ako nisu huligani sto imaju dosta krvicnih dela i vec su poznati u policiji, to samo covek da bezi iz Srbije i da se nikada ne vraca..</comment-text><comment-text-transliterated>A cekaj ako nisu huligani sto imaju dosta krvicnih dela i vec su poznati u policiji, to samo covek da bezi iz Srbije i da se nikada ne vraca..</comment-text-transliterated></comments><comments comment-id="7-8"><comment-parent-id>7</comment-parent-id><comment-text>Kafana van grada</comment-text><comment-text-transliterated>Kafana van grada</comment-text-transliterated></comments><comments comment-id="7-9"><comment-parent-id>7</comment-parent-id><comment-text>casa bez dna</comment-text><comment-text-transliterated>casa bez dna</comment-text-transliterated></comments><comments comment-id="7-10"><comment-parent-id>7</comment-parent-id><comment-text>Vratite nam nacelnika iz Bg</comment-text><comment-text-transliterated>Vratite nam nacelnika iz Bg</comment-text-transliterated></comments><comments comment-id="7-11"><comment-parent-id>7</comment-parent-id><comment-text>Vjerovatno akademski gradjani</comment-text><comment-text-transliterated>Vjerovatno akademski gradjani</comment-text-transliterated></comments><comments comment-id="8"><comment-parent-id>empty</comment-parent-id><comment-text>Nekada su huligani bilu u zatvoru i obijenih bubrega...pa kad izadju mogu samo na lecenje</comment-text><comment-text-transliterated>Nekada su huligani bilu u zatvoru i obijenih bubrega...pa kad izadju mogu samo na lecenje</comment-text-transliterated></comments><comments comment-id="8-1"><comment-parent-id>8</comment-parent-id><comment-text>Nista novo...Kragujevac je opet postao Čikago. Od kada je nacelnik Malesic vracen u Bg krininal cveta.</comment-text><comment-text-transliterated>Nista novo...Kragujevac je opet postao Čikago. Od kada je nacelnik Malesic vracen u Bg krininal cveta.</comment-text-transliterated></comments><comments comment-id="9"><comment-parent-id>empty</comment-parent-id><comment-text>Pa zašto njega uvek se trudi najbolje kad igra za nas...</comment-text><comment-text-transliterated>Pa zašto njega uvek se trudi najbolje kad igra za nas...</comment-text-transliterated></comments><comments comment-id="10"><comment-parent-id>empty</comment-parent-id><comment-text>Zna se ko po kgu radi ovo.A sta ce vrhunski fudbaler u onoj rupi od kafane...</comment-text><comment-text-transliterated>Zna se ko po kgu radi ovo.A sta ce vrhunski fudbaler u onoj rupi od kafane...</comment-text-transliterated></comments><comments comment-id="11"><comment-parent-id>empty</comment-parent-id><comment-text>Ovo je napad na drzavu. Ako drzava ne reaguje nema smisla da iko nastupa za Srbiju i ne trebaju ici u Rusiju</comment-text><comment-text-transliterated>Ovo je napad na drzavu. Ako drzava ne reaguje nema smisla da iko nastupa za Srbiju i ne trebaju ici u Rusiju</comment-text-transliterated></comments><comments comment-id="11-1"><comment-parent-id>11</comment-parent-id><comment-text>Koja Drzava?</comment-text><comment-text-transliterated>Koja Drzava?</comment-text-transliterated></comments><comments comment-id="11-2"><comment-parent-id>11</comment-parent-id><comment-text>mora da ih je castio picem</comment-text><comment-text-transliterated>mora da ih je castio picem</comment-text-transliterated></comments><comments comment-id="12"><comment-parent-id>empty</comment-parent-id><comment-text>NapreDNO. Svaki dan ubistvo devedesete se vratile u svim oblicima.</comment-text><comment-text-transliterated>NapreDNO. Svaki dan ubistvo devedesete se vratile u svim oblicima.</comment-text-transliterated></comments><comments comment-id="12-1"><comment-parent-id>12</comment-parent-id><comment-text>A ti si verovatno rođen 90 i neke i znaš iz prve ruke?</comment-text><comment-text-transliterated>A ti si verovatno rođen 90 i neke i znaš iz prve ruke?</comment-text-transliterated></comments><comments comment-id="13"><comment-parent-id>empty</comment-parent-id><comment-text>Jos samo kad bi pisalo KAD je to bilo....a naravno da nije bilo ovih dana ali to su ti jadni pokusaji za rejtingom....</comment-text><comment-text-transliterated>Jos samo kad bi pisalo KAD je to bilo....a naravno da nije bilo ovih dana ali to su ti jadni pokusaji za rejtingom....</comment-text-transliterated></comments><comments comment-id="14"><comment-parent-id>empty</comment-parent-id><comment-text>Samo napredno...Neprijatno mi je koliko je smanjen kriminal u Srbiji,crna hronika prazna</comment-text><comment-text-transliterated>Samo napredno...Neprijatno mi je koliko je smanjen kriminal u Srbiji,crna hronika prazna</comment-text-transliterated></comments><comments comment-id="15"><comment-parent-id>empty</comment-parent-id><comment-text>A možda ga nisu ni prepoznali ?!</comment-text><comment-text-transliterated>A možda ga nisu ni prepoznali ?!</comment-text-transliterated></comments><comments comment-id="16"><comment-parent-id>empty</comment-parent-id><comment-text>I posle nam kriv nato</comment-text><comment-text-transliterated>I posle nam kriv nato</comment-text-transliterated></comments><comments comment-id="17"><comment-parent-id>empty</comment-parent-id><comment-text>Verovatno stari drugari misle da im je nesto duzan u zivotu. Pa on ima milione drugara pitanje je koliko ima prijatelja. Decko je zaradio novac uz veliko odricanje i svaka njemu cast</comment-text><comment-text-transliterated>Verovatno stari drugari misle da im je nesto duzan u zivotu. Pa on ima milione drugara pitanje je koliko ima prijatelja. Decko je zaradio novac uz veliko odricanje i svaka njemu cast</comment-text-transliterated></comments><comments comment-id="18"><comment-parent-id>empty</comment-parent-id><comment-text>Dok su u Kragujevcu živeli Kragujevčani sve je bilo kako treba.</comment-text><comment-text-transliterated>Dok su u Kragujevcu živeli Kragujevčani sve je bilo kako treba.</comment-text-transliterated></comments><comments comment-id="18-1"><comment-parent-id>18</comment-parent-id><comment-text>Bravo za komentar.</comment-text><comment-text-transliterated>Bravo za komentar.</comment-text-transliterated></comments><comments comment-id="18-2"><comment-parent-id>18</comment-parent-id><comment-text>A ko zivi sada? Lepo bi bilo kada bi objasnio.</comment-text><comment-text-transliterated>A ko zivi sada? Lepo bi bilo kada bi objasnio.</comment-text-transliterated></comments><comments comment-id="18-3"><comment-parent-id>18</comment-parent-id><comment-text>Bravo.Hvala</comment-text><comment-text-transliterated>Bravo.Hvala</comment-text-transliterated></comments><comments comment-id="18-4"><comment-parent-id>18</comment-parent-id><comment-text>Bravo za komentar</comment-text><comment-text-transliterated>Bravo za komentar</comment-text-transliterated></comments><comments comment-id="18-5"><comment-parent-id>18</comment-parent-id><comment-text>Kragujevcani i sumadinci su u njemu manjima... Zive oni koji su cuvali krave na Pešteru, oni koji su krvlju natopljenu zemlju, prodali na Kosmetu (čast izuzetcima), zive oni kojima zreba da se trazi pasoš pri ulasku u bilo koku civilizovanu sredinu...</comment-text><comment-text-transliterated>Kragujevcani i sumadinci su u njemu manjima... Zive oni koji su cuvali krave na Pešteru, oni koji su krvlju natopljenu zemlju, prodali na Kosmetu (čast izuzetcima), zive oni kojima zreba da se trazi pasoš pri ulasku u bilo koku civilizovanu sredinu...</comment-text-transliterated></comments><comments comment-id="19"><comment-parent-id>empty</comment-parent-id><comment-text>B92 pise da nije tacno i da se ovo desilo pre 15 dana...</comment-text><comment-text-transliterated>B92 pise da nije tacno i da se ovo desilo pre 15 dana...</comment-text-transliterated></comments><comments comment-id="19-1"><comment-parent-id>19</comment-parent-id><comment-text>Moze da demantuje koliko hoce kad ceo kg zna sta je bilo</comment-text><comment-text-transliterated>Moze da demantuje koliko hoce kad ceo kg zna sta je bilo</comment-text-transliterated></comments><comments comment-id="20"><comment-parent-id>empty</comment-parent-id><comment-text>Sta trazi reprezntativac Jedne zemlje u nosnom klubu, petnestak dana pre pocetka velikog takmicenja</comment-text><comment-text-transliterated>Sta trazi reprezntativac Jedne zemlje u nosnom klubu, petnestak dana pre pocetka velikog takmicenja</comment-text-transliterated></comments><comments comment-id="20-1"><comment-parent-id>20</comment-parent-id><comment-text>Jezik svoga brata.</comment-text><comment-text-transliterated>Jezik svoga brata.</comment-text-transliterated></comments><comments comment-id="20-2"><comment-parent-id>20</comment-parent-id><comment-text>upravo ono što i svi mladi, pogotovu što zna da neće biti u mogućnosti da izlazi u narednom periodu, pa i on je samo momak</comment-text><comment-text-transliterated>upravo ono što i svi mladi, pogotovu što zna da neće biti u mogućnosti da izlazi u narednom periodu, pa i on je samo momak</comment-text-transliterated></comments><comments comment-id="20-3"><comment-parent-id>20</comment-parent-id><comment-text>Bravo za komentar !!</comment-text><comment-text-transliterated>Bravo za komentar !!</comment-text-transliterated></comments></comment-list></article><comments><comment-count>50</comment-count></comments></document>