<document global_id="sr-03-35"><url>https://www.kurir.rs/stars/3387201/smrad-u-ustima-preveliki-jezik-suboticeva-podelila-neprijatno-iskustvo-necete-verovati-o-kome-je-pricala-foto</url><source-id>03</source-id><local-id>35</local-id><source-name>kurir</source-name><article><article-title> SMRAD U USTIMA, PREVELIKI JEZIK</article-title><article-time> 2020-01-03</article-time><article-author>Kurir</article-author><article-text>.  Aleksandra Subotić požalila se na svoje iskustvo kada je bila osmi razred i prvi put se poljubila. Kada su je pratioci na Instagramu pitali kakav joj je bio prvi poljubac, imala je da kaže samo jedno. "Sećam se da sam bila osmi razred. Neki klinac u koga je bila zaljubljena cela škola - roker, metalac. Preveliki jezik i smrad u ustima na cigare", napisala je Subotićeva. Kurir.rs/K.Đ, Foto: Printscreen/Instagram  </article-text><article-text-transliterated>.  Aleksandra Subotić požalila se na svoje iskustvo kada je bila osmi razred i prvi put se poljubila. Kada su je pratioci na Instagramu pitali kakav joj je bio prvi poljubac, imala je da kaže samo jedno. "Sećam se da sam bila osmi razred. Neki klinac u koga je bila zaljubljena cela škola - roker, metalac. Preveliki jezik i smrad u ustima na cigare", napisala je Subotićeva. Kurir.rs/K.Đ, Foto: Printscreen/Instagram  </article-text-transliterated><comment-list><comments comment-id="1"><comment-parent-id>empty</comment-parent-id><comment-text>Kad pojedem beli luk  ima da zamirise.</comment-text><comment-text-transliterated>Kad pojedem beli luk  ima da zamirise.</comment-text-transliterated></comments><comments comment-id="2"><comment-parent-id>empty</comment-parent-id><comment-text>A onaj iz petog ?</comment-text><comment-text-transliterated>A onaj iz petog ?</comment-text-transliterated></comments><comments comment-id="3"><comment-parent-id>empty</comment-parent-id><comment-text>A mamin decko joj mirisao</comment-text><comment-text-transliterated>A mamin decko joj mirisao</comment-text-transliterated></comments><comments comment-id="4"><comment-parent-id>empty</comment-parent-id><comment-text>Totalno nebitan lik,fuj!!?</comment-text><comment-text-transliterated>Totalno nebitan lik,fuj!!?</comment-text-transliterated></comments></comment-list></article><comments><comment-count>4</comment-count></comments></document>