<document global_id="sr-03-38"><url>https://www.kurir.rs/region/severna-makedonija/3374832/zaev-porucio-bugarima-mi-makedoci-govorimo-makedonski-jezik-ocekujem-od-prijateljske-bugarske-da-to-prevazidje</url><source-id>03</source-id><local-id>38</local-id><source-name>kurir</source-name><article><article-title> ZAEV PORUČIO BUGARIMA</article-title><article-time> 2019-12-12</article-time><article-author>Kurir</article-author><article-text>Zvaničnici Severne Makedonije su danas odbacili stav Bugarske akademije nauka da makedonski jezik "ne postoji"..  Bugarska akademija smatra da je mekedonski "oblik bugarskog jezika", dok je po bugarskom Instututu za istorijska istraživanja, makedonski jezik zapravo bugarski, ali "pisan srpskom pisaćom mašinom".  </article-text><article-text-transliterated>Zvaničnici Severne Makedonije su danas odbacili stav Bugarske akademije nauka da makedonski jezik "ne postoji"..  Bugarska akademija smatra da je mekedonski "oblik bugarskog jezika", dok je po bugarskom Instututu za istorijska istraživanja, makedonski jezik zapravo bugarski, ali "pisan srpskom pisaćom mašinom".  </article-text-transliterated><comment-list><comments comment-id="1"><comment-parent-id>empty</comment-parent-id><comment-text>Само што се ви и бугари разумете,ко ми и хрвати</comment-text><comment-text-transliterated>Samo što se vi i bugari razumete,ko mi i hrvati</comment-text-transliterated></comments><comments comment-id="2"><comment-parent-id>empty</comment-parent-id><comment-text>bravo za Bugare....</comment-text><comment-text-transliterated>bravo za Bugare....</comment-text-transliterated></comments></comment-list></article><comments><comment-count>2</comment-count></comments></document>