<document global_id="sr-03-77"><url>https://www.kurir.rs/zabava/3161729/u-2-nedelje-savladajte-nemacki-jezik-kao-materinji-bez-kurseva-i-privatnih-casova</url><source-id>03</source-id><local-id>77</local-id><source-name>kurir</source-name><article><article-title> U 2 NEDELJE SAVLADAJTE NEMAČKI JEZIK KAO MATERINJI </article-title><article-time> 2018-11-26</article-time><article-author>Kurir</article-author><article-text>.  Nema prevare! Franz Reimann je svima omogućio da sada jednostavno, zabavno i brzo nauče nemački jezik. Kako? Uz pomoć 2-nedeljne formule učenja! Ona je njegova dugo čuvana tajna za koju su mnogi želeli da ostane neobelodanjena. Razlog je jednostavan - profit od kurseva i privatnih časova je drastično opao otkako se pročulo za nju. Niko ne želi da baca novac sada kada mogu da se postignu trostruko bolji rezultati kod kuće, i da se uči na zabavan način! Zato je sve više škola jezika u panici zbog svog opstanka, a mnoge se već i zatvaraju. Još jedna ogromna prednost ove formule je to što može da vam promeni život nabolje bez obzira na pol, godine, obrazovanje i predznanje! 2-nedeljna formula Franza Reimanna je mnogima omogućila da nađu bolje plaćen posao, da poboljšaju karijeru, da više putuju i slično.    Brzo i nikad povoljnije učenje nemačkog jezika! Možete ovladati nemačkim jezikom kao maternjim čak i ako nemate nikakvo predznanje! Franz Reimann je imao to u vidu kada je stvarao knjigu Lernelingu. Knjiga će vam pomoći da iskoristite kapacitet koji imate, a to je vaš mozak. Ne treba da se zamarate višečasovnim učenjem gradiva da bi vam se urezale samo 2-3 nove reči. Uz pomoć njegove formule koristite 100% kapaciteta svog mozga, koji inače „drema“. To dalje rezultira onime čime bi trebalo da rezultiraju skupi kursevi – brzim pamćenjem i pamćenjem bez problema. Međutim, njegova formula garantuje pamćenje nemačkih reči trostruko brže nego konvencionalnim metodama učenja. Hiljade ljudi su dokaz efikasnosti ove formule jer je imala efekta na svakome ko ju je isprobao. Čak i osobe lenje za učenje imaju uspeha jer Lernelingu učenju nemačkog jezika daje čar koju nikad sa drugim metodama nećete osetiti! Prilika da pišete i govorite nemački kao pravi Nemac Onog trenutka kada počnete da učite sa Lernelingu, znanje će se samo nadovezivati. Sami ćete želeti da usvojite još više i više, i s lakoćom ćete prelaziti lekcije. Nemački ćete već nakon par dana moći da govorite bez zadrške i traženja pravih reči. A nakon par nedelja možete da spakujete kofere i pravac u Nemačku! Pozdravite se sa bacanjem novca na konvencionalne metode učenja s kojima ne gubite samo novac, nego i vreme i volju za učenjem! UPOZORENJE: Knjiga Lernelingu ima velik broj porudžbina, a zalihe su ograničene. Zato se često događa da je nema na zalihama, i morate da čekate da stignu nove. Trenutno možete da je kupite, ali već sutra bi zalihe mogle da se rasprodaju. Zato, ako želite da naučite nemački jezik na zabavan i lak način, reagujte odmah. Već danas započnite učenje nemačkog jezika uz pomoć popularne 2-nedeljne formule Franza Reimanna! (Promo - tekst / Foto:Promo)            </article-text><article-text-transliterated>.  Nema prevare! Franz Reimann je svima omogućio da sada jednostavno, zabavno i brzo nauče nemački jezik. Kako? Uz pomoć 2-nedeljne formule učenja! Ona je njegova dugo čuvana tajna za koju su mnogi želeli da ostane neobelodanjena. Razlog je jednostavan - profit od kurseva i privatnih časova je drastično opao otkako se pročulo za nju. Niko ne želi da baca novac sada kada mogu da se postignu trostruko bolji rezultati kod kuće, i da se uči na zabavan način! Zato je sve više škola jezika u panici zbog svog opstanka, a mnoge se već i zatvaraju. Još jedna ogromna prednost ove formule je to što može da vam promeni život nabolje bez obzira na pol, godine, obrazovanje i predznanje! 2-nedeljna formula Franza Reimanna je mnogima omogućila da nađu bolje plaćen posao, da poboljšaju karijeru, da više putuju i slično.    Brzo i nikad povoljnije učenje nemačkog jezika! Možete ovladati nemačkim jezikom kao maternjim čak i ako nemate nikakvo predznanje! Franz Reimann je imao to u vidu kada je stvarao knjigu Lernelingu. Knjiga će vam pomoći da iskoristite kapacitet koji imate, a to je vaš mozak. Ne treba da se zamarate višečasovnim učenjem gradiva da bi vam se urezale samo 2-3 nove reči. Uz pomoć njegove formule koristite 100% kapaciteta svog mozga, koji inače „drema“. To dalje rezultira onime čime bi trebalo da rezultiraju skupi kursevi – brzim pamćenjem i pamćenjem bez problema. Međutim, njegova formula garantuje pamćenje nemačkih reči trostruko brže nego konvencionalnim metodama učenja. Hiljade ljudi su dokaz efikasnosti ove formule jer je imala efekta na svakome ko ju je isprobao. Čak i osobe lenje za učenje imaju uspeha jer Lernelingu učenju nemačkog jezika daje čar koju nikad sa drugim metodama nećete osetiti! Prilika da pišete i govorite nemački kao pravi Nemac Onog trenutka kada počnete da učite sa Lernelingu, znanje će se samo nadovezivati. Sami ćete želeti da usvojite još više i više, i s lakoćom ćete prelaziti lekcije. Nemački ćete već nakon par dana moći da govorite bez zadrške i traženja pravih reči. A nakon par nedelja možete da spakujete kofere i pravac u Nemačku! Pozdravite se sa bacanjem novca na konvencionalne metode učenja s kojima ne gubite samo novac, nego i vreme i volju za učenjem! UPOZORENJE: Knjiga Lernelingu ima velik broj porudžbina, a zalihe su ograničene. Zato se često događa da je nema na zalihama, i morate da čekate da stignu nove. Trenutno možete da je kupite, ali već sutra bi zalihe mogle da se rasprodaju. Zato, ako želite da naučite nemački jezik na zabavan i lak način, reagujte odmah. Već danas započnite učenje nemačkog jezika uz pomoć popularne 2-nedeljne formule Franza Reimanna! (Promo - tekst / Foto:Promo)            </article-text-transliterated><comment-list /></article><comments><comment-count>0</comment-count></comments></document>