<document global_id="sr-03-111"><url>https://www.kurir.rs/planeta/3055909/otisla-u-englesku-da-uci-jezik-pronadjena-spaljena-u-basti-francuski-par-dadilju-21-zverski-mucio-do-smrti-a-onda-uradili-nesto-jos-gnusnije-video</url><source-id>03</source-id><local-id>111</local-id><source-name>kurir</source-name><article><article-title> OTIŠLA U ENGLESKU DA UČI JEZIK, PRONAĐENA SPALJENA U BAŠTI</article-title><article-time> 2018-05-24</article-time><article-author>Kurir</article-author><article-text>Britanski sud zaključio je danas da je francuski par kriv za ubistvo svoje dadilje, čije su telo spalili u dvorištu iza svoje kuće u Londonu nakon što su je tokom više meseci maltretirali, pretili joj i fizički je zlostavljali, pri čemu su je praktično držali kao roba..  Sabrina Kuder (35) i njen dečko Vizem Meduni (40),ubili su dadilju Sofi Lionet (21) u njihovom domu u Vimbldonu, i imali seksualni odnos dok je ona ležala mrtva u krevetu pored njih.     Kouderova i Medouni sudevojku mučili i pretukli u kupatilu, nakon čega su njeno telo bacili na logorsku vatru u bašti. Patolog je tada rekao da je Lionetovoj polomljeno pet rebara, još tri dana pre smrti. On je tada nabrojao još mnoge povrede nastale pre smrti, uključujući frakturu jagodičnih kostiju i vilice, a devojka je imala i vidljive povrede oko očiju i naprslu lobanju.   The patio where Kouider and Medouni tried to burn Sophie Lionnet's body. They tried to cover up the smell by grilling chicken on the barbeque pic.twitter.com/SGdaAYzUlb — CourtNewsUK (@CourtNewsUK) May 24, 2018    Tokom suđenja isplivali sugnusni detalji, a to je da je par imao je seks dok je telo nesrećne devojke bilo tik pored njih. Sabrina Kuder rekla je sudiji da je plakala kada su ona i njen partner imali seks ubrzo posleubistva Sofi Lionet u stanu vrednom 900.000 funti u Vimbldonu, na jugozapadu Londona. Oboje poriču ubistvo - ali priznaju da su izvršili perverznu pravdu tako što su spalili telo - i oboje krive jedno drugog za smrt 21-godišnje dadilje u septembru prošle godine.   — Samantha Louise (@samhill1212) May 24, 2018    Par je optužio Sofi Lionet da je kovala zaveru protiv njih sa Markom Valtonom - osnivačem irskog muzičkog benda "Bojzon", koji se nekada zabavljao sa Kuderovom. Nakon što je telo pronađeno u ostacima logorske vatre u njihovoj bašti, Kuderova je rekla da je lagala policiju po instrukcijama svog partnera Medunija. Nesrećna Francuskinja Sofi Lionet, doselila se u Veliku Britaniju u 2016. godini kako bi pobošljala svoj engleski jezik.  "Nikada nećemo znati kakve je sve strahote Sofi morala da trpi", rekla je danas inspektorka Domenika Katino, nakon što je sudska odluka pročitana. Kako je navela, na osnovu dobijenih fotografija i snimaka, može se zaključiti da je Sofi bila preplašena, slomljena i iznurena mlada devojka koja je verovatno znala da joj uskoro preti smrt. Kurir.rs/SAN Foto printscreen Tweet  </article-text><article-text-transliterated>Britanski sud zaključio je danas da je francuski par kriv za ubistvo svoje dadilje, čije su telo spalili u dvorištu iza svoje kuće u Londonu nakon što su je tokom više meseci maltretirali, pretili joj i fizički je zlostavljali, pri čemu su je praktično držali kao roba..  Sabrina Kuder (35) i njen dečko Vizem Meduni (40),ubili su dadilju Sofi Lionet (21) u njihovom domu u Vimbldonu, i imali seksualni odnos dok je ona ležala mrtva u krevetu pored njih.     Kouderova i Medouni sudevojku mučili i pretukli u kupatilu, nakon čega su njeno telo bacili na logorsku vatru u bašti. Patolog je tada rekao da je Lionetovoj polomljeno pet rebara, još tri dana pre smrti. On je tada nabrojao još mnoge povrede nastale pre smrti, uključujući frakturu jagodičnih kostiju i vilice, a devojka je imala i vidljive povrede oko očiju i naprslu lobanju.   The patio where Kouider and Medouni tried to burn Sophie Lionnet's body. They tried to cover up the smell by grilling chicken on the barbeque pic.twitter.com/SGdaAYzUlb — CourtNewsUK (@CourtNewsUK) May 24, 2018    Tokom suđenja isplivali sugnusni detalji, a to je da je par imao je seks dok je telo nesrećne devojke bilo tik pored njih. Sabrina Kuder rekla je sudiji da je plakala kada su ona i njen partner imali seks ubrzo posleubistva Sofi Lionet u stanu vrednom 900.000 funti u Vimbldonu, na jugozapadu Londona. Oboje poriču ubistvo - ali priznaju da su izvršili perverznu pravdu tako što su spalili telo - i oboje krive jedno drugog za smrt 21-godišnje dadilje u septembru prošle godine.   — Samantha Louise (@samhill1212) May 24, 2018    Par je optužio Sofi Lionet da je kovala zaveru protiv njih sa Markom Valtonom - osnivačem irskog muzičkog benda "Bojzon", koji se nekada zabavljao sa Kuderovom. Nakon što je telo pronađeno u ostacima logorske vatre u njihovoj bašti, Kuderova je rekla da je lagala policiju po instrukcijama svog partnera Medunija. Nesrećna Francuskinja Sofi Lionet, doselila se u Veliku Britaniju u 2016. godini kako bi pobošljala svoj engleski jezik.  "Nikada nećemo znati kakve je sve strahote Sofi morala da trpi", rekla je danas inspektorka Domenika Katino, nakon što je sudska odluka pročitana. Kako je navela, na osnovu dobijenih fotografija i snimaka, može se zaključiti da je Sofi bila preplašena, slomljena i iznurena mlada devojka koja je verovatno znala da joj uskoro preti smrt. Kurir.rs/SAN Foto printscreen Tweet  </article-text-transliterated><comment-list><comments comment-id="1"><comment-parent-id>empty</comment-parent-id><comment-text>Ko bi rekao...i Englezi i Francuzi sebe smatraju civilizovanim i nadrasom ...svi ostali su divljaci....sve im je dozvoljeno....</comment-text><comment-text-transliterated>Ko bi rekao...i Englezi i Francuzi sebe smatraju civilizovanim i nadrasom ...svi ostali su divljaci....sve im je dozvoljeno....</comment-text-transliterated></comments></comment-list></article><comments><comment-count>1</comment-count></comments></document>