<document global_id="sr-03-3"><url>https://www.kurir.rs/zabava/zanimljivosti/2780223/necete-moci-da-verujete-stavite-samo-jednu-kap-limuna-na-jezik-i-otkrijte-nesto-neverovatno</url><source-id>03</source-id><local-id>3</local-id><source-name>kurir</source-name><article><article-title> NEĆETE MOĆI DA VERUJETE</article-title><article-time> 2017-04-11</article-time><article-author>Kurir</article-author><article-text>Samo jedna kap soka od limuna na jeziku može da vam otkrije nešto neverovatno!.  Šezdesetih godina prošlog veka Hans i Sibil Ajzenk sproveli eksperiment koji je ubrzo postao veoma rasprostanjen i popularan za sve koji su hteli da saznaju nešto više o sebi. Reč je probanju soka od limuna. Nezvanično, jedan od zanimljivih načina da procenite da li ste ekstrovertna ili introvertna osoba na biogenom nivou jeste da uradite test sa jednom kapi limunovog soka.    Foto: Profimedia Ukoliko vam se količina pljuvačke ne poveća ili se poveća samo malo, onda ste ekstrovertna ili otvorena osoba, a ukoliko počnete da lučite veću količinu pljuvačke, onda introvertna ili zatvorena, u sebe okrenuta osoba. Introvertni ljudi proizvode više pljuvačke kada probaju sok od limun, i to verovatno zato što imaju viši osnovni nivo kortikalnog uzbuđenja. Naime, po toj teoriji introvertne osobe imaju tendenciju da luče pljuvačku više nego ekstrovertni tipovi ličnosti, a koji ste tip, možete saznati ovako: stavite kap limuna na jezik i merite količinu svoje pljuvačke. Foto: Thinkstock       Autor:Foto: Profimedia    </article-text><article-text-transliterated>Samo jedna kap soka od limuna na jeziku može da vam otkrije nešto neverovatno!.  Šezdesetih godina prošlog veka Hans i Sibil Ajzenk sproveli eksperiment koji je ubrzo postao veoma rasprostanjen i popularan za sve koji su hteli da saznaju nešto više o sebi. Reč je probanju soka od limuna. Nezvanično, jedan od zanimljivih načina da procenite da li ste ekstrovertna ili introvertna osoba na biogenom nivou jeste da uradite test sa jednom kapi limunovog soka.    Foto: Profimedia Ukoliko vam se količina pljuvačke ne poveća ili se poveća samo malo, onda ste ekstrovertna ili otvorena osoba, a ukoliko počnete da lučite veću količinu pljuvačke, onda introvertna ili zatvorena, u sebe okrenuta osoba. Introvertni ljudi proizvode više pljuvačke kada probaju sok od limun, i to verovatno zato što imaju viši osnovni nivo kortikalnog uzbuđenja. Naime, po toj teoriji introvertne osobe imaju tendenciju da luče pljuvačku više nego ekstrovertni tipovi ličnosti, a koji ste tip, možete saznati ovako: stavite kap limuna na jezik i merite količinu svoje pljuvačke. Foto: Thinkstock       Autor:Foto: Profimedia    </article-text-transliterated><comment-list /></article><comments><comment-count>0</comment-count></comments></document>