<document global_id="sr-03-136"><url>https://www.kurir.rs/planeta/2868427/jezicke-zavrzlame-10-reci-koje-ne-mogu-da-se-prevedu-ni-na-jedan-jezik</url><source-id>03</source-id><local-id>136</local-id><source-name>kurir</source-name><article><article-title> JEZIČKE ZAVRZLAME</article-title><article-time> 2017-06-22</article-time><article-author>Kurir</article-author><article-text>.  Uprkos globalizaciji i činjenici da sve više ljudi uči strane jezike, i dalje postoje reči za koje ne postoje zvanični prevodi ni na jedan strani jezik. To ne bi trebalo da nas čudi, s obzirom na to da se širom sveta govori oko 7.000 jezika.     U novoj knjizi "More Than Just A Word – Untranslatable Words Of Love From Around The World", autorka Ema Blok istražuje neke od tih reči, a Independent je odabrao nekoliko najzanimljivijih primera:  1. Cafuné (portugalski) Prolaženje prstima kroz kosu partnera.  2. Litost (češki) Poznati češki pisac Milan Kundera definisao je ovo kao "očaj koji se javlja kada čovek odjednom uvidi u koliko je bednom stanju“.  3. Schnapsidee (nemački) Plan koji je nastao u pijanom stanju ili je toliko smešan da ste morali da budete pijani dok ste ga smišljali.  4. Viraha (hindu) Shvatanje koliko volite nekoga tek nakon što se razdvojite.  5. Jayus (indonezijski) Toliko neduhovita "šala“, da ne možete a da se ne nasmejete.  6. Tsundoku (japanski) Kad kupite knjigu koju više nikad ne otvorite.  7. Oodal (tamilski) Glumljenje ljutnje pred partnerom nakon ljubavne svađe.  8. Toska (ruski) Vladimir Nabokov je opisao ovu reč kao "osećaj velike duhovne teskobe, do koje često dolazi bez nekog posebnog povoda“.  9. Abbiocco (italijanski) Pospanost koju osećate nakon što ste se "pošteno“ najeli.  10. Odnoliub (ruski) Osoba koja je ceo život imala samo jednu ljubav. (Foto: Profimedia)  </article-text><article-text-transliterated>.  Uprkos globalizaciji i činjenici da sve više ljudi uči strane jezike, i dalje postoje reči za koje ne postoje zvanični prevodi ni na jedan strani jezik. To ne bi trebalo da nas čudi, s obzirom na to da se širom sveta govori oko 7.000 jezika.     U novoj knjizi "More Than Just A Word – Untranslatable Words Of Love From Around The World", autorka Ema Blok istražuje neke od tih reči, a Independent je odabrao nekoliko najzanimljivijih primera:  1. Cafuné (portugalski) Prolaženje prstima kroz kosu partnera.  2. Litost (češki) Poznati češki pisac Milan Kundera definisao je ovo kao "očaj koji se javlja kada čovek odjednom uvidi u koliko je bednom stanju“.  3. Schnapsidee (nemački) Plan koji je nastao u pijanom stanju ili je toliko smešan da ste morali da budete pijani dok ste ga smišljali.  4. Viraha (hindu) Shvatanje koliko volite nekoga tek nakon što se razdvojite.  5. Jayus (indonezijski) Toliko neduhovita "šala“, da ne možete a da se ne nasmejete.  6. Tsundoku (japanski) Kad kupite knjigu koju više nikad ne otvorite.  7. Oodal (tamilski) Glumljenje ljutnje pred partnerom nakon ljubavne svađe.  8. Toska (ruski) Vladimir Nabokov je opisao ovu reč kao "osećaj velike duhovne teskobe, do koje često dolazi bez nekog posebnog povoda“.  9. Abbiocco (italijanski) Pospanost koju osećate nakon što ste se "pošteno“ najeli.  10. Odnoliub (ruski) Osoba koja je ceo život imala samo jednu ljubav. (Foto: Profimedia)  </article-text-transliterated><comment-list /></article><comments><comment-count>0</comment-count></comments></document>