<document global_id="sr-03-65"><url>https://www.kurir.rs/region/severna-makedonija/3303133/novina-u-severnoj-makedoniji-srpski-jezik-postao-izborni-predmet-u-osnovnim-skolama</url><source-id>03</source-id><local-id>65</local-id><source-name>kurir</source-name><article><article-title> NOVINA U SEVERNOJ MAKEDONIJI</article-title><article-time> 2019-08-14</article-time><article-author>Kurir</article-author><article-text>U predstojećoj školskoj godini Srpski jezik i kultura uveden je kao izborni predmet u osnovnim školama u Severnoj Makedoniji, pored redovnog obrazovanja na srpskom jeziku u preostale tri osnovne škole - u Starom Nagoričanu, Tabanovcu i Kučevištu..  U cilju unapređenja nastave pripadnika srpske i turske zajednice, početkom ove godine „analizirana su i sprovedena određena sagledavanja u odnosu uvođenja predmeta jezik i kultura zajednica, konkretno, u delu izbornih predmeta za uvođenje predmeta jezik i kultura Turaka i jezik i kultura Srba". Kako je precizirano u aktu MON-a „u interesu pripadnika zajednica, Biro za razvoj obrazovanja izvršio je izmene i dopune nastavnog plana devetogodišnjeg osnovnog obrazovanja u delu izbornih predmeta, za uvođenje Jezika i kulture Turaka i Jezika i kulture Srba“. Tako su pomenuti predmeti uvedeni u program izbornih predmeta osnovnog obrazovanja.    Time je srpskoj zajednici u Makedoniji vraćeno prethodno stečeno pravo kojim su, pored redovnog zakonom zagarantovanog prava na obrazovanje na maternjem jeziku, imali i pravo na fakultativno izučavanje srpskog jezika, kao izbornog predmeta, koje su prošle vlasti ukinule školske 2007/2008. godine.  </article-text><article-text-transliterated>U predstojećoj školskoj godini Srpski jezik i kultura uveden je kao izborni predmet u osnovnim školama u Severnoj Makedoniji, pored redovnog obrazovanja na srpskom jeziku u preostale tri osnovne škole - u Starom Nagoričanu, Tabanovcu i Kučevištu..  U cilju unapređenja nastave pripadnika srpske i turske zajednice, početkom ove godine „analizirana su i sprovedena određena sagledavanja u odnosu uvođenja predmeta jezik i kultura zajednica, konkretno, u delu izbornih predmeta za uvođenje predmeta jezik i kultura Turaka i jezik i kultura Srba". Kako je precizirano u aktu MON-a „u interesu pripadnika zajednica, Biro za razvoj obrazovanja izvršio je izmene i dopune nastavnog plana devetogodišnjeg osnovnog obrazovanja u delu izbornih predmeta, za uvođenje Jezika i kulture Turaka i Jezika i kulture Srba“. Tako su pomenuti predmeti uvedeni u program izbornih predmeta osnovnog obrazovanja.    Time je srpskoj zajednici u Makedoniji vraćeno prethodno stečeno pravo kojim su, pored redovnog zakonom zagarantovanog prava na obrazovanje na maternjem jeziku, imali i pravo na fakultativno izučavanje srpskog jezika, kao izbornog predmeta, koje su prošle vlasti ukinule školske 2007/2008. godine.  </article-text-transliterated><comment-list><comments comment-id="1"><comment-parent-id>empty</comment-parent-id><comment-text>To selo se na srpskom  zove Staro Nagoričino, a na makedonskom Staro Nagoričane. U njemu je kralj Milutin sagradio velelepnu crkvu Svetog Djordja koja je još uvek odlično sačuvana</comment-text><comment-text-transliterated>To selo se na srpskom  zove Staro Nagoričino, a na makedonskom Staro Nagoričane. U njemu je kralj Milutin sagradio velelepnu crkvu Svetog Djordja koja je još uvek odlično sačuvana</comment-text-transliterated></comments><comments comment-id="2"><comment-parent-id>empty</comment-parent-id><comment-text>Bravooo...tako i treba</comment-text><comment-text-transliterated>Bravooo...tako i treba</comment-text-transliterated></comments></comment-list></article><comments><comment-count>2</comment-count></comments></document>