<document global_id="sr-03-30"><url>https://www.kurir.rs/vesti/srbija/1982899/du-ju-spik-uzicki-urnebesni-vodic-kroz-jezik-era</url><source-id>03</source-id><local-id>30</local-id><source-name>kurir</source-name><article><article-title> DU JU SPIK UŽIČKI</article-title><article-time> 2015-10-19</article-time><article-author>Kurir</article-author><article-text>Užičani obožavaju da skraćuju reči. Po tome su jako poznati: Ko no to bi?, najkraća je srpska rečenica, sa 4 reči i 8 slova.  UŽICE - Pojedine reči u srpskom jeziku imaju specifično značenje samo u Užicu. Primera radi, reč mutan u kontekstu : „On je baš mutan lik“. Na užičkom to znači da je neko zanimljiv, dopadljiv, cool.Kada ovu rečenicu izgovorite bilo gde van Užica, ljudi će pomisliti da je to neko ko se bavi ilegalnim radnjama, odnosno da nesto muti (što je i logično, zar ne?)    Užičani, takođe, obožavaju da skraćuju reči. Po tome su jako poznati, pa se čak i studenti iz Užica u Beogradu prepoznaju po tome. Kao da im na čelu piše odakle su.Kao primer, evo liste nekih reči, datih sa prevodom u produžetku (za ljude koji nisu iz Užica ili ne razumeju).Osećajte se slobodno da listu dopunite u komentarima (naravno sa prevodima za one koji ne razumeju). Užice, Foto: Sanja Ćurčić Student1 : Sutra idem Užice (Pravi Užičani NIKADA ne koriste dva slova u, jedno pored drugog.) Student2 : Extra, spiči jednu kompletaru i za mene Karakteristične kratke reči : EVE, ENE, ETE Eve ti kilo rakije, u ekstremnim slučajevima Nadevo ti kilo - Evo ti litar rakije (Označava davanje.) Ene, duga! - Eno je duga! ili Pogledaj, duga! (Koristi se pri pokazivanju na nešto.) Ete ti, j.balo te ono! (Označava davanje, slično kao i kod EVE, ali ljutito) Gde mi je ranac? - Ete ga (Označava pokazivanje na nešto.) Ko no to bi? - Ko ono to bi? (Inače najkraća srpska rečenica, sa 4 reči i 8 slova). Varijacije ove rečenice su: De no to bi? - Gde ono to bi? i Šta no to bi? - Šta ono to bi? Foto: Facebook Oglasna tabla Užice Skraćivanje pojedinih reči odsecanjem slova T na kraju istih Vlas, čas, krs, lis, prs, mos, mas...Ček - čekaj Jes - jeste Jok - nije (ovo je, doduše, turska reč i znači NE) Nek - Neka Nemo - Ma nemoj  Numem - Ne umem Oli? - Hoćeš li? (ovo skraćenje vuče korene iz Crne Gore, ali se puno koristi u Užicu) Nasce - Nastavnice  Našče - Nastavniče Upremase - Naspram, jedno prema drugom Dela, dela de, dela der – Označava odobravanje, odnosno celu rečenicu : Mislim da bi trebalo da to uradiš.  Primer: Razmišljam da počnem dučim, Dela! Da se nisi rano setio?Jašta, jašta čini - Reč koja ima potvrdno značenje, da. Takođe se može koristiti kao odgovor na SVAKU rečenicu ili pitanje.    Pojedine reči u srpskom jeziku imaju specifično značenje samo u Užicu. Primera radi, reč mutan u kontekstu : „On je baš...  Posted by UŽICE - OGLASNA TABLA onSunday, October 18, 2015    Spajanje dve ili više reči Nek je sasrećom domaćine. - Neka je sa srećom domaćine. Eve mi ga sin viškuće, igra se. - Evo ga moj sin, iznad kuće, igra se. Meščini da sam ga video. - Meni se čini da sam ga video. Ošdoći? Kašdoći?, Doću. Saću - Hoćeš li doći? Kada ćeš doći?, Doći ću. Sada ću. Skraćivanje rečce da je jako često i karakteristično: Didem – Da idem Duzmem – Da uzmem Dučim – Da učim Dubijem – Da ubijem Dizađem - Da izađem Duradim – Da uradim Skraćenje reči sa na s, koje je vremenom prešlo na z Ček da siđem zbrda - Čekaj da siđem sa brda Ja se zimi grejem zdrvima - Ja se zimi grejem na drva (Oglasna tabla Užice)             </article-text><article-text-transliterated>Užičani obožavaju da skraćuju reči. Po tome su jako poznati: Ko no to bi?, najkraća je srpska rečenica, sa 4 reči i 8 slova.  UŽICE - Pojedine reči u srpskom jeziku imaju specifično značenje samo u Užicu. Primera radi, reč mutan u kontekstu : „On je baš mutan lik“. Na užičkom to znači da je neko zanimljiv, dopadljiv, cool.Kada ovu rečenicu izgovorite bilo gde van Užica, ljudi će pomisliti da je to neko ko se bavi ilegalnim radnjama, odnosno da nesto muti (što je i logično, zar ne?)    Užičani, takođe, obožavaju da skraćuju reči. Po tome su jako poznati, pa se čak i studenti iz Užica u Beogradu prepoznaju po tome. Kao da im na čelu piše odakle su.Kao primer, evo liste nekih reči, datih sa prevodom u produžetku (za ljude koji nisu iz Užica ili ne razumeju).Osećajte se slobodno da listu dopunite u komentarima (naravno sa prevodima za one koji ne razumeju). Užice, Foto: Sanja Ćurčić Student1 : Sutra idem Užice (Pravi Užičani NIKADA ne koriste dva slova u, jedno pored drugog.) Student2 : Extra, spiči jednu kompletaru i za mene Karakteristične kratke reči : EVE, ENE, ETE Eve ti kilo rakije, u ekstremnim slučajevima Nadevo ti kilo - Evo ti litar rakije (Označava davanje.) Ene, duga! - Eno je duga! ili Pogledaj, duga! (Koristi se pri pokazivanju na nešto.) Ete ti, j.balo te ono! (Označava davanje, slično kao i kod EVE, ali ljutito) Gde mi je ranac? - Ete ga (Označava pokazivanje na nešto.) Ko no to bi? - Ko ono to bi? (Inače najkraća srpska rečenica, sa 4 reči i 8 slova). Varijacije ove rečenice su: De no to bi? - Gde ono to bi? i Šta no to bi? - Šta ono to bi? Foto: Facebook Oglasna tabla Užice Skraćivanje pojedinih reči odsecanjem slova T na kraju istih Vlas, čas, krs, lis, prs, mos, mas...Ček - čekaj Jes - jeste Jok - nije (ovo je, doduše, turska reč i znači NE) Nek - Neka Nemo - Ma nemoj  Numem - Ne umem Oli? - Hoćeš li? (ovo skraćenje vuče korene iz Crne Gore, ali se puno koristi u Užicu) Nasce - Nastavnice  Našče - Nastavniče Upremase - Naspram, jedno prema drugom Dela, dela de, dela der – Označava odobravanje, odnosno celu rečenicu : Mislim da bi trebalo da to uradiš.  Primer: Razmišljam da počnem dučim, Dela! Da se nisi rano setio?Jašta, jašta čini - Reč koja ima potvrdno značenje, da. Takođe se može koristiti kao odgovor na SVAKU rečenicu ili pitanje.    Pojedine reči u srpskom jeziku imaju specifično značenje samo u Užicu. Primera radi, reč mutan u kontekstu : „On je baš...  Posted by UŽICE - OGLASNA TABLA onSunday, October 18, 2015    Spajanje dve ili više reči Nek je sasrećom domaćine. - Neka je sa srećom domaćine. Eve mi ga sin viškuće, igra se. - Evo ga moj sin, iznad kuće, igra se. Meščini da sam ga video. - Meni se čini da sam ga video. Ošdoći? Kašdoći?, Doću. Saću - Hoćeš li doći? Kada ćeš doći?, Doći ću. Sada ću. Skraćivanje rečce da je jako često i karakteristično: Didem – Da idem Duzmem – Da uzmem Dučim – Da učim Dubijem – Da ubijem Dizađem - Da izađem Duradim – Da uradim Skraćenje reči sa na s, koje je vremenom prešlo na z Ček da siđem zbrda - Čekaj da siđem sa brda Ja se zimi grejem zdrvima - Ja se zimi grejem na drva (Oglasna tabla Užice)             </article-text-transliterated><comment-list><comments comment-id="1"><comment-parent-id>empty</comment-parent-id><comment-text>Ја не причам тако и шта сада ? Одакле сам ?</comment-text><comment-text-transliterated>Ja ne pričam tako i šta sada ? Odakle sam ?</comment-text-transliterated></comments><comments comment-id="1-1"><comment-parent-id>1</comment-parent-id><comment-text>Odakle si?Pa,odakle i svi mi!</comment-text><comment-text-transliterated>Odakle si?Pa,odakle i svi mi!</comment-text-transliterated></comments><comments comment-id="2"><comment-parent-id>empty</comment-parent-id><comment-text>ščim ćeš palačinke? ždžemom.</comment-text><comment-text-transliterated>ščim ćeš palačinke? ždžemom.</comment-text-transliterated></comments><comments comment-id="3"><comment-parent-id>empty</comment-parent-id><comment-text>Da se razumemo ovo nije samo u Uzicu nego i u Pozegi, Lucanima, Cacku, Arilju itd. Legende smo!!!</comment-text><comment-text-transliterated>Da se razumemo ovo nije samo u Uzicu nego i u Pozegi, Lucanima, Cacku, Arilju itd. Legende smo!!!</comment-text-transliterated></comments><comments comment-id="3-1"><comment-parent-id>3</comment-parent-id><comment-text>I u Ivanjici)))</comment-text><comment-text-transliterated>I u Ivanjici)))</comment-text-transliterated></comments><comments comment-id="3-2"><comment-parent-id>3</comment-parent-id><comment-text>Valjevu, Mionici, Osecini, Ljuboviji, Bajinoj Basti, Kosjericu....</comment-text><comment-text-transliterated>Valjevu, Mionici, Osecini, Ljuboviji, Bajinoj Basti, Kosjericu....</comment-text-transliterated></comments><comments comment-id="4"><comment-parent-id>empty</comment-parent-id><comment-text>slobodan si ko krava na livadi!!</comment-text><comment-text-transliterated>slobodan si ko krava na livadi!!</comment-text-transliterated></comments><comments comment-id="4-1"><comment-parent-id>4</comment-parent-id><comment-text>A moze i ko konj</comment-text><comment-text-transliterated>A moze i ko konj</comment-text-transliterated></comments><comments comment-id="5"><comment-parent-id>empty</comment-parent-id><comment-text>to je govor ovih sa okolnih sela uzicu mada se kao fora koristi kod mladih,msm nzm sta reci pozz od uzicanke</comment-text><comment-text-transliterated>to je govor ovih sa okolnih sela uzicu mada se kao fora koristi kod mladih,msm nzm sta reci pozz od uzicanke</comment-text-transliterated></comments><comments comment-id="6"><comment-parent-id>empty</comment-parent-id><comment-text>Goramo,dolamo...</comment-text><comment-text-transliterated>Goramo,dolamo...</comment-text-transliterated></comments><comments comment-id="7"><comment-parent-id>empty</comment-parent-id><comment-text>Zdušno (duhovito) nema šta.</comment-text><comment-text-transliterated>Zdušno (duhovito) nema šta.</comment-text-transliterated></comments><comments comment-id="8"><comment-parent-id>empty</comment-parent-id><comment-text>Vecina ovde navedenih reci se ne koristi, bar ne u gradu. Mozda u okolnim selima i to uglavnom stariji ljudi." Dela" se koristi, obicno stariji ljudi, i poneko skracivanje,i naravno "mutan". A didem,duzmem,dubijem, to je cista parodija na seljake koji se naseljavaju u Uzice.</comment-text><comment-text-transliterated>Vecina ovde navedenih reci se ne koristi, bar ne u gradu. Mozda u okolnim selima i to uglavnom stariji ljudi." Dela" se koristi, obicno stariji ljudi, i poneko skracivanje,i naravno "mutan". A didem,duzmem,dubijem, to je cista parodija na seljake koji se naseljavaju u Uzice.</comment-text-transliterated></comments><comments comment-id="8-1"><comment-parent-id>8</comment-parent-id><comment-text>ja sam mladji,i obozavam da koristim starije reci.pogotovu pred devojkama sa strane,da samo mozete da vidite njihov blagi teleci pogled :)</comment-text><comment-text-transliterated>ja sam mladji,i obozavam da koristim starije reci.pogotovu pred devojkama sa strane,da samo mozete da vidite njihov blagi teleci pogled :)</comment-text-transliterated></comments><comments comment-id="8-2"><comment-parent-id>8</comment-parent-id><comment-text>Sto se ljutis, covece? Ovo je trebao da bude duhovit tekst . Vidim da su ljudi to  ,uglavnom, tako i shvatili.</comment-text><comment-text-transliterated>Sto se ljutis, covece? Ovo je trebao da bude duhovit tekst . Vidim da su ljudi to  ,uglavnom, tako i shvatili.</comment-text-transliterated></comments><comments comment-id="9"><comment-parent-id>empty</comment-parent-id><comment-text>-manse toga,ili najčešći izraz manse ćorava posla---ne prihvataj se toga ili izbegavaj sumnjiv posao</comment-text><comment-text-transliterated>-manse toga,ili najčešći izraz manse ćorava posla---ne prihvataj se toga ili izbegavaj sumnjiv posao</comment-text-transliterated></comments><comments comment-id="10"><comment-parent-id>empty</comment-parent-id><comment-text>Nisam iz Užica, (dolazio sam često poslom) ali volim ljude iz Užica, kao i sam grad. Ima nešto svoje :-)</comment-text><comment-text-transliterated>Nisam iz Užica, (dolazio sam često poslom) ali volim ljude iz Užica, kao i sam grad. Ima nešto svoje :-)</comment-text-transliterated></comments><comments comment-id="11"><comment-parent-id>empty</comment-parent-id><comment-text>Tačno tako.ljudi lepo traze univeritet a vlast ne da.I ne treba .Bilo bi greota izgubiti ovakvo bogatstvo jezika.</comment-text><comment-text-transliterated>Tačno tako.ljudi lepo traze univeritet a vlast ne da.I ne treba .Bilo bi greota izgubiti ovakvo bogatstvo jezika.</comment-text-transliterated></comments><comments comment-id="12"><comment-parent-id>empty</comment-parent-id><comment-text>Tako zbore od Uzca sve do namore po cijeloj zemlji Ercegovoj!</comment-text><comment-text-transliterated>Tako zbore od Uzca sve do namore po cijeloj zemlji Ercegovoj!</comment-text-transliterated></comments><comments comment-id="12-1"><comment-parent-id>12</comment-parent-id><comment-text>Sve je to Zapadna Srbija</comment-text><comment-text-transliterated>Sve je to Zapadna Srbija</comment-text-transliterated></comments><comments comment-id="13"><comment-parent-id>empty</comment-parent-id><comment-text>A niste pomenuli da se u Užicu ljudi uglavnom greju "Sugljom" I "Zdrvima".</comment-text><comment-text-transliterated>A niste pomenuli da se u Užicu ljudi uglavnom greju "Sugljom" I "Zdrvima".</comment-text-transliterated></comments><comments comment-id="13-1"><comment-parent-id>13</comment-parent-id><comment-text>a u Sremu scokovima</comment-text><comment-text-transliterated>a u Sremu scokovima</comment-text-transliterated></comments><comments comment-id="14"><comment-parent-id>empty</comment-parent-id><comment-text>Moji roditelji su porijeklom iz Republike Srpske i dosta navedenih riječi koriste tamo.</comment-text><comment-text-transliterated>Moji roditelji su porijeklom iz Republike Srpske i dosta navedenih riječi koriste tamo.</comment-text-transliterated></comments><comments comment-id="14-1"><comment-parent-id>14</comment-parent-id><comment-text>Isto je to ;)</comment-text><comment-text-transliterated>Isto je to ;)</comment-text-transliterated></comments><comments comment-id="15"><comment-parent-id>empty</comment-parent-id><comment-text>Baš sam se lepo nasmejala ovog tmurnog dana. Nema ništa lepše nego kad se setim svog zavičaja. Bez ovog načina govora ere ne bi bile to što jesu.</comment-text><comment-text-transliterated>Baš sam se lepo nasmejala ovog tmurnog dana. Nema ništa lepše nego kad se setim svog zavičaja. Bez ovog načina govora ere ne bi bile to što jesu.</comment-text-transliterated></comments><comments comment-id="16"><comment-parent-id>empty</comment-parent-id><comment-text>Ahahaha carevi</comment-text><comment-text-transliterated>Ahahaha carevi</comment-text-transliterated></comments><comments comment-id="17"><comment-parent-id>empty</comment-parent-id><comment-text>Uzicki kraj je poseban . Kao Srbin volim taj kraj i da je vise takvih krajeva. Ercovi se bore sami i daju nadu da Beograd nije jedini u Srbiji .</comment-text><comment-text-transliterated>Uzicki kraj je poseban . Kao Srbin volim taj kraj i da je vise takvih krajeva. Ercovi se bore sami i daju nadu da Beograd nije jedini u Srbiji .</comment-text-transliterated></comments><comments comment-id="18"><comment-parent-id>empty</comment-parent-id><comment-text>Zivelo Uzice Arilje Pozega Zlatibor . Jedan od najlepsih delova Srbije. Pozdrav iz Vojvodine sa severa braco u brdima . Bio sam na gosotvanju vose . Delimo slicna misljenja o beogradu</comment-text><comment-text-transliterated>Zivelo Uzice Arilje Pozega Zlatibor . Jedan od najlepsih delova Srbije. Pozdrav iz Vojvodine sa severa braco u brdima . Bio sam na gosotvanju vose . Delimo slicna misljenja o beogradu</comment-text-transliterated></comments><comments comment-id="19"><comment-parent-id>empty</comment-parent-id><comment-text>Zlatibor turzima , malina vljaonica prvi pratizna lucani itd itd . Da ne cuju zlobni al taj deo Srbije postaje svajcarska za sebe . Zlatibor je poput Svajcarske npr</comment-text><comment-text-transliterated>Zlatibor turzima , malina vljaonica prvi pratizna lucani itd itd . Da ne cuju zlobni al taj deo Srbije postaje svajcarska za sebe . Zlatibor je poput Svajcarske npr</comment-text-transliterated></comments><comments comment-id="20"><comment-parent-id>empty</comment-parent-id><comment-text>Ahah jesu to carevi . Idem odma</comment-text><comment-text-transliterated>Ahah jesu to carevi . Idem odma</comment-text-transliterated></comments><comments comment-id="21"><comment-parent-id>empty</comment-parent-id><comment-text>Ne znam dal znate al Uzicki kraj je 4 po BDP koji puni kasu Srbije  . Taj narod se nikada nije bunio niti trazio iciju pomoc . Uspeli su da postave firme koliko toliko na svoje noge. Plus rade privredu, gruvaju turizam . Da je srece vise takvih krajeva .</comment-text><comment-text-transliterated>Ne znam dal znate al Uzicki kraj je 4 po BDP koji puni kasu Srbije  . Taj narod se nikada nije bunio niti trazio iciju pomoc . Uspeli su da postave firme koliko toliko na svoje noge. Plus rade privredu, gruvaju turizam . Da je srece vise takvih krajeva .</comment-text-transliterated></comments><comments comment-id="22"><comment-parent-id>empty</comment-parent-id><comment-text>1. Д'с пошо? доље до комшије да дрмнемо по коју.  2. На де = ”узми ово што ти нудим”.</comment-text><comment-text-transliterated>1. D's pošo? dolje do komšije da drmnemo po koju.  2. Na de = ”uzmi ovo što ti nudim”.</comment-text-transliterated></comments><comments comment-id="23"><comment-parent-id>empty</comment-parent-id><comment-text>Evo još reči iz tog kraja:</comment-text><comment-text-transliterated>Evo još reči iz tog kraja:</comment-text-transliterated></comments><comments comment-id="23-1"><comment-parent-id>23</comment-parent-id><comment-text>Ja sam čula i za reč rapalj-koja inače znači rugoba ili da je neko ružan...</comment-text><comment-text-transliterated>Ja sam čula i za reč rapalj-koja inače znači rugoba ili da je neko ružan...</comment-text-transliterated></comments><comments comment-id="24"><comment-parent-id>empty</comment-parent-id><comment-text>Koja glupost?!!Sa par izuzetaka ( Eve, ene, oli) svi navedeni primeri se koriste u celoj zapadnoj Srbiji. Od Sapca i Valjeva do Priboja</comment-text><comment-text-transliterated>Koja glupost?!!Sa par izuzetaka ( Eve, ene, oli) svi navedeni primeri se koriste u celoj zapadnoj Srbiji. Od Sapca i Valjeva do Priboja</comment-text-transliterated></comments><comments comment-id="25"><comment-parent-id>empty</comment-parent-id><comment-text>Navedeni šaljivi govor se uglavnom upražnjava u gradu kao fazon ,nadahnut realnim skečevima u svakodnevnom životu sela. Medjutim, najbitnija skraćenica je. sam naziv grada koji se ,možebiti zvao Lužice. Jer se istoimenoj reci Luz(n)ici,koja protiče u blizini,ime nije skraćivalo.Pitanje glasi: kako to da se n i k o  od istoričara,SANU plaćenika, etnologa i drugih inih nije setio ove skraćenice?</comment-text><comment-text-transliterated>Navedeni šaljivi govor se uglavnom upražnjava u gradu kao fazon ,nadahnut realnim skečevima u svakodnevnom životu sela. Medjutim, najbitnija skraćenica je. sam naziv grada koji se ,možebiti zvao Lužice. Jer se istoimenoj reci Luz(n)ici,koja protiče u blizini,ime nije skraćivalo.Pitanje glasi: kako to da se n i k o  od istoričara,SANU plaćenika, etnologa i drugih inih nije setio ove skraćenice?</comment-text-transliterated></comments><comments comment-id="25-1"><comment-parent-id>25</comment-parent-id><comment-text>O ovome ja govorim vec duze vreme. Spominju se neke zice, cuda...kakve crne zice. Garant je bilo Luzice!</comment-text><comment-text-transliterated>O ovome ja govorim vec duze vreme. Spominju se neke zice, cuda...kakve crne zice. Garant je bilo Luzice!</comment-text-transliterated></comments><comments comment-id="26"><comment-parent-id>empty</comment-parent-id><comment-text>Većina navedenih izraza se koristi u većem delu Zapadne Srbije, kao i u Staroj Hercegovini, ne samo u Užicu.</comment-text><comment-text-transliterated>Većina navedenih izraza se koristi u većem delu Zapadne Srbije, kao i u Staroj Hercegovini, ne samo u Užicu.</comment-text-transliterated></comments><comments comment-id="26-1"><comment-parent-id>26</comment-parent-id><comment-text>Dobro u te delove je doslo iz Uzica</comment-text><comment-text-transliterated>Dobro u te delove je doslo iz Uzica</comment-text-transliterated></comments><comments comment-id="27"><comment-parent-id>empty</comment-parent-id><comment-text>Vi napraviste od nas seljake teske kategorije...</comment-text><comment-text-transliterated>Vi napraviste od nas seljake teske kategorije...</comment-text-transliterated></comments><comments comment-id="27-1"><comment-parent-id>27</comment-parent-id><comment-text>Sti te biju kompleksi... ;)</comment-text><comment-text-transliterated>Sti te biju kompleksi... ;)</comment-text-transliterated></comments><comments comment-id="27-2"><comment-parent-id>27</comment-parent-id><comment-text>Pusti ih, Srce. Dokon pop i goveda krsti, pa moraju i oni nesto raditi.  Leti idu u Crnu Goru i vracaju talase u more, a sada, po zimi, moraju da lupetaju ovde.</comment-text><comment-text-transliterated>Pusti ih, Srce. Dokon pop i goveda krsti, pa moraju i oni nesto raditi.  Leti idu u Crnu Goru i vracaju talase u more, a sada, po zimi, moraju da lupetaju ovde.</comment-text-transliterated></comments><comments comment-id="28"><comment-parent-id>empty</comment-parent-id><comment-text>eto, iskopirali uzicani licane. 90% gore navedenog je prisutno u govoru lickih Srba.</comment-text><comment-text-transliterated>eto, iskopirali uzicani licane. 90% gore navedenog je prisutno u govoru lickih Srba.</comment-text-transliterated></comments><comments comment-id="28-1"><comment-parent-id>28</comment-parent-id><comment-text>Ja sam iz Banjaluke i 70 posto izraza koristi se u oklnim selima,tako da nije bas specificno uzicki...</comment-text><comment-text-transliterated>Ja sam iz Banjaluke i 70 posto izraza koristi se u oklnim selima,tako da nije bas specificno uzicki...</comment-text-transliterated></comments><comments comment-id="29"><comment-parent-id>empty</comment-parent-id><comment-text>Postoji i izraz "japadna"strana(severna)i kad je velika nizbrdica onda je to "strmopizd"Mnogo izraza postiji specificnim za Uzice i van njega izazivaju salve smeha uz cinjenicu da je narod iz Uzica najduhovitiji!</comment-text><comment-text-transliterated>Postoji i izraz "japadna"strana(severna)i kad je velika nizbrdica onda je to "strmopizd"Mnogo izraza postiji specificnim za Uzice i van njega izazivaju salve smeha uz cinjenicu da je narod iz Uzica najduhovitiji!</comment-text-transliterated></comments><comments comment-id="29-1"><comment-parent-id>29</comment-parent-id><comment-text>Ne " japadna" nego " japarna"! Pozdrav od Uzicanke</comment-text><comment-text-transliterated>Ne " japadna" nego " japarna"! Pozdrav od Uzicanke</comment-text-transliterated></comments><comments comment-id="30"><comment-parent-id>empty</comment-parent-id><comment-text>I ondak  mi oni pametnjakovici iz Beograda reci da mi nemamo pojma! ZIVEO NAS JEZIK .. ERCOVI LEGENDE !</comment-text><comment-text-transliterated>I ondak  mi oni pametnjakovici iz Beograda reci da mi nemamo pojma! ZIVEO NAS JEZIK .. ERCOVI LEGENDE !</comment-text-transliterated></comments><comments comment-id="31"><comment-parent-id>empty</comment-parent-id><comment-text>sasrećom je kraće sasćom,kifle samo jedemo ždžemom li skremom</comment-text><comment-text-transliterated>sasrećom je kraće sasćom,kifle samo jedemo ždžemom li skremom</comment-text-transliterated></comments><comments comment-id="31-1"><comment-parent-id>31</comment-parent-id><comment-text>Kifle se jedu sa zubima, a prave sa dzemom i kremom.</comment-text><comment-text-transliterated>Kifle se jedu sa zubima, a prave sa dzemom i kremom.</comment-text-transliterated></comments><comments comment-id="32"><comment-parent-id>empty</comment-parent-id><comment-text>Mi ucimo zajedno - Idemo u isti razred</comment-text><comment-text-transliterated>Mi ucimo zajedno - Idemo u isti razred</comment-text-transliterated></comments><comments comment-id="32-1"><comment-parent-id>32</comment-parent-id><comment-text>Dok bude ovaca bice i makaza.</comment-text><comment-text-transliterated>Dok bude ovaca bice i makaza.</comment-text-transliterated></comments></comment-list></article><comments><comment-count>50</comment-count></comments></document>