<document global_id="sr-03-58"><url>https://www.kurir.rs/sp-kina/3317633/muke-gostiju-mundobasketa-kinezi-ne-znaju-engleski-jezik-ali-zato-imaju-ovo-cudo-tehnologije-kurir-tv</url><source-id>03</source-id><local-id>58</local-id><source-name>kurir</source-name><article><article-title> MUKE GOSTIJU MUNDOBASKETA</article-title><article-time> 2019-09-08</article-time><article-author>Kurir</article-author><article-text>Sporazumevanje s Kinezima ponekad baš ume da bude problem. Retko ćete sresti nekog ko ume da govori engleski, uglavnom znaju nekoliko reči, i to je sve..  Specijalni izveštači Kurira iz Kine: Predrag Gajić i Dado Đilas Neće vam mnogo pomoći ni pantomima, jer se neki simboli koje pokušavate da izvedete rukama razlikuju od naših. Veoma često nakon nekoliko pokušaja odustanete od namere da dođete do informacije koja vam treba.    Srećom, tu su moderne tehnologije koje mnogo olakšavaju komunikaciju. Aplikacije za preveođenje su sjajna stvar i često se koriste u Kini, uglavnom to rade mlađi, dok kod starijih, koji baš ne barataju mobilnim telefonima kako treba, nema pomoći. Poslednjih godina Kina mnogo radi na edukaciji kada je u pitanju engleski jezik, otud i mnogo naših ljudi koji rade kao učitelji i profesori. (Kurir.rs/Kurir sport, Foto: printscreen)  </article-text><article-text-transliterated>Sporazumevanje s Kinezima ponekad baš ume da bude problem. Retko ćete sresti nekog ko ume da govori engleski, uglavnom znaju nekoliko reči, i to je sve..  Specijalni izveštači Kurira iz Kine: Predrag Gajić i Dado Đilas Neće vam mnogo pomoći ni pantomima, jer se neki simboli koje pokušavate da izvedete rukama razlikuju od naših. Veoma često nakon nekoliko pokušaja odustanete od namere da dođete do informacije koja vam treba.    Srećom, tu su moderne tehnologije koje mnogo olakšavaju komunikaciju. Aplikacije za preveođenje su sjajna stvar i često se koriste u Kini, uglavnom to rade mlađi, dok kod starijih, koji baš ne barataju mobilnim telefonima kako treba, nema pomoći. Poslednjih godina Kina mnogo radi na edukaciji kada je u pitanju engleski jezik, otud i mnogo naših ljudi koji rade kao učitelji i profesori. (Kurir.rs/Kurir sport, Foto: printscreen)  </article-text-transliterated><comment-list /></article><comments><comment-count>0</comment-count></comments></document>