<document global_id="sr-03-98"><url>https://www.kurir.rs/vesti/drustvo/3107373/strance-sve-vise-zanima-nas-jezik-srpski-se-uci-i-na-sorboni-ali-evo-gde-je-najpopularniji</url><source-id>03</source-id><local-id>98</local-id><source-name>kurir</source-name><article><article-title> STRANCE SVE VIŠE ZANIMA NAŠ JEZIK</article-title><article-time> 2018-08-22</article-time><article-author>Kurir</article-author><article-text>.  Podela jednog u više jezika koja je usledila posle raspada Jugoslavije odrazila se na interesovanje za te jezike u svetu, pa tako i na izučavanje srpskog za koji najveće interesovanje vlada na univerzitetima u zemljama sa kojima Srbija ima najjače kulturne, političke, ekonomske veze... Ilona Sanzel Ponjavićova sa Instituta za istočne jezike i civilizacije u Parizu, učesnik 16. Međunarodnog kongresa slavista, koja je studirala je srpski jezik na Sorboni, a trenutno predaje češki na Institutu za istočne jezike i civilizacije, primećuje i da se interesovanje za slovenske jezike dosta promenilo, jer su se promenile političke i ekonomske okolnosti.    "Ja sam studirala srpski jezik početkom 2000-tih, malo nakon rata u bivšoj Jugoslavije i 10 godina od pada komunizma kada je na zapadu vladalo veliko interesovanje za slovenske jezike. Otvorio se deo Evrope koji nije postojao za zapad. Bilo je dosta studenata kojima je srpski (srpskohrvatski) bio potreban zbog poslova, školovalo se dosta vojnika, diplomata, ali toga više nema. Sada su studenti uglavnom potomci porodica slovenskog porekla ili oni koji žele da izučavaju nešto egzotično", zapazila je Ponjavićova.  </article-text><article-text-transliterated>.  Podela jednog u više jezika koja je usledila posle raspada Jugoslavije odrazila se na interesovanje za te jezike u svetu, pa tako i na izučavanje srpskog za koji najveće interesovanje vlada na univerzitetima u zemljama sa kojima Srbija ima najjače kulturne, političke, ekonomske veze... Ilona Sanzel Ponjavićova sa Instituta za istočne jezike i civilizacije u Parizu, učesnik 16. Međunarodnog kongresa slavista, koja je studirala je srpski jezik na Sorboni, a trenutno predaje češki na Institutu za istočne jezike i civilizacije, primećuje i da se interesovanje za slovenske jezike dosta promenilo, jer su se promenile političke i ekonomske okolnosti.    "Ja sam studirala srpski jezik početkom 2000-tih, malo nakon rata u bivšoj Jugoslavije i 10 godina od pada komunizma kada je na zapadu vladalo veliko interesovanje za slovenske jezike. Otvorio se deo Evrope koji nije postojao za zapad. Bilo je dosta studenata kojima je srpski (srpskohrvatski) bio potreban zbog poslova, školovalo se dosta vojnika, diplomata, ali toga više nema. Sada su studenti uglavnom potomci porodica slovenskog porekla ili oni koji žele da izučavaju nešto egzotično", zapazila je Ponjavićova.  </article-text-transliterated><comment-list /></article><comments><comment-count>0</comment-count></comments></document>