<document global_id="sr-03-4"><url>https://www.kurir.rs/zabava/zena/2421817/recept-koji-cini-cuda-pre-spavanja-stavite-ovo-pod-jezik-i-necete-se-buditi-umorni</url><source-id>03</source-id><local-id>4</local-id><source-name>kurir</source-name><article><article-title> RECEPT KOJI ČINI ČUDA</article-title><article-time> 2016-08-31</article-time><article-author>Kurir</article-author><article-text>Reč je o mešavini meda i ružičaste himalajske soli koja se pre spavanja stavi pod jezik. Ova so je zaista posebna, ona pomaže našem telu da postane alkalno i tako se uspešnije bori protiv raznih bolesti..  Takođe, pomaže u regulaciji serotonina, što je vrlo važno u borbi protiv depresije. Serotonin je neurotransmiterska hemikalija koja reguliše mišićne kontrakcije, reguliše telesnu temperaturu, apetit i bol, a upravlja i našim ponašanjem, krvnim pritiskom i disanjem. Kada je balans serotonina u telu poremećen, dolazi do depresije i ostalih poremećaja u ponašanju, na primer do poremećaja spavanja.    Ovaj hormon zovu i - hormonom spavanja. On upravlja našim biološkim satom, a pojačano se luči uveče i tokom noći. Dolaskom jutra, proizvodnja melatonina se smanjuje i mi se budimo. Osim toga, melotonin štiti naše telo od slobodnih radikala i kardiovaskularnih bolesti, usporava starenje jer pomlađuje ćelije i smanjuje šansu od razvoja bolesti vezanih za starost. Inače, kako starimo, naše telo ga sve manje izlučuje i to je razlog zašto deca spavaju više, a stariji ljudi manje. RECEPT ZA SMESU MEDA I HIMALAJSKE SOLIPomešajte pet kašičica meda sa kašičicom soli i to stavite u teglicu. Svaku veče pre spavanje stavite malo pod jezik. Foto Profimedia 24sata.hr            </article-text><article-text-transliterated>Reč je o mešavini meda i ružičaste himalajske soli koja se pre spavanja stavi pod jezik. Ova so je zaista posebna, ona pomaže našem telu da postane alkalno i tako se uspešnije bori protiv raznih bolesti..  Takođe, pomaže u regulaciji serotonina, što je vrlo važno u borbi protiv depresije. Serotonin je neurotransmiterska hemikalija koja reguliše mišićne kontrakcije, reguliše telesnu temperaturu, apetit i bol, a upravlja i našim ponašanjem, krvnim pritiskom i disanjem. Kada je balans serotonina u telu poremećen, dolazi do depresije i ostalih poremećaja u ponašanju, na primer do poremećaja spavanja.    Ovaj hormon zovu i - hormonom spavanja. On upravlja našim biološkim satom, a pojačano se luči uveče i tokom noći. Dolaskom jutra, proizvodnja melatonina se smanjuje i mi se budimo. Osim toga, melotonin štiti naše telo od slobodnih radikala i kardiovaskularnih bolesti, usporava starenje jer pomlađuje ćelije i smanjuje šansu od razvoja bolesti vezanih za starost. Inače, kako starimo, naše telo ga sve manje izlučuje i to je razlog zašto deca spavaju više, a stariji ljudi manje. RECEPT ZA SMESU MEDA I HIMALAJSKE SOLIPomešajte pet kašičica meda sa kašičicom soli i to stavite u teglicu. Svaku veče pre spavanje stavite malo pod jezik. Foto Profimedia 24sata.hr            </article-text-transliterated><comment-list><comments comment-id="1"><comment-parent-id>empty</comment-parent-id><comment-text>Нема соли до Тузланске јодиране соли!!!</comment-text><comment-text-transliterated>Nema soli do Tuzlanske jodirane soli!!!</comment-text-transliterated></comments><comments comment-id="2"><comment-parent-id>empty</comment-parent-id><comment-text>Serotonin nije hormon spavanja nego MELATONIN.</comment-text><comment-text-transliterated>Serotonin nije hormon spavanja nego MELATONIN.</comment-text-transliterated></comments></comment-list></article><comments><comment-count>2</comment-count></comments></document>