<document global_id="sr-03-14"><url>https://www.kurir.rs/region/severna-makedonija/2668153/mnogo-pre-spora-oko-imena-evo-kada-je-grcka-navodno-priznala-makedonski-jezik</url><source-id>03</source-id><local-id>14</local-id><source-name>kurir</source-name><article><article-title> GRČKA JE DAVNO PRIZNALA MAKEDONSKI JEZIK</article-title><article-time> 2017-02-04</article-time><article-author>Kurir</article-author><article-text>Dokumet koj je overen kod javnog notara 1923. godine sklopljen je između makedonskih žitelja sela Platani i grčke države..   Ne propustite...    BOJOM NA AMBASADU: Makedonska policija traga za napadačima na grčko predstavništvo    Radi se o kupovini imovine i zemlje žitelja sela Platani od grčke države. Selo je osnovano 1907. godine od žitelja Požarskog regiona koj su se tamo naselili.    Prošle godine se u opštini Voden slavilo 100 godina od osnivanja sela. U dokumentu između ostalog piše: “...druga strana na ovom dogovoru od broja 11 i broja 14, ne zna grčki već samo makedonski jezik, predstavljena je sa svojim prevodiocem koja su angažovali svojom voljom i sa poverenjem, koga ja poznajem kao g. Teodora Tciokua, vlasnika zemlje i stanovnika Voden-a, koji se zakleo na Svetom pismu da je sve napisano tačno i prevedeno i na grčki i na makedonski jezik...” (mn.mk)            </article-text><article-text-transliterated>Dokumet koj je overen kod javnog notara 1923. godine sklopljen je između makedonskih žitelja sela Platani i grčke države..   Ne propustite...    BOJOM NA AMBASADU: Makedonska policija traga za napadačima na grčko predstavništvo    Radi se o kupovini imovine i zemlje žitelja sela Platani od grčke države. Selo je osnovano 1907. godine od žitelja Požarskog regiona koj su se tamo naselili.    Prošle godine se u opštini Voden slavilo 100 godina od osnivanja sela. U dokumentu između ostalog piše: “...druga strana na ovom dogovoru od broja 11 i broja 14, ne zna grčki već samo makedonski jezik, predstavljena je sa svojim prevodiocem koja su angažovali svojom voljom i sa poverenjem, koga ja poznajem kao g. Teodora Tciokua, vlasnika zemlje i stanovnika Voden-a, koji se zakleo na Svetom pismu da je sve napisano tačno i prevedeno i na grčki i na makedonski jezik...” (mn.mk)            </article-text-transliterated><comment-list><comments comment-id="1"><comment-parent-id>empty</comment-parent-id><comment-text>Pa ne spore se oni oko jezika nego oko naziva drzave.</comment-text><comment-text-transliterated>Pa ne spore se oni oko jezika nego oko naziva drzave.</comment-text-transliterated></comments></comment-list></article><comments><comment-count>1</comment-count></comments></document>