<document global_id="sr-03-48"><url>https://www.kurir.rs/zabava/tech/1709821/srpski-i-zvanicno-nas-jezik-uvrsten-u-aplikaciju-mikrosoft-translator</url><source-id>03</source-id><local-id>48</local-id><source-name>kurir</source-name><article><article-title> SRPSKI I ZVANIČNO</article-title><article-time> 2015-03-20</article-time><article-author>Kurir</article-author><article-text>Microsoft obaveštava korisnike u Srbiji i regionu da su na listu jezika za podršku u prevodu u okviru Microsoft Translator servisa zvanično dodata tri nova jezika - bosanski, hrvatski i srpski. Uvođenjem tri nova jezika, ukupan broj jezika za koje Microsoft Translator pruža podršku dostigao je čak 50.  Bosanski, hrvatski i srpski, iako slični po formi i strukturi, pripadaju zemljama sa jedinstvenim istorijskim i kulturnim odlikama. Države Bosne i Hercegovine, Hrvatske i Srbije su značajne turističke destinacije, koje milioni ljudi posete svake godine. Ove tri zemlje takođe nude i različite poslovne i profesionalne prilike. Pokretanje ovih sistema za prevođenje, omogućiće ljudima širom sveta bogatije shvatanje ove tri kulture, i ovog dela sveta.    Automatski sistem prevođenja u okviru Microsoft Translator-a čini momentalno prevođenje realnim bez obzira gde se nalazite. Translator nudi širok izbor jezika koji se govore širom sveta, i dalje - od Afrike do Azije, Severne Amerike do Evrope, čak i Klingonski. Bez obzira da li Translator koristite putem Bing.com/Translator, preko vašeg desktopa uz pomoć Windows 8 app, kroz Office, prekoSkype Translator, SharePoint, Lync, u sopstvenim aplikacijama ili servisima, a uz pomoćTranslator API, ili prosto kroz vaše omiljene društvene mreže ili korisničke aplikacije - sada ste u mogućnosti da komunicirate na 50 jezika, i imate svoj svet u sopstvenim rečima. Možete isprobati i nove sisteme za prevođenje u pokretu, uz pomoć Translator app for Windows Phone, koji koristi camera mode* za prevođenje tekstova na zidovima, znacima itd- gde god da se nalaze! Pored informacije da je srpski jezik dostupan na svim postojećim proizvodima i aplikacijama, kuriozitet je i informacija da je izrada aplikacije Translatora za Windows phone delo srpskog tima stručnjaka Microsoft Razvojnog Centra Srbija, koji ove godine obeležava 10 godina od svog osnivanja. Naš tim programera napravio je izvorni kod za optičko prepoznavanje karaktera (optical character recognition (OCR)) za aplikaciju Windows Phone Translator.  Aplikaciju koja funkcioniše po principu prevođenja putem optičkog prepoznavanja teksta već koriste vlasnici Windows telefona širom sveta, budući da ona pomaže korisnicima da prevaziđu jezičku barijeru tokom boravka u inostranstvu bez bojazni od visokih računa, zahvaljujući činjenici da radi i bez interneta, odnosno off-line. Aplikacija podjednako dobro funkcioniše u tri režima: usmeravanje kamere mobilnog telefona ka željenom tekstu, prevod govora i klasičan unos teksta putem tastature. Aplikacija za Windows Phone Translator još jedan je u nizu projekata razvijenih u Srbiji koji su priznati od strane kompanije Microsoft i miliona korisnika na globalnom nivou.       Autor:B92    </article-text><article-text-transliterated>Microsoft obaveštava korisnike u Srbiji i regionu da su na listu jezika za podršku u prevodu u okviru Microsoft Translator servisa zvanično dodata tri nova jezika - bosanski, hrvatski i srpski. Uvođenjem tri nova jezika, ukupan broj jezika za koje Microsoft Translator pruža podršku dostigao je čak 50.  Bosanski, hrvatski i srpski, iako slični po formi i strukturi, pripadaju zemljama sa jedinstvenim istorijskim i kulturnim odlikama. Države Bosne i Hercegovine, Hrvatske i Srbije su značajne turističke destinacije, koje milioni ljudi posete svake godine. Ove tri zemlje takođe nude i različite poslovne i profesionalne prilike. Pokretanje ovih sistema za prevođenje, omogućiće ljudima širom sveta bogatije shvatanje ove tri kulture, i ovog dela sveta.    Automatski sistem prevođenja u okviru Microsoft Translator-a čini momentalno prevođenje realnim bez obzira gde se nalazite. Translator nudi širok izbor jezika koji se govore širom sveta, i dalje - od Afrike do Azije, Severne Amerike do Evrope, čak i Klingonski. Bez obzira da li Translator koristite putem Bing.com/Translator, preko vašeg desktopa uz pomoć Windows 8 app, kroz Office, prekoSkype Translator, SharePoint, Lync, u sopstvenim aplikacijama ili servisima, a uz pomoćTranslator API, ili prosto kroz vaše omiljene društvene mreže ili korisničke aplikacije - sada ste u mogućnosti da komunicirate na 50 jezika, i imate svoj svet u sopstvenim rečima. Možete isprobati i nove sisteme za prevođenje u pokretu, uz pomoć Translator app for Windows Phone, koji koristi camera mode* za prevođenje tekstova na zidovima, znacima itd- gde god da se nalaze! Pored informacije da je srpski jezik dostupan na svim postojećim proizvodima i aplikacijama, kuriozitet je i informacija da je izrada aplikacije Translatora za Windows phone delo srpskog tima stručnjaka Microsoft Razvojnog Centra Srbija, koji ove godine obeležava 10 godina od svog osnivanja. Naš tim programera napravio je izvorni kod za optičko prepoznavanje karaktera (optical character recognition (OCR)) za aplikaciju Windows Phone Translator.  Aplikaciju koja funkcioniše po principu prevođenja putem optičkog prepoznavanja teksta već koriste vlasnici Windows telefona širom sveta, budući da ona pomaže korisnicima da prevaziđu jezičku barijeru tokom boravka u inostranstvu bez bojazni od visokih računa, zahvaljujući činjenici da radi i bez interneta, odnosno off-line. Aplikacija podjednako dobro funkcioniše u tri režima: usmeravanje kamere mobilnog telefona ka željenom tekstu, prevod govora i klasičan unos teksta putem tastature. Aplikacija za Windows Phone Translator još jedan je u nizu projekata razvijenih u Srbiji koji su priznati od strane kompanije Microsoft i miliona korisnika na globalnom nivou.       Autor:B92    </article-text-transliterated><comment-list><comments comment-id="1"><comment-parent-id>empty</comment-parent-id><comment-text>Могли сте лијепо да објавите само српски,а не и ове лоше копије српског језика.</comment-text><comment-text-transliterated>Mogli ste lijepo da objavite samo srpski,a ne i ove loše kopije srpskog jezika.</comment-text-transliterated></comments><comments comment-id="1-1"><comment-parent-id>1</comment-parent-id><comment-text>He he he ! No coment !</comment-text><comment-text-transliterated>He he he ! No coment !</comment-text-transliterated></comments><comments comment-id="2"><comment-parent-id>empty</comment-parent-id><comment-text>Pravilno se  kaže Srpski i slični........Suviše se često meša redosled da bi bila slučajnost,zar ne?!</comment-text><comment-text-transliterated>Pravilno se  kaže Srpski i slični........Suviše se često meša redosled da bi bila slučajnost,zar ne?!</comment-text-transliterated></comments><comments comment-id="3"><comment-parent-id>empty</comment-parent-id><comment-text>Za sve ove iz nekada, Jugoslavije,  samo postavite  Srpsko-hrvatski  i to je dovoljno,  svi oni znaju taj jezik i razumljiv im je odlicno,  nego kao se sad nesto k.....</comment-text><comment-text-transliterated>Za sve ove iz nekada, Jugoslavije,  samo postavite  Srpsko-hrvatski  i to je dovoljno,  svi oni znaju taj jezik i razumljiv im je odlicno,  nego kao se sad nesto k.....</comment-text-transliterated></comments><comments comment-id="4"><comment-parent-id>empty</comment-parent-id><comment-text>Nekima nikad neće stati u glavu pojam "lingvistika",etimologija (poreklo reči.....)</comment-text><comment-text-transliterated>Nekima nikad neće stati u glavu pojam "lingvistika",etimologija (poreklo reči.....)</comment-text-transliterated></comments></comment-list></article><comments><comment-count>5</comment-count></comments></document>