<document global_id="sr-03-74"><url>https://www.kurir.rs/region/severna-makedonija/3169749/bugarski-ministar-osporio-makedonski-jezik-skoplje-odgovara-ne-razgovaramo-na-taj-nacin-gradimo-dobrosusedske-odnose</url><source-id>03</source-id><local-id>74</local-id><source-name>kurir</source-name><article><article-title> BUGARSKI MINISTAR OSPORIO MAKEDONSKI JEZIK Skoplje odgovara</article-title><article-time> 2018-12-09</article-time><article-author>Kurir</article-author><article-text>Ministarstvo inostranih poslova Makedonije osudilo je danas izjavu bugarskog ministra odbrane Krasimira Karakačanova u kojoj je osporio postojanje makedonskog jezika kao mogući povod za pokretanje neprijateljskog kruga umesto prijateljstva..  Kako prenosi MIA, Ministarstvo, međutim, navodi da neće odgovarati na taj način, već će nastaviti da gradi dobrosusedske odnose, u skladu sa sporazumom o prijateljstvu i evropskim vrednostima kojima se obe zemlje rukovode. "Potpisali smo sporazum o prijateljstvu i gradićemo prijateljstvo, što znači obostrano razumevanje, poštovanje i brigu za zajedničke interese kao suseda", kaže se u saopštenju makedonskog ministarstva, prenosi MIA.    Karakačanov je u subotu na Fejsbuku kritikovao izjavu premijera Makedonije Zorana Zaeva u Sobranju da Sporazum iz Prespe s Grčkom o imenu zemlje potvrđuje postojanje makedonskog jezika i da to niko ne može da dovodi u pitanje.  Karakačanov je naveo da makedonski jezik nije priznat kao zvanični jezik i da se kao takav ne može smatrati na celoj teritoriji Severne Makedonije. "Severna Makedonija je geografsko ime koje uključuje i teritoriju Republike Bugarske", kaže Karakačanov i dodaje da u tom kontekstu "Zaev sutra može da zahteva da se ovaj bugarski dijalekt izučava kao oficijelni strani jezik i u Bugarskoj, što je nedopustivo i provokacija". "Gospodine Zaev, ne zloupotrebljavajte pitanje makedonskog jezika, jer to može da vas košta učlanjenja u NATO-u i EU", upozorio je Karakačanov Zaeva. Kurir.rs/Tanjug/Sloboden pečat Foto: Sloboden pečat  </article-text><article-text-transliterated>Ministarstvo inostranih poslova Makedonije osudilo je danas izjavu bugarskog ministra odbrane Krasimira Karakačanova u kojoj je osporio postojanje makedonskog jezika kao mogući povod za pokretanje neprijateljskog kruga umesto prijateljstva..  Kako prenosi MIA, Ministarstvo, međutim, navodi da neće odgovarati na taj način, već će nastaviti da gradi dobrosusedske odnose, u skladu sa sporazumom o prijateljstvu i evropskim vrednostima kojima se obe zemlje rukovode. "Potpisali smo sporazum o prijateljstvu i gradićemo prijateljstvo, što znači obostrano razumevanje, poštovanje i brigu za zajedničke interese kao suseda", kaže se u saopštenju makedonskog ministarstva, prenosi MIA.    Karakačanov je u subotu na Fejsbuku kritikovao izjavu premijera Makedonije Zorana Zaeva u Sobranju da Sporazum iz Prespe s Grčkom o imenu zemlje potvrđuje postojanje makedonskog jezika i da to niko ne može da dovodi u pitanje.  Karakačanov je naveo da makedonski jezik nije priznat kao zvanični jezik i da se kao takav ne može smatrati na celoj teritoriji Severne Makedonije. "Severna Makedonija je geografsko ime koje uključuje i teritoriju Republike Bugarske", kaže Karakačanov i dodaje da u tom kontekstu "Zaev sutra može da zahteva da se ovaj bugarski dijalekt izučava kao oficijelni strani jezik i u Bugarskoj, što je nedopustivo i provokacija". "Gospodine Zaev, ne zloupotrebljavajte pitanje makedonskog jezika, jer to može da vas košta učlanjenja u NATO-u i EU", upozorio je Karakačanov Zaeva. Kurir.rs/Tanjug/Sloboden pečat Foto: Sloboden pečat  </article-text-transliterated><comment-list><comments comment-id="1"><comment-parent-id>empty</comment-parent-id><comment-text>Tako i Srbi govore iskrivljenim hrvatskim i napola turskim jezikom.</comment-text><comment-text-transliterated>Tako i Srbi govore iskrivljenim hrvatskim i napola turskim jezikom.</comment-text-transliterated></comments></comment-list></article><comments><comment-count>1</comment-count></comments></document>