<document global_id="sr-03-51"><url>https://www.kurir.rs/vesti/srbija/3327261/adelina-je-iz-albanije-dosla-u-srbiju-zbog-ljubavi-zivi-u-selu-kod-topole-a-sa-sinom-stefanom-ide-u-prvi-razred-i-uci-srpski-jezik</url><source-id>03</source-id><local-id>51</local-id><source-name>kurir</source-name><article><article-title> ADELINA JE IZ ALBANIJE DOŠLA U SRBIJU ZBOG LJUBAVI</article-title><article-time> 2019-09-24</article-time><article-author>Kurir</article-author><article-text>.  Stefan Pavlović (7) i njegova majka Adelina (39) jedini su đaci u osnovnoj školi u selu Božurnja kod Topole. Kad je pre 8 godina Adelina iz Albanije došla u Topolu, nije ni slutila da se jednog dana ponovo naći u đačkoj klupi i to zajedno sa sinom.    - Iz rodne Albanije došla sam u Božurnju zbog ljubavi. Zaljubila sam se u Zorana i rešila da se preselim ovde. Došla sam u Srbiju i tu smo se Zoran i ja venčali 2011. godine. Baš mi je lepo ode, zavolela sam Topolu i Šumadiju. Ljudi su jako dobri, pomažu mi da se uklopim - priča Adelina. Ona i Zoran su ubrzo posle venčanja dobili sina, koji je ove godine stasao za đaka prvaka. - U septembru je naš Stefan krenuo u prvi razred. Vodim ga u školu koja je u našem selu i on je jedini đak. Ali ja mu pravim društvo jer sam rešila da naučim dobro da pišem i čitam srpski jezik, pa učimo zajedno - priča ona.  </article-text><article-text-transliterated>.  Stefan Pavlović (7) i njegova majka Adelina (39) jedini su đaci u osnovnoj školi u selu Božurnja kod Topole. Kad je pre 8 godina Adelina iz Albanije došla u Topolu, nije ni slutila da se jednog dana ponovo naći u đačkoj klupi i to zajedno sa sinom.    - Iz rodne Albanije došla sam u Božurnju zbog ljubavi. Zaljubila sam se u Zorana i rešila da se preselim ovde. Došla sam u Srbiju i tu smo se Zoran i ja venčali 2011. godine. Baš mi je lepo ode, zavolela sam Topolu i Šumadiju. Ljudi su jako dobri, pomažu mi da se uklopim - priča Adelina. Ona i Zoran su ubrzo posle venčanja dobili sina, koji je ove godine stasao za đaka prvaka. - U septembru je naš Stefan krenuo u prvi razred. Vodim ga u školu koja je u našem selu i on je jedini đak. Ali ja mu pravim društvo jer sam rešila da naučim dobro da pišem i čitam srpski jezik, pa učimo zajedno - priča ona.  </article-text-transliterated><comment-list /></article><comments><comment-count>0</comment-count></comments></document>