<document global_id="sr-03-59"><url>https://www.kurir.rs/sp-kina/3317173/kineski-bosanac-sokirao-srbe-u-vuhanu-dobar-dan-kako-ste-on-se-ne-odvaja-od-orlova-kurir-tv</url><source-id>03</source-id><local-id>59</local-id><source-name>kurir</source-name><article><article-title> ON JE GLAVNA FACA</article-title><article-time> 2019-09-07</article-time><article-author>Kurir</article-author><article-text>"Dobar dan, kako ste?", obratio nam se jedan Kinez na ulazu u dvoranu u Vuhanu..  Specijalni izveštači Kurira iz Kine: Predrag Gajić i Dado Đilas Najpre smo se dobro začudili otkud tako dobro priča naš jezik, a onda primetili da nosi majicu reprezentacije Srbije. Ubrzo nam je rešio zagonetku, on je Bai Lidžun i uvek je uz naš tim kada treba da se pomogne srpskoj ekspediciji. Pa sve je to super, ali kako tako dobro govori srpski...    "Ne govorim baš najbolje, ali trudim se. Ja živim u Republici Srpskoj dugo, kada se sabere i vreme koje sam proveo u Srbiji, onda je to već 15 godina", kaže nam on. Pa kako je došlo do vašeg angažovanja? "FIBA je uputila poziv. Svaki tim mora da ima jednu osobu koja govori kineski i maternji jezik reprezentacije kako bi kominikacija bila lakša". I koji je vaš zadatak? "Samo da pomognem kada treba. Prevedem šta treba, objanim im. Svaki dan pratim njihov plan". Odlično govorite srpski... "Hvala, nisam ga nikad učio, ali trudim se. Pentaest godina sam tamo, svakog dana učim malo po malo. Pomažu prijatelji, komšije"... Da li je tačno da srpski i kineski spadaju među najteže jezike na svetu? "Pa tako je, ni kineski nije lak uopšte". Kakvi su naši momci, kako ugraju? "Najbolji su! Ako Bog da, uzimamo zlato". Da li ste razgovarali sa našim sunarodnicima ovde, šta kažu za Srbiju? "Oduševljeni su, samo viču Srbija, Srbija... Posebno vole Bogdana, poludeli su za njim". (Kurir.rs/Kurir sport, Foto: Predrag Gajić)  </article-text><article-text-transliterated>"Dobar dan, kako ste?", obratio nam se jedan Kinez na ulazu u dvoranu u Vuhanu..  Specijalni izveštači Kurira iz Kine: Predrag Gajić i Dado Đilas Najpre smo se dobro začudili otkud tako dobro priča naš jezik, a onda primetili da nosi majicu reprezentacije Srbije. Ubrzo nam je rešio zagonetku, on je Bai Lidžun i uvek je uz naš tim kada treba da se pomogne srpskoj ekspediciji. Pa sve je to super, ali kako tako dobro govori srpski...    "Ne govorim baš najbolje, ali trudim se. Ja živim u Republici Srpskoj dugo, kada se sabere i vreme koje sam proveo u Srbiji, onda je to već 15 godina", kaže nam on. Pa kako je došlo do vašeg angažovanja? "FIBA je uputila poziv. Svaki tim mora da ima jednu osobu koja govori kineski i maternji jezik reprezentacije kako bi kominikacija bila lakša". I koji je vaš zadatak? "Samo da pomognem kada treba. Prevedem šta treba, objanim im. Svaki dan pratim njihov plan". Odlično govorite srpski... "Hvala, nisam ga nikad učio, ali trudim se. Pentaest godina sam tamo, svakog dana učim malo po malo. Pomažu prijatelji, komšije"... Da li je tačno da srpski i kineski spadaju među najteže jezike na svetu? "Pa tako je, ni kineski nije lak uopšte". Kakvi su naši momci, kako ugraju? "Najbolji su! Ako Bog da, uzimamo zlato". Da li ste razgovarali sa našim sunarodnicima ovde, šta kažu za Srbiju? "Oduševljeni su, samo viču Srbija, Srbija... Posebno vole Bogdana, poludeli su za njim". (Kurir.rs/Kurir sport, Foto: Predrag Gajić)  </article-text-transliterated><comment-list><comments comment-id="1"><comment-parent-id>empty</comment-parent-id><comment-text>Odusevljen sam,naglasak ma sve boja glasa,SRBINI ORIGINAL !!!</comment-text><comment-text-transliterated>Odusevljen sam,naglasak ma sve boja glasa,SRBINI ORIGINAL !!!</comment-text-transliterated></comments><comments comment-id="2"><comment-parent-id>empty</comment-parent-id><comment-text>TAKO BRATE..</comment-text><comment-text-transliterated>TAKO BRATE..</comment-text-transliterated></comments><comments comment-id="3"><comment-parent-id>empty</comment-parent-id><comment-text>Prica Covek Internacionalnim jezikom! Nista cudno</comment-text><comment-text-transliterated>Prica Covek Internacionalnim jezikom! Nista cudno</comment-text-transliterated></comments></comment-list></article><comments><comment-count>3</comment-count></comments></document>