<document global_id="sr-03-90"><url>https://www.kurir.rs/zabava/pop-kultura/3124303/u-predstavi-nacionalnog-teatra-iz-atine-prvi-put-se-zacuo-i-srpski-jezik-reditelj-nikita-milivojevic-ubacio-i-sajkacu-konacno-se-izvodi-i-u-beogradu</url><source-id>03</source-id><local-id>90</local-id><source-name>kurir</source-name><article><article-title> SRPSKI JEZIK 1. PUT  U PREDSTAVI NACIONALNOG TEATRA IZ ATINE</article-title><article-time> 2018-09-21</article-time><article-author>Kurir</article-author><article-text>.  U godini kada Narodnog pozorište u Beogradu slavi 150 godina postojanja publika će moći do gleda Asifonovu komediju "Pluto". Predstava u režiji Nikite Milivojevića, nastala u saradnji s Nacionalnim teatrom iz Atine, biće izvedena 27. septembra u Sava centru i dan kasnije u Srpskom narodnom pozorištu u Novom Sadu. Jedan od naših najznačajnijih pozorišnih reditelja izrazio je da mu je veliko zadovoljstvo što su mediji u Srbiji, ipak, preneli vest o premijeri tako značajne predstave koju je u Epidaurusu gledalo 13.000 ljudi.     Ovaj izuzetan pozorišni poduhvat, između ostalog, ostao je upamćen i po tome što se sa te, za Grke svete scene, stare 2.500 godina, prvi put začuo i srpski jezik zahvaljujući glumcu Hadži Nenadu Maričiću, koji tumači ulogu Horovođe.  "Čovek ponekad pomisli da je sam u tuđini i da niko ne vidi to što radiš, ali, eto, sad sam se prevario i drago mi je zbog toga. Još sam srećniji zbog činjenice da takva predstava stiže u Beograd. Živim između Atine i Beograda i konačno mi je uspelo da dva nacionalna teatra na neki način povežem. Nije to tako lako, ali u ovom slučaju stigli smo do kraja",kazao je Milivojević, koji se više plaši kako će celu priču spakovati na scenu Sava centra.  (Kurir/ Tanjug/Foto: Patroklos Skafidas)  </article-text><article-text-transliterated>.  U godini kada Narodnog pozorište u Beogradu slavi 150 godina postojanja publika će moći do gleda Asifonovu komediju "Pluto". Predstava u režiji Nikite Milivojevića, nastala u saradnji s Nacionalnim teatrom iz Atine, biće izvedena 27. septembra u Sava centru i dan kasnije u Srpskom narodnom pozorištu u Novom Sadu. Jedan od naših najznačajnijih pozorišnih reditelja izrazio je da mu je veliko zadovoljstvo što su mediji u Srbiji, ipak, preneli vest o premijeri tako značajne predstave koju je u Epidaurusu gledalo 13.000 ljudi.     Ovaj izuzetan pozorišni poduhvat, između ostalog, ostao je upamćen i po tome što se sa te, za Grke svete scene, stare 2.500 godina, prvi put začuo i srpski jezik zahvaljujući glumcu Hadži Nenadu Maričiću, koji tumači ulogu Horovođe.  "Čovek ponekad pomisli da je sam u tuđini i da niko ne vidi to što radiš, ali, eto, sad sam se prevario i drago mi je zbog toga. Još sam srećniji zbog činjenice da takva predstava stiže u Beograd. Živim između Atine i Beograda i konačno mi je uspelo da dva nacionalna teatra na neki način povežem. Nije to tako lako, ali u ovom slučaju stigli smo do kraja",kazao je Milivojević, koji se više plaši kako će celu priču spakovati na scenu Sava centra.  (Kurir/ Tanjug/Foto: Patroklos Skafidas)  </article-text-transliterated><comment-list><comments comment-id="1"><comment-parent-id>empty</comment-parent-id><comment-text>Konacno se Heleni vracaju korenima...</comment-text><comment-text-transliterated>Konacno se Heleni vracaju korenima...</comment-text-transliterated></comments></comment-list></article><comments><comment-count>1</comment-count></comments></document>