<document global_id="sr-03-21"><url>https://www.kurir.rs/vesti/edukacija/2513893/evo-zasto-je-vazno-da-naucite-bar-jedan-programski-jezik</url><source-id>03</source-id><local-id>21</local-id><source-name>kurir</source-name><article><article-title> Evo zašto je važno da naučite bar jedan programski jezik,</article-title><article-time> 2016-10-28</article-time><article-author>Kurir</article-author><article-text>Život u današnjem svetu nezamisliv je bez neke vrste programiranja. Programiranje nije neophodno samo za rad vašeg računara, gledanje omiljenog filma ili igranje najnovije video-igre već i za uređaje o kojima i ne razmišljate da zavise upravo od programiranja, kao što su aparati za kafu, klima-uređaji, veš-mašine, šporeti sa ravnom pločom, televizori i još mnogo toga..  Predviđa se da će programiranje sve više imati udela u našoj svakodnevici, zbog čega raste potreba za onima koji „govore” upravo nekim programskim jezikom. Jezik programiranja je jezik budućnosti    Tehnologija se razvija sve brže, i da biste mogli da se prilagodite ovim sve intenzivnijim promenama, morate i sami napredovati. Za programere se često kaže da njihovo vreme tek dolazi, a zbog sve veće potrebe za njima, mladi se upućuju na usavršavanje upravo u ovoj oblasti. Programiranje nije nova veština, ali je dosad bila rezervisana samo za one uže specijalizovane stručnjake. Danas je ova veština tražena među širom populacijom, a u budućnosti će biti ne samo prednost već i odlika svih ljudi koji žele da zarađuju više od onoga što je potrebno za puko preživljavanje. Programske jezike razume ceo svet Bez obzira na kojoj hemisferi se nalazite, programski jezici se ne razlikuju od naroda do naroda, kao što je to slučaj sa govornim jezicima, te će ih razumeti i Japanci, Južnoafrikanci, Norvežani, Amerikanci i svi ostali. U ovim jezicima biti poliglota znači da umete raditi kao PHP, C#, Java ili neki drugi programer, a bilo koji od ovih jezika zvuči isto u svakoj državi. Programski jezik je govor mašina, a kako će ljudi sve manje fizički raditi i sve više upravljati mašinama, učenje programskih jezika nameće se kao prirodna stvar.  Programeri nemaju poteškoća da nađu posao S obzirom na univerzalnost programskog jezika, prednost onih kojima je programiranje profesija je u tome što nisu geografski ograničeni. Bez obzira na mesto prebivališta, ukoliko znate da programirate, o zaposlenju nećete brinuti, a zahvaljujući brojnim freelance platformama, imate mogućnost da se povežete sa poslodavcima širom sveta. Na tržištu rada programeri su jedni od najtraženijih stručnjaka, a o tome koliko posla ima u IT sektoru govori i to da početne plate programera kod nas dostižu i četvorocifrene brojeve. Ovaj trend nastaviće se i u narednim decenijama, zbog čega je učenje nekog programskog jezika ne samo potreba već i nužnost. Za programiranje je ključno usvajanje praktičnih znanja Prilikom zapošljavanja, programere niko ne pita koji fakultet su završili, već sa kojim jezicima znaju da rade. Ono što je najvažnije kada je programiranje u pitanju jeste šta zaista umete, zbog čega je usvajanje praktičnih znanja ključan preduslov za uspeh u IT svetu. Shvatajući važnost sticanja primenljivih veština, programi ITAcademy su koncipirani upravo tako da polaznicima pruže celokupno neophodno znanje i za manje od godinu dana ih obuče kako da samostalno rade u oblasti u kojoj se usavršavaju. Upravo zbog toga, polaznici ITAcademy nakon završetka školovanja lako pronalaze posao koji priželjkuju, što je još jedan pokazatelj da je znanje ono što se zaista vrednuje u realnom okruženju.        Autor:Promo tekst    </article-text><article-text-transliterated>Život u današnjem svetu nezamisliv je bez neke vrste programiranja. Programiranje nije neophodno samo za rad vašeg računara, gledanje omiljenog filma ili igranje najnovije video-igre već i za uređaje o kojima i ne razmišljate da zavise upravo od programiranja, kao što su aparati za kafu, klima-uređaji, veš-mašine, šporeti sa ravnom pločom, televizori i još mnogo toga..  Predviđa se da će programiranje sve više imati udela u našoj svakodnevici, zbog čega raste potreba za onima koji „govore” upravo nekim programskim jezikom. Jezik programiranja je jezik budućnosti    Tehnologija se razvija sve brže, i da biste mogli da se prilagodite ovim sve intenzivnijim promenama, morate i sami napredovati. Za programere se često kaže da njihovo vreme tek dolazi, a zbog sve veće potrebe za njima, mladi se upućuju na usavršavanje upravo u ovoj oblasti. Programiranje nije nova veština, ali je dosad bila rezervisana samo za one uže specijalizovane stručnjake. Danas je ova veština tražena među širom populacijom, a u budućnosti će biti ne samo prednost već i odlika svih ljudi koji žele da zarađuju više od onoga što je potrebno za puko preživljavanje. Programske jezike razume ceo svet Bez obzira na kojoj hemisferi se nalazite, programski jezici se ne razlikuju od naroda do naroda, kao što je to slučaj sa govornim jezicima, te će ih razumeti i Japanci, Južnoafrikanci, Norvežani, Amerikanci i svi ostali. U ovim jezicima biti poliglota znači da umete raditi kao PHP, C#, Java ili neki drugi programer, a bilo koji od ovih jezika zvuči isto u svakoj državi. Programski jezik je govor mašina, a kako će ljudi sve manje fizički raditi i sve više upravljati mašinama, učenje programskih jezika nameće se kao prirodna stvar.  Programeri nemaju poteškoća da nađu posao S obzirom na univerzalnost programskog jezika, prednost onih kojima je programiranje profesija je u tome što nisu geografski ograničeni. Bez obzira na mesto prebivališta, ukoliko znate da programirate, o zaposlenju nećete brinuti, a zahvaljujući brojnim freelance platformama, imate mogućnost da se povežete sa poslodavcima širom sveta. Na tržištu rada programeri su jedni od najtraženijih stručnjaka, a o tome koliko posla ima u IT sektoru govori i to da početne plate programera kod nas dostižu i četvorocifrene brojeve. Ovaj trend nastaviće se i u narednim decenijama, zbog čega je učenje nekog programskog jezika ne samo potreba već i nužnost. Za programiranje je ključno usvajanje praktičnih znanja Prilikom zapošljavanja, programere niko ne pita koji fakultet su završili, već sa kojim jezicima znaju da rade. Ono što je najvažnije kada je programiranje u pitanju jeste šta zaista umete, zbog čega je usvajanje praktičnih znanja ključan preduslov za uspeh u IT svetu. Shvatajući važnost sticanja primenljivih veština, programi ITAcademy su koncipirani upravo tako da polaznicima pruže celokupno neophodno znanje i za manje od godinu dana ih obuče kako da samostalno rade u oblasti u kojoj se usavršavaju. Upravo zbog toga, polaznici ITAcademy nakon završetka školovanja lako pronalaze posao koji priželjkuju, što je još jedan pokazatelj da je znanje ono što se zaista vrednuje u realnom okruženju.        Autor:Promo tekst    </article-text-transliterated><comment-list /></article><comments><comment-count>0</comment-count></comments></document>