<document global_id="sr-03-47"><url>https://www.kurir.rs/zabava/ludi-svet/3335243/bolje-koristi-jezik-nego-prste-palaca-po-mobilnom-kosmickom-brzinom-i-nikada-ne-gresi-video</url><source-id>03</source-id><local-id>47</local-id><source-name>kurir</source-name><article><article-title> BOLJE KORISTI JEZIK NEGO PRSTE! Palaca po mobilnom kosmičkom brzinom i nikada ne greši! (VIDEO),</article-title><article-time> 2019-10-07</article-time><article-author>Kurir</article-author><article-text>.  Sigurno da imate nekog u vašoj blizini ko je vešt sa mobilnim telefonima i u stanju je da veoma brzo kuca na njima. E, a sada vam prikazujemo nekoga ko je sve to, ali za tipkanje ne koristi prste, već - jezik. Ova devojka snimila je koliko brzo može da "palaca" po tačskrinu svog telefona, igrajući popularnu igru u kojoj treba da prati melodiju puštene pesme.     </article-text><article-text-transliterated>.  Sigurno da imate nekog u vašoj blizini ko je vešt sa mobilnim telefonima i u stanju je da veoma brzo kuca na njima. E, a sada vam prikazujemo nekoga ko je sve to, ali za tipkanje ne koristi prste, već - jezik. Ova devojka snimila je koliko brzo može da "palaca" po tačskrinu svog telefona, igrajući popularnu igru u kojoj treba da prati melodiju puštene pesme.     </article-text-transliterated><comment-list /></article><comments><comment-count>0</comment-count></comments></document>