<document global_id="sr-03-92"><url>https://www.kurir.rs/vesti/politika/3122231/mladi-kinezi-koji-studiraju-srpski-jezik-docekali-vucica-predsednik-u-pekingu-dobio-cestitke-na-cirilici-evo-sta-su-mu-porucili-studenti-foto</url><source-id>03</source-id><local-id>92</local-id><source-name>kurir</source-name><article><article-title> MLADI KINEZI KOJI STUDIRAJU SRPSKI JEZIK DOČEKALI VUČIĆA</article-title><article-time> 2018-09-18</article-time><article-author>Kurir</article-author><article-text>.  Predsednik Srbije Aleksandar Vučić primio je danas u Pekingu studente srpskog jezika Univerziteta za međunarodne odnose u Pekingu. "Bila nam je velika čast što smo imali priliku da nas primi predsednik Srbije", rekla je za Tanjug profesorka srpskog jezika na Univerzitetu za međunaodne studije u Pekingu Hui Bin.  Profesorka, čije je, kako kaže, srpsko ime Helena, objasnila je da trenutno, na akademskom nivou, 16 studenata studira srpski jezik.      Prema njenim rečima, još 10 đaka uči srpski u srednjoj školi.  Kazala je i da je sve veće interesovanje mladih Kineza za učenje srpskog jezika, zato što je sve veća saradnja Srbije i Kinee, a potreba za ljudima koji znaju srpski je sve veća.  "Između naše dve zemlje imamo tradicionalno i duboko prijateljstvo. Sve je veća bilateralna saradnja i raste potreba za ljudima koji znaju srpski", objasnila je ona. Inače, kineski studenti predsedniku Srbije uručili su čestitku napisanu na srpskom jeziku, ćirilicom.  Studenti, pod svojim srpskim imenom napisali su ličnu poruku predsedniku.  "Dobrodošli u Kinu poštovani predsedniče, želim vam srećan boravak u Kini. Mnogo volim srpsku kulturu. Nadam se da doprinesem komunikaciji i saradnji Kine i Srbije", napisala je studentkinja Mina.   "Dragi predsedniče Vučiću, dobrodošli u Kinu. Milo mi je što imamo tako dobar odnos. I bolju budućnost se borimo da imamo. Nadam se da uživate na svom putovanju u Kinu", napisao je student Vuk.  "Poštovani predsedniče Vučiću dobrodošli u Kinu! Hvala što podržavate razvoj kinesko-srpskih odnosa. Nadam se da će vam boravak u Kini biti ugodan", napisala je studentkinja Danka.          1 / 3 Foto: Tanjug, Dragan Kujundžić             </article-text><article-text-transliterated>.  Predsednik Srbije Aleksandar Vučić primio je danas u Pekingu studente srpskog jezika Univerziteta za međunarodne odnose u Pekingu. "Bila nam je velika čast što smo imali priliku da nas primi predsednik Srbije", rekla je za Tanjug profesorka srpskog jezika na Univerzitetu za međunaodne studije u Pekingu Hui Bin.  Profesorka, čije je, kako kaže, srpsko ime Helena, objasnila je da trenutno, na akademskom nivou, 16 studenata studira srpski jezik.      Prema njenim rečima, još 10 đaka uči srpski u srednjoj školi.  Kazala je i da je sve veće interesovanje mladih Kineza za učenje srpskog jezika, zato što je sve veća saradnja Srbije i Kinee, a potreba za ljudima koji znaju srpski je sve veća.  "Između naše dve zemlje imamo tradicionalno i duboko prijateljstvo. Sve je veća bilateralna saradnja i raste potreba za ljudima koji znaju srpski", objasnila je ona. Inače, kineski studenti predsedniku Srbije uručili su čestitku napisanu na srpskom jeziku, ćirilicom.  Studenti, pod svojim srpskim imenom napisali su ličnu poruku predsedniku.  "Dobrodošli u Kinu poštovani predsedniče, želim vam srećan boravak u Kini. Mnogo volim srpsku kulturu. Nadam se da doprinesem komunikaciji i saradnji Kine i Srbije", napisala je studentkinja Mina.   "Dragi predsedniče Vučiću, dobrodošli u Kinu. Milo mi je što imamo tako dobar odnos. I bolju budućnost se borimo da imamo. Nadam se da uživate na svom putovanju u Kinu", napisao je student Vuk.  "Poštovani predsedniče Vučiću dobrodošli u Kinu! Hvala što podržavate razvoj kinesko-srpskih odnosa. Nadam se da će vam boravak u Kini biti ugodan", napisala je studentkinja Danka.          1 / 3 Foto: Tanjug, Dragan Kujundžić             </article-text-transliterated><comment-list><comments comment-id="1"><comment-parent-id>empty</comment-parent-id><comment-text>Teško je ne diviti se njihovoj kulturi, tradiciji i posebnom, toplom načinu isticanja gostoprimstva! Ja im verujem!</comment-text><comment-text-transliterated>Teško je ne diviti se njihovoj kulturi, tradiciji i posebnom, toplom načinu isticanja gostoprimstva! Ja im verujem!</comment-text-transliterated></comments><comments comment-id="2"><comment-parent-id>empty</comment-parent-id><comment-text>ovo je zaista nesto cemu se treba diviti i postovati</comment-text><comment-text-transliterated>ovo je zaista nesto cemu se treba diviti i postovati</comment-text-transliterated></comments><comments comment-id="3"><comment-parent-id>empty</comment-parent-id><comment-text>Lepo je videti da se u tako velikoj, a opet tako dalekoj zemlji, uci jedan srpski jezik</comment-text><comment-text-transliterated>Lepo je videti da se u tako velikoj, a opet tako dalekoj zemlji, uci jedan srpski jezik</comment-text-transliterated></comments><comments comment-id="4"><comment-parent-id>empty</comment-parent-id><comment-text>Naš predsednik ima za sve vremena.</comment-text><comment-text-transliterated>Naš predsednik ima za sve vremena.</comment-text-transliterated></comments><comments comment-id="5"><comment-parent-id>empty</comment-parent-id><comment-text>Strateško partnerstvo Srbije i Kine dovelo je do toga da kineze uče srpski jezik a srbi kineski.</comment-text><comment-text-transliterated>Strateško partnerstvo Srbije i Kine dovelo je do toga da kineze uče srpski jezik a srbi kineski.</comment-text-transliterated></comments><comments comment-id="6"><comment-parent-id>empty</comment-parent-id><comment-text>Ovo je zaista odlična vest, odraz poštovanja!</comment-text><comment-text-transliterated>Ovo je zaista odlična vest, odraz poštovanja!</comment-text-transliterated></comments><comments comment-id="7"><comment-parent-id>empty</comment-parent-id><comment-text>Evo još jednog dokaza iskrenog prijateljstva i poštovanja.</comment-text><comment-text-transliterated>Evo još jednog dokaza iskrenog prijateljstva i poštovanja.</comment-text-transliterated></comments><comments comment-id="8"><comment-parent-id>empty</comment-parent-id><comment-text>Veoma lep gest Kineskih studenta.</comment-text><comment-text-transliterated>Veoma lep gest Kineskih studenta.</comment-text-transliterated></comments><comments comment-id="9"><comment-parent-id>empty</comment-parent-id><comment-text>Nas predsednik uvek nadje vremena za sve</comment-text><comment-text-transliterated>Nas predsednik uvek nadje vremena za sve</comment-text-transliterated></comments><comments comment-id="10"><comment-parent-id>empty</comment-parent-id><comment-text>Kineski studenti koji uče srpski i srpski studenti koji uče kineski, doprineće još boljoj saradnji između dve zemlje.</comment-text><comment-text-transliterated>Kineski studenti koji uče srpski i srpski studenti koji uče kineski, doprineće još boljoj saradnji između dve zemlje.</comment-text-transliterated></comments><comments comment-id="11"><comment-parent-id>empty</comment-parent-id><comment-text>Bliska saradnja Srbije i Kine dovela je i do kulturološkog povezivanja i izučavanja srpskog jezika na kineskim univerzitetima.</comment-text><comment-text-transliterated>Bliska saradnja Srbije i Kine dovela je i do kulturološkog povezivanja i izučavanja srpskog jezika na kineskim univerzitetima.</comment-text-transliterated></comments><comments comment-id="12"><comment-parent-id>empty</comment-parent-id><comment-text>Srbija se ponosi svojim predsednikom.</comment-text><comment-text-transliterated>Srbija se ponosi svojim predsednikom.</comment-text-transliterated></comments><comments comment-id="13"><comment-parent-id>empty</comment-parent-id><comment-text>Ovo je veliko postovanje I jako lepa vest</comment-text><comment-text-transliterated>Ovo je veliko postovanje I jako lepa vest</comment-text-transliterated></comments><comments comment-id="14"><comment-parent-id>empty</comment-parent-id><comment-text>Bravo Vucic samo napred</comment-text><comment-text-transliterated>Bravo Vucic samo napred</comment-text-transliterated></comments><comments comment-id="15"><comment-parent-id>empty</comment-parent-id><comment-text>Kinezi znaju da je znanje jezika  bogatstvo za coveka.</comment-text><comment-text-transliterated>Kinezi znaju da je znanje jezika  bogatstvo za coveka.</comment-text-transliterated></comments><comments comment-id="16"><comment-parent-id>empty</comment-parent-id><comment-text>Vredno rade i uce za ono sto im donosi korist.</comment-text><comment-text-transliterated>Vredno rade i uce za ono sto im donosi korist.</comment-text-transliterated></comments><comments comment-id="17"><comment-parent-id>empty</comment-parent-id><comment-text>Lep osecaj kada se vidi da se u jednoj velikoj Kini pise srpskom cirilicom</comment-text><comment-text-transliterated>Lep osecaj kada se vidi da se u jednoj velikoj Kini pise srpskom cirilicom</comment-text-transliterated></comments><comments comment-id="18"><comment-parent-id>empty</comment-parent-id><comment-text>Veliko postovanje i doza ponosa sa obe strane.</comment-text><comment-text-transliterated>Veliko postovanje i doza ponosa sa obe strane.</comment-text-transliterated></comments><comments comment-id="19"><comment-parent-id>empty</comment-parent-id><comment-text>Lep docek studenata i veliko postovanje prema nasem predsedniku, za svaku je pohvalu! Stvarno i iskreno prijateljstvo, obostrano.</comment-text><comment-text-transliterated>Lep docek studenata i veliko postovanje prema nasem predsedniku, za svaku je pohvalu! Stvarno i iskreno prijateljstvo, obostrano.</comment-text-transliterated></comments><comments comment-id="20"><comment-parent-id>empty</comment-parent-id><comment-text>Kinezi uce cirilicu, a kod nas ima opozicionara koje se protive upotrebi cirilice. Paradoks</comment-text><comment-text-transliterated>Kinezi uce cirilicu, a kod nas ima opozicionara koje se protive upotrebi cirilice. Paradoks</comment-text-transliterated></comments><comments comment-id="21"><comment-parent-id>empty</comment-parent-id><comment-text>Bravo za studente koji uče srpski,za razliku od naše dece koja se trude da samo pričaju engleski.</comment-text><comment-text-transliterated>Bravo za studente koji uče srpski,za razliku od naše dece koja se trude da samo pričaju engleski.</comment-text-transliterated></comments><comments comment-id="22"><comment-parent-id>empty</comment-parent-id><comment-text>Uvek smo se postovali i bili prijatelji, sada se samo ucvrscuju odnosi i pokazuje se sve vece postovanje. uciti srpski jezik i pruziti nam ovakvo zadovoljstvo je za svaku pohvalu.</comment-text><comment-text-transliterated>Uvek smo se postovali i bili prijatelji, sada se samo ucvrscuju odnosi i pokazuje se sve vece postovanje. uciti srpski jezik i pruziti nam ovakvo zadovoljstvo je za svaku pohvalu.</comment-text-transliterated></comments><comments comment-id="23"><comment-parent-id>empty</comment-parent-id><comment-text>Čini dobro i dobru se nadaj. Srbija poštuje i ceni drage prijatelje i studente iz Kine, interesovanje u Kini za srpskim jezikom nije slučajnost, već rezultat međusobnog poštovanje i odlične saradnje.</comment-text><comment-text-transliterated>Čini dobro i dobru se nadaj. Srbija poštuje i ceni drage prijatelje i studente iz Kine, interesovanje u Kini za srpskim jezikom nije slučajnost, već rezultat međusobnog poštovanje i odlične saradnje.</comment-text-transliterated></comments><comments comment-id="24"><comment-parent-id>empty</comment-parent-id><comment-text>Svaka im cast, bas su docekali Aleksandra na iznenadjujuce lep nacin i prijatan. Veliko im hvala na svim pomocima koje su nam pruzili i koje ce nam pruziti.</comment-text><comment-text-transliterated>Svaka im cast, bas su docekali Aleksandra na iznenadjujuce lep nacin i prijatan. Veliko im hvala na svim pomocima koje su nam pruzili i koje ce nam pruziti.</comment-text-transliterated></comments><comments comment-id="25"><comment-parent-id>empty</comment-parent-id><comment-text>Lepo je videti  da se uči srpiski jezik širom sveta.</comment-text><comment-text-transliterated>Lepo je videti  da se uči srpiski jezik širom sveta.</comment-text-transliterated></comments><comments comment-id="26"><comment-parent-id>empty</comment-parent-id><comment-text>Veoma lep gest  Kineskih studenata koji studiraju sprski jezik kako su docekali Predsednika Vucica.</comment-text><comment-text-transliterated>Veoma lep gest  Kineskih studenata koji studiraju sprski jezik kako su docekali Predsednika Vucica.</comment-text-transliterated></comments><comments comment-id="27"><comment-parent-id>empty</comment-parent-id><comment-text>Niko nije docekao Vucica poput njih, kako je samo lepo videti toplu dobrodoslicu, svaka im cast. Kapa dole .</comment-text><comment-text-transliterated>Niko nije docekao Vucica poput njih, kako je samo lepo videti toplu dobrodoslicu, svaka im cast. Kapa dole .</comment-text-transliterated></comments><comments comment-id="28"><comment-parent-id>empty</comment-parent-id><comment-text>Ovo je jako lepo iznenađenje.</comment-text><comment-text-transliterated>Ovo je jako lepo iznenađenje.</comment-text-transliterated></comments><comments comment-id="29"><comment-parent-id>empty</comment-parent-id><comment-text>Koliko je Kina velika u svakom pogledu,govori i činjenica koliko je mladih zainteresovano da uči srpski jezik.</comment-text><comment-text-transliterated>Koliko je Kina velika u svakom pogledu,govori i činjenica koliko je mladih zainteresovano da uči srpski jezik.</comment-text-transliterated></comments><comments comment-id="30"><comment-parent-id>empty</comment-parent-id><comment-text>Mnogo toga pozitivnog mozemo ocekivati od njih. Kako je smao lepo docekan nas predsednik.</comment-text><comment-text-transliterated>Mnogo toga pozitivnog mozemo ocekivati od njih. Kako je smao lepo docekan nas predsednik.</comment-text-transliterated></comments><comments comment-id="31"><comment-parent-id>empty</comment-parent-id><comment-text>Ucenjem jezika medjusobno cemo se jos vise pribliziti i imati jos bolju saradnju.</comment-text><comment-text-transliterated>Ucenjem jezika medjusobno cemo se jos vise pribliziti i imati jos bolju saradnju.</comment-text-transliterated></comments><comments comment-id="32"><comment-parent-id>empty</comment-parent-id><comment-text>Kina veoma postuje Srbiju a dokaz tome je i to sto se u Kini uci srpski jezik.</comment-text><comment-text-transliterated>Kina veoma postuje Srbiju a dokaz tome je i to sto se u Kini uci srpski jezik.</comment-text-transliterated></comments><comments comment-id="33"><comment-parent-id>empty</comment-parent-id><comment-text>Lep gest.Bravo za studente.</comment-text><comment-text-transliterated>Lep gest.Bravo za studente.</comment-text-transliterated></comments><comments comment-id="34"><comment-parent-id>empty</comment-parent-id><comment-text>Nemerljivo je koliko ce Srbiji znaciti saradnja sa buducom prvom ekonomijom sveta.</comment-text><comment-text-transliterated>Nemerljivo je koliko ce Srbiji znaciti saradnja sa buducom prvom ekonomijom sveta.</comment-text-transliterated></comments><comments comment-id="35"><comment-parent-id>empty</comment-parent-id><comment-text>Ovome se treba diviti.</comment-text><comment-text-transliterated>Ovome se treba diviti.</comment-text-transliterated></comments><comments comment-id="36"><comment-parent-id>empty</comment-parent-id><comment-text>Divno je videti povezanost naše dve zemlje</comment-text><comment-text-transliterated>Divno je videti povezanost naše dve zemlje</comment-text-transliterated></comments><comments comment-id="37"><comment-parent-id>empty</comment-parent-id><comment-text>Prelep gest kineskih studenata. I ono što me najviše fasciniralo jeste želja tih mladih ljudi da uče naš jezik, jedne male zemlje u problemima. Imaju moj lični naklon.</comment-text><comment-text-transliterated>Prelep gest kineskih studenata. I ono što me najviše fasciniralo jeste želja tih mladih ljudi da uče naš jezik, jedne male zemlje u problemima. Imaju moj lični naklon.</comment-text-transliterated></comments><comments comment-id="38"><comment-parent-id>empty</comment-parent-id><comment-text>Ovo je veliki odraz postovanja.</comment-text><comment-text-transliterated>Ovo je veliki odraz postovanja.</comment-text-transliterated></comments><comments comment-id="39"><comment-parent-id>empty</comment-parent-id><comment-text>Neka prijateljstva su tu da traju zauvek.</comment-text><comment-text-transliterated>Neka prijateljstva su tu da traju zauvek.</comment-text-transliterated></comments><comments comment-id="40"><comment-parent-id>empty</comment-parent-id><comment-text>Velicanstvena dobrodoslica.</comment-text><comment-text-transliterated>Velicanstvena dobrodoslica.</comment-text-transliterated></comments><comments comment-id="41"><comment-parent-id>empty</comment-parent-id><comment-text>Divno je što mladi Kinezi uče srpski jezik!</comment-text><comment-text-transliterated>Divno je što mladi Kinezi uče srpski jezik!</comment-text-transliterated></comments><comments comment-id="42"><comment-parent-id>empty</comment-parent-id><comment-text>Bas su na divan nacin docekali naseg predsednika.</comment-text><comment-text-transliterated>Bas su na divan nacin docekali naseg predsednika.</comment-text-transliterated></comments><comments comment-id="43"><comment-parent-id>empty</comment-parent-id><comment-text>Bas onako kako prilici drzavniku njegovog ranga.</comment-text><comment-text-transliterated>Bas onako kako prilici drzavniku njegovog ranga.</comment-text-transliterated></comments><comments comment-id="44"><comment-parent-id>empty</comment-parent-id><comment-text>Iz dana u dan ojačavamo naše prijateljstvo sa Kinom.</comment-text><comment-text-transliterated>Iz dana u dan ojačavamo naše prijateljstvo sa Kinom.</comment-text-transliterated></comments><comments comment-id="45"><comment-parent-id>empty</comment-parent-id><comment-text>Lepo je videti da je Srbija  dobila mesto u svetu sve zahvaljujući politici predsednika Vučića.</comment-text><comment-text-transliterated>Lepo je videti da je Srbija  dobila mesto u svetu sve zahvaljujući politici predsednika Vučića.</comment-text-transliterated></comments><comments comment-id="46"><comment-parent-id>empty</comment-parent-id><comment-text>Malo koji predsednik je doživeo ovakvu dobrodošlicu u Kini.</comment-text><comment-text-transliterated>Malo koji predsednik je doživeo ovakvu dobrodošlicu u Kini.</comment-text-transliterated></comments><comments comment-id="47"><comment-parent-id>empty</comment-parent-id><comment-text>Zajednickim snagama mozemo dosta toga dobro uraditi.</comment-text><comment-text-transliterated>Zajednickim snagama mozemo dosta toga dobro uraditi.</comment-text-transliterated></comments><comments comment-id="48"><comment-parent-id>empty</comment-parent-id><comment-text>Srbija dobija na značaju u svetu što je posledica intezivnog rada predsednika Vučića.</comment-text><comment-text-transliterated>Srbija dobija na značaju u svetu što je posledica intezivnog rada predsednika Vučića.</comment-text-transliterated></comments><comments comment-id="49"><comment-parent-id>empty</comment-parent-id><comment-text>Pravi primer kako Kinezi poštuju našeg predsednika.</comment-text><comment-text-transliterated>Pravi primer kako Kinezi poštuju našeg predsednika.</comment-text-transliterated></comments><comments comment-id="50"><comment-parent-id>empty</comment-parent-id><comment-text>Kina je ne samo iskren prijatelj Srbiji već i pouzdan investitor.</comment-text><comment-text-transliterated>Kina je ne samo iskren prijatelj Srbiji već i pouzdan investitor.</comment-text-transliterated></comments></comment-list></article><comments><comment-count>50</comment-count></comments></document>