<document global_id="sr-03-41"><url>https://www.kurir.rs/sport/fudbal/1872203/legenda-bavarca-uplasena-ne-dajte-da-u-bajernu-prvi-jezik-bude-spanski</url><source-id>03</source-id><local-id>41</local-id><source-name>kurir</source-name><article><article-title> LEGENDA BAVARCA UPLAŠENA</article-title><article-time> 2015-07-24</article-time><article-author>Kurir</article-author><article-text>Otmar Hicfeld se boji da će minhenski klub izgubiti identinet dovođenjem velikog broja stranih pojačanja.  Bivši trener Bajerna iz Minhena Otmar Hicfeld rekao je danas da postoji opasnost da taj fudbalski klub izgubi "nemački identitet". Po dolasku Pepa Gvardiole na klupu Bavaraca, u Bajern je stiglo dosta španskih fudbalera, među kojima su Ćavi Alonso, Tijago Alkantara, Havi Martinez, a i poslednje pojačanje, Čileanac Arturo Vidal, je sa španskog gorovnog područja...    Bajern je, pored toga, ovog leta napustio legenda kluba Bastijan Švajnštajger, dok se Mario Gece dovodi u vezu sa Juventusom.Hicfeld je izrazio zabrinutos zbog toga. "Bajern treba da bude oprezan i da se potrudi da nemački ostane jezik broj jedan u klubu, a ne da to bude španski. Čini mi se da je to novi trend u Bajernu... Mario Gece je savršen primer nemačkog igrača koji je stvoren za Bajern. Taj igrač treba da uveri Gvardiolu da treba da bude starter", kazao je 66-godišnji Hicfeld za nemačke medije. Hicfeld je bio trener Bajerna dva puta, od 1998. do 2004. i 2007/08. Sa Bavarcima je pet puta bio šampion Nemačke, osvojio tri Kupa, četiri trofeja u Liga kupu, kao i Ligu šampiona i Interkontinentalni kup 2001.            </article-text><article-text-transliterated>Otmar Hicfeld se boji da će minhenski klub izgubiti identinet dovođenjem velikog broja stranih pojačanja.  Bivši trener Bajerna iz Minhena Otmar Hicfeld rekao je danas da postoji opasnost da taj fudbalski klub izgubi "nemački identitet". Po dolasku Pepa Gvardiole na klupu Bavaraca, u Bajern je stiglo dosta španskih fudbalera, među kojima su Ćavi Alonso, Tijago Alkantara, Havi Martinez, a i poslednje pojačanje, Čileanac Arturo Vidal, je sa španskog gorovnog područja...    Bajern je, pored toga, ovog leta napustio legenda kluba Bastijan Švajnštajger, dok se Mario Gece dovodi u vezu sa Juventusom.Hicfeld je izrazio zabrinutos zbog toga. "Bajern treba da bude oprezan i da se potrudi da nemački ostane jezik broj jedan u klubu, a ne da to bude španski. Čini mi se da je to novi trend u Bajernu... Mario Gece je savršen primer nemačkog igrača koji je stvoren za Bajern. Taj igrač treba da uveri Gvardiolu da treba da bude starter", kazao je 66-godišnji Hicfeld za nemačke medije. Hicfeld je bio trener Bajerna dva puta, od 1998. do 2004. i 2007/08. Sa Bavarcima je pet puta bio šampion Nemačke, osvojio tri Kupa, četiri trofeja u Liga kupu, kao i Ligu šampiona i Interkontinentalni kup 2001.            </article-text-transliterated><comment-list /></article><comments><comment-count>0</comment-count></comments></document>