<document global_id="sr-03-91"><url>https://www.kurir.rs/vesti/drustvo/3122289/novost-za-djake-petake-drugi-jezik-ocenjivace-se-opisno-ali-samo-u-prvom-polugodju</url><source-id>03</source-id><local-id>91</local-id><source-name>kurir</source-name><article><article-title> NOVOST ZA ĐAKE PETAKE</article-title><article-time> 2018-09-18</article-time><article-author>Kurir</article-author><article-text>.  BEOGRAD- Sve škole u Srbiji dobile su dopis Ministarstva prosvete da drugi strani jezik u prvom polugodištu ocenjuju i opisno i brojčano, a da će od drugog polugodišta ocenjivanje biti numeričko, kaže pomoćnica ministra prosvete Vesna Nedeljković. Ona je za TV Prva pojasnila da će u decembru u skupštinsku proceduru ući izmene i dopune Zakona o osnovama sistema obrazovanja i vaspitanja kojima je predviđeno da se drugi strani jezik očenjuje numerički.     </article-text><article-text-transliterated>.  BEOGRAD- Sve škole u Srbiji dobile su dopis Ministarstva prosvete da drugi strani jezik u prvom polugodištu ocenjuju i opisno i brojčano, a da će od drugog polugodišta ocenjivanje biti numeričko, kaže pomoćnica ministra prosvete Vesna Nedeljković. Ona je za TV Prva pojasnila da će u decembru u skupštinsku proceduru ući izmene i dopune Zakona o osnovama sistema obrazovanja i vaspitanja kojima je predviđeno da se drugi strani jezik očenjuje numerički.     </article-text-transliterated><comment-list><comments comment-id="1"><comment-parent-id>empty</comment-parent-id><comment-text>Ovo mi nije jasno. Drugi jezik je oduvek u kruševačkim školama ocenjivan brojčano i ulazio u prosek baš kao i svaki obavezan predmet. Šta je novo?</comment-text><comment-text-transliterated>Ovo mi nije jasno. Drugi jezik je oduvek u kruševačkim školama ocenjivan brojčano i ulazio u prosek baš kao i svaki obavezan predmet. Šta je novo?</comment-text-transliterated></comments></comment-list></article><comments><comment-count>1</comment-count></comments></document>