<document global_id="sr-03-157"><url>https://www.kurir.rs/zabava/zena/2579747/decko-ju-je-brutalno-pretukao-i-pokusao-da-joj-odsece-jezik-danas-ima-poruku-za-sve-zrtve-nasilja</url><source-id>03</source-id><local-id>157</local-id><source-name>kurir</source-name><article><article-title> DEČKO JU JE BRUTALNO PRETUKAO I POKUŠAO DA JOJ ODSEČE JEZIK</article-title><article-time> 2016-12-08</article-time><article-author>Kurir</article-author><article-text>Pe nego što je doživela stresnu situaciju u životu, 25-godišnja Karli Hager je verovala da je pronašla svog princa na belom konju. Čak je i zamišljala da će se udati za Rajana jednog dana..  A onda se desio veliki preokret. Nakon što su prisustvovali jednom venčanju, dečko je počeo da je vređa, a ono što je usledilo posle toga joj je promenilo život iz korena. Okidač je bio alkohol. Uveče, kada su otišli kući, Karli nije ni slutila da će to veče promeniti njen život iz korena. Samo što su krenuli na spavanje, Rajan je zaključao stan i počeo nenormalno da je udara.     Ubrzo su to čule košmije, koje su uspele da upadnu u stan i da ga odvajaju od nje. Međutim, Rajan je uspeo da ih istera i da nastavi sa batinama. Brutalno je pokušavao da joj odseče jezik. Jedva je preživela tu noć. Dugo joj je trebalo da progovorio o ovome, ali kada je to učinila - tužila je Rajana za nasilje, strpavši ga u zatvor u kojem se i danas nalazi.  Sklonila je sram i poniženje sa strane i ispričala sve u medijima samo iz jednog razloga. Želela je da osvesti žene. Da ih upozori da, ako žele sa nekim zajednički život, moraju dobro da procene partnera i da se ne žure, jer nisu svi muškarci onakvi kako se čine.   (novi.ba)    Dnevne novine Kurir pokrenule su akciju "Stop nasilju" u saradnji sa Ministarstvom unutrašnjih poslova Republike Srbije i sigurnom kućom.   Akciju su podržale i brojne javne ličnosti, a u kampanji Kurira učestvovale su košarkašica Milica Dabović, glumica Kalina Kovačević, novinarka Nataša Miljković i pevačica Seka Aleksić.  CECA RAŽNATOVIĆ: Prijavi nasilnika, ko god to bio...     Ovo je poruka PRETUČENE SEKE ALEKSIĆ: Izlaz postoji, potraži ga!    KALINA KOVAČEVIĆ: Nisi ničije vlasništvo!    Dabović: Prvi udarac nikada nije poslednji!      Novinarka Nataša Miljković je prihvatila da za potrebe kampanje odigra ulogu žrtve porodičnog nasilja i pošalje poruku svima koji ga trpe.  "Ne čekaj da bude kasno! Ja sam Nataša Miljković i podržavam akciju Kurira. Stop nasilju", jasno je rekla naša poznata novinarka.      Ovim putem vas obaveštavamo da su u cilju sprečavanja nasilja svake vrste otvoreni i dežurni telefonski brojevi na koje svi građani ANONIMNO mogu da prijave nasilnike.  BESPLATNI BROJ: 0800-011-011 (radnim danima od 10 do 19 sati) 011/3291-440, 011/2441-521, 011/2456-404 (radnim danima od 10 do 19 sati) 062/304-560 (vikendom i noću od 19 do 10 sati) 192 (MUP) 194 (HITNA POMOĆ)  Sigurne kuće:  Beograd (3)  Kragujevac  Niš  Vranje  Smederevo  Pančevo  Zrenjanin  Novi Sad Sombor  Sremska Mitrovica        Autor:Foto: Printscreen YouTube    </article-text><article-text-transliterated>Pe nego što je doživela stresnu situaciju u životu, 25-godišnja Karli Hager je verovala da je pronašla svog princa na belom konju. Čak je i zamišljala da će se udati za Rajana jednog dana..  A onda se desio veliki preokret. Nakon što su prisustvovali jednom venčanju, dečko je počeo da je vređa, a ono što je usledilo posle toga joj je promenilo život iz korena. Okidač je bio alkohol. Uveče, kada su otišli kući, Karli nije ni slutila da će to veče promeniti njen život iz korena. Samo što su krenuli na spavanje, Rajan je zaključao stan i počeo nenormalno da je udara.     Ubrzo su to čule košmije, koje su uspele da upadnu u stan i da ga odvajaju od nje. Međutim, Rajan je uspeo da ih istera i da nastavi sa batinama. Brutalno je pokušavao da joj odseče jezik. Jedva je preživela tu noć. Dugo joj je trebalo da progovorio o ovome, ali kada je to učinila - tužila je Rajana za nasilje, strpavši ga u zatvor u kojem se i danas nalazi.  Sklonila je sram i poniženje sa strane i ispričala sve u medijima samo iz jednog razloga. Želela je da osvesti žene. Da ih upozori da, ako žele sa nekim zajednički život, moraju dobro da procene partnera i da se ne žure, jer nisu svi muškarci onakvi kako se čine.   (novi.ba)    Dnevne novine Kurir pokrenule su akciju "Stop nasilju" u saradnji sa Ministarstvom unutrašnjih poslova Republike Srbije i sigurnom kućom.   Akciju su podržale i brojne javne ličnosti, a u kampanji Kurira učestvovale su košarkašica Milica Dabović, glumica Kalina Kovačević, novinarka Nataša Miljković i pevačica Seka Aleksić.  CECA RAŽNATOVIĆ: Prijavi nasilnika, ko god to bio...     Ovo je poruka PRETUČENE SEKE ALEKSIĆ: Izlaz postoji, potraži ga!    KALINA KOVAČEVIĆ: Nisi ničije vlasništvo!    Dabović: Prvi udarac nikada nije poslednji!      Novinarka Nataša Miljković je prihvatila da za potrebe kampanje odigra ulogu žrtve porodičnog nasilja i pošalje poruku svima koji ga trpe.  "Ne čekaj da bude kasno! Ja sam Nataša Miljković i podržavam akciju Kurira. Stop nasilju", jasno je rekla naša poznata novinarka.      Ovim putem vas obaveštavamo da su u cilju sprečavanja nasilja svake vrste otvoreni i dežurni telefonski brojevi na koje svi građani ANONIMNO mogu da prijave nasilnike.  BESPLATNI BROJ: 0800-011-011 (radnim danima od 10 do 19 sati) 011/3291-440, 011/2441-521, 011/2456-404 (radnim danima od 10 do 19 sati) 062/304-560 (vikendom i noću od 19 do 10 sati) 192 (MUP) 194 (HITNA POMOĆ)  Sigurne kuće:  Beograd (3)  Kragujevac  Niš  Vranje  Smederevo  Pančevo  Zrenjanin  Novi Sad Sombor  Sremska Mitrovica        Autor:Foto: Printscreen YouTube    </article-text-transliterated><comment-list><comments comment-id="1"><comment-parent-id>empty</comment-parent-id><comment-text>Poruka je - birajte normalne momke!</comment-text><comment-text-transliterated>Poruka je - birajte normalne momke!</comment-text-transliterated></comments><comments comment-id="1-1"><comment-parent-id>1</comment-parent-id><comment-text>Ili devojke ne provocirajte momke</comment-text><comment-text-transliterated>Ili devojke ne provocirajte momke</comment-text-transliterated></comments><comments comment-id="1-2"><comment-parent-id>1</comment-parent-id><comment-text>Svi su normalni dok se ne napiju</comment-text><comment-text-transliterated>Svi su normalni dok se ne napiju</comment-text-transliterated></comments><comments comment-id="2"><comment-parent-id>empty</comment-parent-id><comment-text>Bio sam svedok fizickom naselju i naravno uspeo to da sprecim. Nemila scena. Ono sto sam primetio da je uzrok tome bilo nasilje takozvanog psihickog kontakta koje je zena vrsila nad mojim prijateljom. Sada bez sale, bezbroj puta joj je govorio da ga ostavi na miru, ona je samo nastavljala da ga provocira u nekim momentima ga je bockala bas tamo gde ga najvise boli. Na kraju je covek pukao i zamalo nalupao. Ee vidite nasilje ne treba u nikakvom obliku, ni fizicko ni PSIHICKO. Obratite paznju na oba jer je u vecini slucajeva psihicko nasilje uzrok fizickog. Pozdrav.</comment-text><comment-text-transliterated>Bio sam svedok fizickom naselju i naravno uspeo to da sprecim. Nemila scena. Ono sto sam primetio da je uzrok tome bilo nasilje takozvanog psihickog kontakta koje je zena vrsila nad mojim prijateljom. Sada bez sale, bezbroj puta joj je govorio da ga ostavi na miru, ona je samo nastavljala da ga provocira u nekim momentima ga je bockala bas tamo gde ga najvise boli. Na kraju je covek pukao i zamalo nalupao. Ee vidite nasilje ne treba u nikakvom obliku, ni fizicko ni PSIHICKO. Obratite paznju na oba jer je u vecini slucajeva psihicko nasilje uzrok fizickog. Pozdrav.</comment-text-transliterated></comments><comments comment-id="2-1"><comment-parent-id>2</comment-parent-id><comment-text>Tebi svaka cast jer se sve vise ljudi pravi ludo kad uoci da postoji nasilje ili da situacija preti da eskalira. Ali ajd sad ovako-sto on njoj nije uzeo da "zvoca", nego odmah ajde da te nalupam?! Ok i ja mislim da smo naporne nekad, i vecina zena ima zvocajuci gen, ali budi smeker pa iskuliraj, a ako ne mozes- ti njoj zvocaj kako tvoja mama sprema bolju klopu od nje (ili sta god). U krajnjem slucaju razidjite se ljudi, ne trpite nikakvo nasilje. Ako ste ugrozeni tudjim ponasanjem- hvala, prijatno, bilo je lepo poznavati te. Nije ovo 12.vek pa da je raskid i razvod tabu! Nego nam mentalitet takav da svi cute i trpe, pa udri po slabijem.</comment-text><comment-text-transliterated>Tebi svaka cast jer se sve vise ljudi pravi ludo kad uoci da postoji nasilje ili da situacija preti da eskalira. Ali ajd sad ovako-sto on njoj nije uzeo da "zvoca", nego odmah ajde da te nalupam?! Ok i ja mislim da smo naporne nekad, i vecina zena ima zvocajuci gen, ali budi smeker pa iskuliraj, a ako ne mozes- ti njoj zvocaj kako tvoja mama sprema bolju klopu od nje (ili sta god). U krajnjem slucaju razidjite se ljudi, ne trpite nikakvo nasilje. Ako ste ugrozeni tudjim ponasanjem- hvala, prijatno, bilo je lepo poznavati te. Nije ovo 12.vek pa da je raskid i razvod tabu! Nego nam mentalitet takav da svi cute i trpe, pa udri po slabijem.</comment-text-transliterated></comments><comments comment-id="3"><comment-parent-id>empty</comment-parent-id><comment-text>Komšije upale da je odbrane?Da li je to onaj "truli" zapad kome se decenijama rugamo zato što tamo brat bratu ne pomaže?Resetujte se braćo Srbi,pa da krenemo iz početka.</comment-text><comment-text-transliterated>Komšije upale da je odbrane?Da li je to onaj "truli" zapad kome se decenijama rugamo zato što tamo brat bratu ne pomaže?Resetujte se braćo Srbi,pa da krenemo iz početka.</comment-text-transliterated></comments><comments comment-id="3-1"><comment-parent-id>3</comment-parent-id><comment-text>Tuzna.... Netacno.</comment-text><comment-text-transliterated>Tuzna.... Netacno.</comment-text-transliterated></comments><comments comment-id="3-2"><comment-parent-id>3</comment-parent-id><comment-text>Draga Mayo, hajde da uradimo jedan test. Pustis me da ti zvocam i psihicki zlostavljam i da vidimo koji period ce biti potreban da se pretvoris u nasilnika. Fizickog. Stop nasilju i nad muskarcima.</comment-text><comment-text-transliterated>Draga Mayo, hajde da uradimo jedan test. Pustis me da ti zvocam i psihicki zlostavljam i da vidimo koji period ce biti potreban da se pretvoris u nasilnika. Fizickog. Stop nasilju i nad muskarcima.</comment-text-transliterated></comments><comments comment-id="4"><comment-parent-id>empty</comment-parent-id><comment-text>Pocela sam da Vam pisem o svom iskustvu sa varalicom i nasilnikom , pa sam sve obrisala jer mi je odvratno i da se prisecam te price. Ukratko, ostavila sam ga posle krace zajednice, on je zavrsiou zatvoru. Poruka -DOBRO PROVERITE OSOBU SA KOJOM PLANIRATE VEZU ILI ZAJEDNICU, NIKAD NE ZURITE SA ODLUKAMA U NJIHOVU KORIST. SRECNO !</comment-text><comment-text-transliterated>Pocela sam da Vam pisem o svom iskustvu sa varalicom i nasilnikom , pa sam sve obrisala jer mi je odvratno i da se prisecam te price. Ukratko, ostavila sam ga posle krace zajednice, on je zavrsiou zatvoru. Poruka -DOBRO PROVERITE OSOBU SA KOJOM PLANIRATE VEZU ILI ZAJEDNICU, NIKAD NE ZURITE SA ODLUKAMA U NJIHOVU KORIST. SRECNO !</comment-text-transliterated></comments></comment-list></article><comments><comment-count>9</comment-count></comments></document>