<document global_id="sr-03-10"><url>https://www.kurir.rs/zabava/zena/2696637/foto-uzicanka-spakovala-kofere-i-otisla-u-kinu-da-predaje-engleski-jezik-kinezi-obozavaju-srbiju</url><source-id>03</source-id><local-id>10</local-id><source-name>kurir</source-name><article><article-title> (FOTO) UŽIČANKA SPAKOVALA KOFERE I OTIŠLA U KINU DA PREDAJE ENGLESKI JEZIK</article-title><article-time> 2017-02-22</article-time><article-author>Kurir</article-author><article-text>Užičanka Ana Vuksanović, u američkoj školi na severoistoku Kine predaje engleski jezik. Sa distance od skoro godinu dana boravka na oko 8 000 kilometara udaljenosti od rodnog kraja kaže da su stranci lepo prihvaćeni i da dostojanstveno žive u Kini u kojoj je velika potražnja za ljudima iz celog sveta koji govore engleski..  Ana je završila francuski jezik i književnost na Filološkom fakultetu u Beogradu. Ističe da je bila aktivistkinja OTPOR-a i da je nakon 5.oktobra sa par prijatelja osnovala “Centar za prezentaciju mladih”. Ona je tokom i nakon studija dosta putovala, radila projekte sa međunarodnim oganizacijama i državnim institucijama, a u mnogima u svetu je bila gost, tako da je videla kako funkcionišu.        Najviše je ponosna što je imala priliku da upozna, razgovara i uči od pametnih ljudi, što je iskustvo koje joj neprocenjivo znači. Od 2002. do 2014. radila u kabinetu ministra zdravlja, uglavnom kao savetnik za medije, na EU projektima u zdravstvu, a kratko vreme bila je i šef kabineta. Podsećajući se dosadašnje karijere u Srbiji, Vuksanovićeva dodaje da je bila angažovana i u raznim PR agencijama, dobar deo radnog iskustva sticala je prevođenjem, par meseci radila i u call centru za frankofono govorno područje. Foto: Profimedia Prošle godine spakovala je kofere i uputila se put Kine, gde u američkoj školi u gradu Harbinu predaje engleski jezik. Radi u školi jezika za decu i mlade od tri do 17 godina. Vikendom ima najvise časova, ponedeljak i utorak su joj slobodni dani, a ostala tri dana ima po jedan ili dva časa. S obzirom na to da je jedini strani nastavnik u školi, raspored dobija svake nedelje. "Što se škole tiče, imala sam puno sreće, jer u odnosu na sve što sam u Srbiji radila, ovo je kao produženi odmor", kaže ona naglašavajući da nije tako u svakoj školi i da to ne treba uzimati zdravo za gotovo. "Škola mi plaća stan, radnu i boravišnu dozvolu, osiguranje, živim na 10 minuta peške do škole", kaže Ana.     Ugovor joj ističe u maju, ali veruje da će ostati u Kini bar još godinu, dve, a onda možda ode u Vijetnam, Japan, Nepal, ili ko zna gde. Ne pravi dugoročne planove, jer ide gde je sudbina odnese. Na pitanje kakvi su uslovi života, kaže da nije jednostavno odgovoriti, jer zavisi ko šta očekuje. Naglašava da doći u Aziju nije isto kao emigrirati na Novi Zeland ili u Kanadu, posebno ako se ide trbuhom za kruhom, bez svesti da je u Aziji sve mnogo drugačije. Poručuje da su plate za strance mnogo bolje nego u Srbiji što je često dobar i dovoljan motiv. "Kina je ogromna, a gotovo svaki grad i provincija su priča za sebe. Slikovito to pojašnjava poredeći na primer Srbiju i Švedsku. Iz iskustva kaže da je život u Kini prilično dostojanstven za strance, osim ako neko nije snob."     Nema predstavu koliko ljudi iz Srbije uopšte živi u Kini, jer se i ne viđa ni sa kim iz naše zemlje. Misli da je dosta nastavnika jezika došlo u poslednje vreme, jer ocenjuje da prilično dobro stojimo sa engleskim. "Jedan prijatelj Amerikanac mi je pre par meseci rekao da je baš u Harbinu živeo jedan momak iz Srbije koji je predavao srpski, ali je otišao pre nego što sam ja došla, tako da se nismo sreli", priča Ana i dodaje: "Shvatila je da Kinezi vole srpski fudbal i da malo starije generacije znaju za Jugoslaviju i Srbiju. Malo znaju o nama tako da nisam sigurna da uopšte imaju bilo kakav stav o Srbima. Generalno, stranci su lepo prihvaćeni i ako ne prave probleme, ni sami ih neće imati". Kini koja je u poslednjih nekoliko godina prepoznata kao atraktivna poslovna destinacija u sferi obrazovanja prema zvaničnim podacima nedostaje preko 250 000 stranih nastavnika. Užičanka sa severoistoka Kine poručuje da Kinezi rade na tome da otežaju i zabrane rad nastavnicima koji nisu rođeni u anglofonim zemljama. Dodaje da Kini ne nedostaju samo nastavnici jezika, već da oni vrlo rado zapošljavaju strane eksperte u raznim sferama, jednostavno rečeno sve od kojih nešto mogu da nauči, što će oni znati da cene i nagrade.     "U Kinu sam došla sa određenom misijom i nisam tek onako odabrala ovu zemlju. Prvobitno sam razmišljala o odlasku u Japan, ali je tamo život nenormalno skup", pojašnjava Vuksanovićeva. Kao dete je počela da vežba karate i da čita ne samo o borilačkim veštinama nego i o kulturi koja se drastično razlikuje od naše. "U svakom slučaju, volim Aziju generalno, ne osećam se čudno, nisam imala nikakvo prilagođavanje i od početka mi je bilo potpuno prirodno što sam tu gde sam. Kulturološke razlike su ipak ogromne i mnogi ljudi, posebno koji dolaze iz zapadnih zemalja, ne mogu nikad da se naviknu", tvrdi ona. Nedostaju joj šetnje Dunavom, miris šume u selu na Zlatiboru, odlazak u pozorište, porodica i prijatelji, ali joj nimalo ne nedostaje život u Srbiji. Kaže da joj prija izmeštanje, jer je dobila druge kvalitete i iskustva, tako da je suštinski zadovoljna. Foto: Shutterstock Nije upoznata sa dešavanjima na lokalu, ali iz daleke Kine kaže da iz dana u dan sve više prepoznaje nezadovoljstvo i ogorčenje roditelja, prijatelja, poznanika i njihovih poznanika. Svi sa kojima sam u kontaktu su zgađeni nad kompletnom javnom scenom u Srbiji zbog urušavanja i obesmišljenosti sistema počev od lokalnog do državnog nivoa. Ključni problem je što više niko nema snage ni motivacije da se za bilo šta bori niti ima nade. Foto: Profimedia (uzickarepublikapress.rs)       Autor:Foto: Profimedia, Foto: Shutterstock    </article-text><article-text-transliterated>Užičanka Ana Vuksanović, u američkoj školi na severoistoku Kine predaje engleski jezik. Sa distance od skoro godinu dana boravka na oko 8 000 kilometara udaljenosti od rodnog kraja kaže da su stranci lepo prihvaćeni i da dostojanstveno žive u Kini u kojoj je velika potražnja za ljudima iz celog sveta koji govore engleski..  Ana je završila francuski jezik i književnost na Filološkom fakultetu u Beogradu. Ističe da je bila aktivistkinja OTPOR-a i da je nakon 5.oktobra sa par prijatelja osnovala “Centar za prezentaciju mladih”. Ona je tokom i nakon studija dosta putovala, radila projekte sa međunarodnim oganizacijama i državnim institucijama, a u mnogima u svetu je bila gost, tako da je videla kako funkcionišu.        Najviše je ponosna što je imala priliku da upozna, razgovara i uči od pametnih ljudi, što je iskustvo koje joj neprocenjivo znači. Od 2002. do 2014. radila u kabinetu ministra zdravlja, uglavnom kao savetnik za medije, na EU projektima u zdravstvu, a kratko vreme bila je i šef kabineta. Podsećajući se dosadašnje karijere u Srbiji, Vuksanovićeva dodaje da je bila angažovana i u raznim PR agencijama, dobar deo radnog iskustva sticala je prevođenjem, par meseci radila i u call centru za frankofono govorno područje. Foto: Profimedia Prošle godine spakovala je kofere i uputila se put Kine, gde u američkoj školi u gradu Harbinu predaje engleski jezik. Radi u školi jezika za decu i mlade od tri do 17 godina. Vikendom ima najvise časova, ponedeljak i utorak su joj slobodni dani, a ostala tri dana ima po jedan ili dva časa. S obzirom na to da je jedini strani nastavnik u školi, raspored dobija svake nedelje. "Što se škole tiče, imala sam puno sreće, jer u odnosu na sve što sam u Srbiji radila, ovo je kao produženi odmor", kaže ona naglašavajući da nije tako u svakoj školi i da to ne treba uzimati zdravo za gotovo. "Škola mi plaća stan, radnu i boravišnu dozvolu, osiguranje, živim na 10 minuta peške do škole", kaže Ana.     Ugovor joj ističe u maju, ali veruje da će ostati u Kini bar još godinu, dve, a onda možda ode u Vijetnam, Japan, Nepal, ili ko zna gde. Ne pravi dugoročne planove, jer ide gde je sudbina odnese. Na pitanje kakvi su uslovi života, kaže da nije jednostavno odgovoriti, jer zavisi ko šta očekuje. Naglašava da doći u Aziju nije isto kao emigrirati na Novi Zeland ili u Kanadu, posebno ako se ide trbuhom za kruhom, bez svesti da je u Aziji sve mnogo drugačije. Poručuje da su plate za strance mnogo bolje nego u Srbiji što je često dobar i dovoljan motiv. "Kina je ogromna, a gotovo svaki grad i provincija su priča za sebe. Slikovito to pojašnjava poredeći na primer Srbiju i Švedsku. Iz iskustva kaže da je život u Kini prilično dostojanstven za strance, osim ako neko nije snob."     Nema predstavu koliko ljudi iz Srbije uopšte živi u Kini, jer se i ne viđa ni sa kim iz naše zemlje. Misli da je dosta nastavnika jezika došlo u poslednje vreme, jer ocenjuje da prilično dobro stojimo sa engleskim. "Jedan prijatelj Amerikanac mi je pre par meseci rekao da je baš u Harbinu živeo jedan momak iz Srbije koji je predavao srpski, ali je otišao pre nego što sam ja došla, tako da se nismo sreli", priča Ana i dodaje: "Shvatila je da Kinezi vole srpski fudbal i da malo starije generacije znaju za Jugoslaviju i Srbiju. Malo znaju o nama tako da nisam sigurna da uopšte imaju bilo kakav stav o Srbima. Generalno, stranci su lepo prihvaćeni i ako ne prave probleme, ni sami ih neće imati". Kini koja je u poslednjih nekoliko godina prepoznata kao atraktivna poslovna destinacija u sferi obrazovanja prema zvaničnim podacima nedostaje preko 250 000 stranih nastavnika. Užičanka sa severoistoka Kine poručuje da Kinezi rade na tome da otežaju i zabrane rad nastavnicima koji nisu rođeni u anglofonim zemljama. Dodaje da Kini ne nedostaju samo nastavnici jezika, već da oni vrlo rado zapošljavaju strane eksperte u raznim sferama, jednostavno rečeno sve od kojih nešto mogu da nauči, što će oni znati da cene i nagrade.     "U Kinu sam došla sa određenom misijom i nisam tek onako odabrala ovu zemlju. Prvobitno sam razmišljala o odlasku u Japan, ali je tamo život nenormalno skup", pojašnjava Vuksanovićeva. Kao dete je počela da vežba karate i da čita ne samo o borilačkim veštinama nego i o kulturi koja se drastično razlikuje od naše. "U svakom slučaju, volim Aziju generalno, ne osećam se čudno, nisam imala nikakvo prilagođavanje i od početka mi je bilo potpuno prirodno što sam tu gde sam. Kulturološke razlike su ipak ogromne i mnogi ljudi, posebno koji dolaze iz zapadnih zemalja, ne mogu nikad da se naviknu", tvrdi ona. Nedostaju joj šetnje Dunavom, miris šume u selu na Zlatiboru, odlazak u pozorište, porodica i prijatelji, ali joj nimalo ne nedostaje život u Srbiji. Kaže da joj prija izmeštanje, jer je dobila druge kvalitete i iskustva, tako da je suštinski zadovoljna. Foto: Shutterstock Nije upoznata sa dešavanjima na lokalu, ali iz daleke Kine kaže da iz dana u dan sve više prepoznaje nezadovoljstvo i ogorčenje roditelja, prijatelja, poznanika i njihovih poznanika. Svi sa kojima sam u kontaktu su zgađeni nad kompletnom javnom scenom u Srbiji zbog urušavanja i obesmišljenosti sistema počev od lokalnog do državnog nivoa. Ključni problem je što više niko nema snage ni motivacije da se za bilo šta bori niti ima nade. Foto: Profimedia (uzickarepublikapress.rs)       Autor:Foto: Profimedia, Foto: Shutterstock    </article-text-transliterated><comment-list><comments comment-id="1"><comment-parent-id>empty</comment-parent-id><comment-text>Sta?! Jel Vam ona sama poslala tekst i slike pa vi samo prekucali. Znate li koliko mladih iz Srbije sa fakultetskim diplomama radi isti taj posao u Kini? Nazalost nije jedina!</comment-text><comment-text-transliterated>Sta?! Jel Vam ona sama poslala tekst i slike pa vi samo prekucali. Znate li koliko mladih iz Srbije sa fakultetskim diplomama radi isti taj posao u Kini? Nazalost nije jedina!</comment-text-transliterated></comments></comment-list></article><comments><comment-count>1</comment-count></comments></document>