<document global_id="sr-03-119"><url>https://www.kurir.rs/vesti/drustvo/3043571/bivsi-kosarkas-zvezde-tukao-zenu-ujedao-je-za-nos-ihteo-da-joj-iscupa-jezik</url><source-id>03</source-id><local-id>119</local-id><source-name>kurir</source-name><article><article-title> BIVŠI KOŠARKAŠ ZVEZDE TUKAO ŽENU</article-title><article-time> 2018-05-06</article-time><article-author>Kurir</article-author><article-text>.  Željko Topalović, čuveni košarkaš šampionskih generacija Crvene zvezde i Budućnosti, tukao je svoju suprugu Mirjanu Topalović, grizao je za nos i hteo da joj iščupa jezik!  Osnovni sud u Prijepolju doneo je presudu da je Topalović kriv za nasilje u porodici, zbog čega je dobio tri meseca zatvora, odnosno uslovnu kaznu od godinu dana. U presudi se detaljno opisuje brutalan napad 7. septembra 2013, kada je njegova i dalje zakonita supruga Mirjana skupila hrabrosti da ga tuži za nasilje u porodici.     - U uračunljivom stanju Željko Topalović je, nakon verbalnog sukoba, uz pretnje i psovke da je kurva i drolja koju će ubiti, napao suprugu. Vukao ju je za kosu, udarao nogom u telo, ugrizao za nos, počeo je da je davi, pljunuo je više puta u predelu lica, a zatim pokušao da joj zavuče ruku u usta kako bi joj iščupao jezik - stoji u presudi donetoj 15. decembra 2014. godine. Mirjana Topalovićfoto: Kurir  Sve ove godine Mirjana je ćutala jer su joj deca bila maloletna. Sada je odlučila da ekskluzivno za Kurir progovori o torturi koju je trpela. - Život uz tako uspešnog sportistu je bio pun odricanja, ali ja sam pristajala na to, bila sam mu podrška u svemu, zapostavila sam svoju karijeru, brinula sam o porodici i deci, živela u njegovoj senci. On je uvek bio nasilan. Prvi put mi je udario šamar pred porođaj s prvom ćerkom, a onda su se fizički nasrtaji nastavljali, ali ja sam ćutala i kajem se što nisam ranije prijavila - priča Mirjana.   Kada se njegova košarkaška karijera posle povrede završila, prodali su stanove u Beogradu i Novom Sadu, preselili su se kod njegovih roditelja u Novu Varoš i rešili da sve što imaju ulože u izgradnju hotela na Zlataru. - Kada je posle deset godina izgradnje hotel počeo da radi, on je poželeo slobodu. Tražio mi je da odem, što sam i uradila. Međutim, 7. septembra 2013. je došao. Krenula je rasprava. Ja sam imala samo jedan uslov - da sve što smo zajedno stekli ostane našoj deci. Na to mi je pokazao srednji prst i počeo da me tuče, maltretira, prebija... On ima više od dva metra, a ja sam u tom trenutku imala 48 kilograma, zbog sekiracije što sam izgubila brata i majku - priča Mirjana. Njih dvoje su u brakorazvodnoj parnici četiri godine, a sude se i za podelu imovine. - On je i dalje veoma uticajan i to koristi da sabotira suđenje, odbija da podeli imovinu. Ja sam se odlučila da govorim javno, da skrenem pažnju na nasilje, da pokažem koliko se odugovlače suđenja i da otkrijem da njegove zlatne medalje imaju i tamnu stranu - naglašava Mirjana.    Željko Topalović Pričaću s vama tek za mesec dana Kada smo pozvali Željka Topalovića, u prvom trenutku je bio srdačan, da bi se, nakon što je saslušao pitanje, veoma iznervirao. Podigao je ton optužujući nas da smo bahati (što apsolutno nije tačno): - Svašta! Nikada se to nije desilo, niti ja to mogu na ovaj način komentarisati. Sve što imate da pitate možete doći kod mene. Ja vas ne razumem uopšte. Možete da se ponašate s nekim drugim tako, ja vas rado pozivam da dođete. Eto to je to. Slušam vas pažljivo, koncentrisano razgovaram s vama, a vi pokušavate da podignete ton i da razgovarate sa mnom bahato. Vi nemate takta, dođite kad god želite da razgovaramo, za nekih 25 do 30 dana, pre toga ne mogu, zauzet sam - rekao je i spustio slušalicu.   Činjenice o Željku Topaloviću Prvak države sa Zvezdom i Budućnošću - Željko Topalović ima 46 godina - Visok je 2,06 metara - Igrao je na poziciji centra - Bio je član generacije Crvene zvezde koja bila prvak 1997/98. - U dresu Budućnosti osvojio je domaće prvenstvo 1998/99. - Danas drži hotel "Zlatarski zlatnik"            </article-text><article-text-transliterated>.  Željko Topalović, čuveni košarkaš šampionskih generacija Crvene zvezde i Budućnosti, tukao je svoju suprugu Mirjanu Topalović, grizao je za nos i hteo da joj iščupa jezik!  Osnovni sud u Prijepolju doneo je presudu da je Topalović kriv za nasilje u porodici, zbog čega je dobio tri meseca zatvora, odnosno uslovnu kaznu od godinu dana. U presudi se detaljno opisuje brutalan napad 7. septembra 2013, kada je njegova i dalje zakonita supruga Mirjana skupila hrabrosti da ga tuži za nasilje u porodici.     - U uračunljivom stanju Željko Topalović je, nakon verbalnog sukoba, uz pretnje i psovke da je kurva i drolja koju će ubiti, napao suprugu. Vukao ju je za kosu, udarao nogom u telo, ugrizao za nos, počeo je da je davi, pljunuo je više puta u predelu lica, a zatim pokušao da joj zavuče ruku u usta kako bi joj iščupao jezik - stoji u presudi donetoj 15. decembra 2014. godine. Mirjana Topalovićfoto: Kurir  Sve ove godine Mirjana je ćutala jer su joj deca bila maloletna. Sada je odlučila da ekskluzivno za Kurir progovori o torturi koju je trpela. - Život uz tako uspešnog sportistu je bio pun odricanja, ali ja sam pristajala na to, bila sam mu podrška u svemu, zapostavila sam svoju karijeru, brinula sam o porodici i deci, živela u njegovoj senci. On je uvek bio nasilan. Prvi put mi je udario šamar pred porođaj s prvom ćerkom, a onda su se fizički nasrtaji nastavljali, ali ja sam ćutala i kajem se što nisam ranije prijavila - priča Mirjana.   Kada se njegova košarkaška karijera posle povrede završila, prodali su stanove u Beogradu i Novom Sadu, preselili su se kod njegovih roditelja u Novu Varoš i rešili da sve što imaju ulože u izgradnju hotela na Zlataru. - Kada je posle deset godina izgradnje hotel počeo da radi, on je poželeo slobodu. Tražio mi je da odem, što sam i uradila. Međutim, 7. septembra 2013. je došao. Krenula je rasprava. Ja sam imala samo jedan uslov - da sve što smo zajedno stekli ostane našoj deci. Na to mi je pokazao srednji prst i počeo da me tuče, maltretira, prebija... On ima više od dva metra, a ja sam u tom trenutku imala 48 kilograma, zbog sekiracije što sam izgubila brata i majku - priča Mirjana. Njih dvoje su u brakorazvodnoj parnici četiri godine, a sude se i za podelu imovine. - On je i dalje veoma uticajan i to koristi da sabotira suđenje, odbija da podeli imovinu. Ja sam se odlučila da govorim javno, da skrenem pažnju na nasilje, da pokažem koliko se odugovlače suđenja i da otkrijem da njegove zlatne medalje imaju i tamnu stranu - naglašava Mirjana.    Željko Topalović Pričaću s vama tek za mesec dana Kada smo pozvali Željka Topalovića, u prvom trenutku je bio srdačan, da bi se, nakon što je saslušao pitanje, veoma iznervirao. Podigao je ton optužujući nas da smo bahati (što apsolutno nije tačno): - Svašta! Nikada se to nije desilo, niti ja to mogu na ovaj način komentarisati. Sve što imate da pitate možete doći kod mene. Ja vas ne razumem uopšte. Možete da se ponašate s nekim drugim tako, ja vas rado pozivam da dođete. Eto to je to. Slušam vas pažljivo, koncentrisano razgovaram s vama, a vi pokušavate da podignete ton i da razgovarate sa mnom bahato. Vi nemate takta, dođite kad god želite da razgovaramo, za nekih 25 do 30 dana, pre toga ne mogu, zauzet sam - rekao je i spustio slušalicu.   Činjenice o Željku Topaloviću Prvak države sa Zvezdom i Budućnošću - Željko Topalović ima 46 godina - Visok je 2,06 metara - Igrao je na poziciji centra - Bio je član generacije Crvene zvezde koja bila prvak 1997/98. - U dresu Budućnosti osvojio je domaće prvenstvo 1998/99. - Danas drži hotel "Zlatarski zlatnik"            </article-text-transliterated><comment-list><comments comment-id="1"><comment-parent-id>empty</comment-parent-id><comment-text>Bruka za ljudski rod! Šta je to dovelo da se neki ljudi poremete do te mere da grize ženu za nos i hoće da joj isčupa jezik, ovaj nije ni za u zatvor, nego za ludačku košulju. I zašto se toliko odugovlače suđenja?</comment-text><comment-text-transliterated>Bruka za ljudski rod! Šta je to dovelo da se neki ljudi poremete do te mere da grize ženu za nos i hoće da joj isčupa jezik, ovaj nije ni za u zatvor, nego za ludačku košulju. I zašto se toliko odugovlače suđenja?</comment-text-transliterated></comments><comments comment-id="1-1"><comment-parent-id>1</comment-parent-id><comment-text>Kao zena se pitam koliko moras da budes zlo da ovako nesto izazoves u muskarcu!</comment-text><comment-text-transliterated>Kao zena se pitam koliko moras da budes zlo da ovako nesto izazoves u muskarcu!</comment-text-transliterated></comments><comments comment-id="2"><comment-parent-id>empty</comment-parent-id><comment-text>Ko ne poznaje Zeljka pomislio bi da je to istina,sa takvom ženom teško je izdržati i 2 dana!Sada lažima hoće da dođje do njegove imovine,a kada je stvarao ona je uvek imala po dvojicu,trojicu.To svi znaju!</comment-text><comment-text-transliterated>Ko ne poznaje Zeljka pomislio bi da je to istina,sa takvom ženom teško je izdržati i 2 dana!Sada lažima hoće da dođje do njegove imovine,a kada je stvarao ona je uvek imala po dvojicu,trojicu.To svi znaju!</comment-text-transliterated></comments><comments comment-id="3"><comment-parent-id>empty</comment-parent-id><comment-text>E drage moje hocete sportiste sa parama. Necete obicne ljude dobre i mirne, nego zestoke momke. Pa eto vam ih. Nikoga ne zalim jer ni mene niko ne zali.</comment-text><comment-text-transliterated>E drage moje hocete sportiste sa parama. Necete obicne ljude dobre i mirne, nego zestoke momke. Pa eto vam ih. Nikoga ne zalim jer ni mene niko ne zali.</comment-text-transliterated></comments><comments comment-id="3-1"><comment-parent-id>3</comment-parent-id><comment-text>Retko lep čovek ...</comment-text><comment-text-transliterated>Retko lep čovek ...</comment-text-transliterated></comments><comments comment-id="4"><comment-parent-id>empty</comment-parent-id><comment-text>Gospođa je očito nadomestila onih 40 kila.</comment-text><comment-text-transliterated>Gospođa je očito nadomestila onih 40 kila.</comment-text-transliterated></comments><comments comment-id="5"><comment-parent-id>empty</comment-parent-id><comment-text>Hmmm,odrekla se svoje karijere a traži sve sto su zajedno stekli???</comment-text><comment-text-transliterated>Hmmm,odrekla se svoje karijere a traži sve sto su zajedno stekli???</comment-text-transliterated></comments><comments comment-id="6"><comment-parent-id>empty</comment-parent-id><comment-text>Pa šta reći,dok se gaje deca treba žena.Kad odrastu nastaju problemi.</comment-text><comment-text-transliterated>Pa šta reći,dok se gaje deca treba žena.Kad odrastu nastaju problemi.</comment-text-transliterated></comments><comments comment-id="7"><comment-parent-id>empty</comment-parent-id><comment-text>Sram ga bilo! Umesto da bude primer omladini, on je lomio zenu, uzas</comment-text><comment-text-transliterated>Sram ga bilo! Umesto da bude primer omladini, on je lomio zenu, uzas</comment-text-transliterated></comments><comments comment-id="8"><comment-parent-id>empty</comment-parent-id><comment-text>Udario pred porođaj? To je bio znak da ga ostaviš i bežiš da se ne okrenes! Nego, čovek pomisli biće bolje...a i materijalna sigurnost ga zavara.</comment-text><comment-text-transliterated>Udario pred porođaj? To je bio znak da ga ostaviš i bežiš da se ne okrenes! Nego, čovek pomisli biće bolje...a i materijalna sigurnost ga zavara.</comment-text-transliterated></comments><comments comment-id="9"><comment-parent-id>empty</comment-parent-id><comment-text>Razveo sam se od zene, njoj i detetu sam ostavio stan, a ja izasao sa 2 kofera i otisao u podstanare. Moje dete je moja svetinja, a ona je majka moga sina. Ne postoji taj interes i novac zbog koga bih narusio psihicki mir mog deteta i prestao da postujem zenu sa kojom sam proveo 15 god. Ovakvi ocevi za mene su bruka za muski rod, o premlacivanju da ne govorim. Sramota!</comment-text><comment-text-transliterated>Razveo sam se od zene, njoj i detetu sam ostavio stan, a ja izasao sa 2 kofera i otisao u podstanare. Moje dete je moja svetinja, a ona je majka moga sina. Ne postoji taj interes i novac zbog koga bih narusio psihicki mir mog deteta i prestao da postujem zenu sa kojom sam proveo 15 god. Ovakvi ocevi za mene su bruka za muski rod, o premlacivanju da ne govorim. Sramota!</comment-text-transliterated></comments><comments comment-id="10"><comment-parent-id>empty</comment-parent-id><comment-text>A sta si ti stvorila? Pricu, zaveru, laz..?</comment-text><comment-text-transliterated>A sta si ti stvorila? Pricu, zaveru, laz..?</comment-text-transliterated></comments><comments comment-id="11"><comment-parent-id>empty</comment-parent-id><comment-text>Šta očekuju te sponzoruše kada se udaju za nekoga zbog novca? Da će njima dati sve što ima i da im se neće obiti o glavu udaja iz pohlepe?</comment-text><comment-text-transliterated>Šta očekuju te sponzoruše kada se udaju za nekoga zbog novca? Da će njima dati sve što ima i da im se neće obiti o glavu udaja iz pohlepe?</comment-text-transliterated></comments><comments comment-id="12"><comment-parent-id>empty</comment-parent-id><comment-text>Nesto ne verujem u njenu pricu. Verovatno zavrnuo covek slavinu, pa sad pokusava na sve nacine da se domogne imovine i novca</comment-text><comment-text-transliterated>Nesto ne verujem u njenu pricu. Verovatno zavrnuo covek slavinu, pa sad pokusava na sve nacine da se domogne imovine i novca</comment-text-transliterated></comments><comments comment-id="12-1"><comment-parent-id>12</comment-parent-id><comment-text>Da li verujete u pravosnažnu presudu suda koji ga je osudio?</comment-text><comment-text-transliterated>Da li verujete u pravosnažnu presudu suda koji ga je osudio?</comment-text-transliterated></comments><comments comment-id="13"><comment-parent-id>empty</comment-parent-id><comment-text>Mora da su prihodi hotela veliki cim si se sada odlucila oglasiti. Ako je istina sto si cutala godinama?! E sada staris daj para, pa imate li trunku dostojanstva, sta sve trpite zbog para. Ostavice on svojoj djeci ti se neboj, nego tebe strah za tebe. Stvarno pojedine nemate ni trunku samopostovanja ni dostojanstva nego zjalite o licnim problemima. Ma rjesavajte ih same!!!!</comment-text><comment-text-transliterated>Mora da su prihodi hotela veliki cim si se sada odlucila oglasiti. Ako je istina sto si cutala godinama?! E sada staris daj para, pa imate li trunku dostojanstva, sta sve trpite zbog para. Ostavice on svojoj djeci ti se neboj, nego tebe strah za tebe. Stvarno pojedine nemate ni trunku samopostovanja ni dostojanstva nego zjalite o licnim problemima. Ma rjesavajte ih same!!!!</comment-text-transliterated></comments><comments comment-id="14"><comment-parent-id>empty</comment-parent-id><comment-text>Treba da podele normalno sve sto su zajedno stekli ,nego sad neka druga da troska..</comment-text><comment-text-transliterated>Treba da podele normalno sve sto su zajedno stekli ,nego sad neka druga da troska..</comment-text-transliterated></comments><comments comment-id="14-1"><comment-parent-id>14</comment-parent-id><comment-text>Njegova sracunatost se vidi i po tome sto je rasprodao sve i otisao u Novu Varoš da sazida taj hotel na Zlataru na svoje ime!</comment-text><comment-text-transliterated>Njegova sracunatost se vidi i po tome sto je rasprodao sve i otisao u Novu Varoš da sazida taj hotel na Zlataru na svoje ime!</comment-text-transliterated></comments><comments comment-id="15"><comment-parent-id>empty</comment-parent-id><comment-text>Zapostavila karijeru??? hehehhe</comment-text><comment-text-transliterated>Zapostavila karijeru??? hehehhe</comment-text-transliterated></comments><comments comment-id="15-1"><comment-parent-id>15</comment-parent-id><comment-text>Nema tu nikakva dva kraja , zajedno su sve stekli i moraju to podijelit a djeci ostavit ili ne ostavit to je njihova odluka</comment-text><comment-text-transliterated>Nema tu nikakva dva kraja , zajedno su sve stekli i moraju to podijelit a djeci ostavit ili ne ostavit to je njihova odluka</comment-text-transliterated></comments><comments comment-id="15-2"><comment-parent-id>15</comment-parent-id><comment-text>Nisu zajedno stekli. Ona je sedela kuci on je pravio pare.</comment-text><comment-text-transliterated>Nisu zajedno stekli. Ona je sedela kuci on je pravio pare.</comment-text-transliterated></comments><comments comment-id="15-3"><comment-parent-id>15</comment-parent-id><comment-text>ona je gajila decu i bavila se domacinstvom, on je zaradjivao pare; svaka zena koja ostavi posao i posveti se iskljucivo kuci pravi ogromnu gresku; jer posle razvoda njoj ostaju deca, serpe i lonci a njemu novac ...</comment-text><comment-text-transliterated>ona je gajila decu i bavila se domacinstvom, on je zaradjivao pare; svaka zena koja ostavi posao i posveti se iskljucivo kuci pravi ogromnu gresku; jer posle razvoda njoj ostaju deca, serpe i lonci a njemu novac ...</comment-text-transliterated></comments><comments comment-id="16"><comment-parent-id>empty</comment-parent-id><comment-text>Osudjujem svako nasilje i za pocinjenjo svsko treba da odgovara. Od nje njihova deca mogu samo naslediti sramotu i stid. Svi sugradjani znaju kako se ponasa. Mnogi je i "bas dobro poznaju". Zeljkova deca dok je on ziv nema za sta da brinu.</comment-text><comment-text-transliterated>Osudjujem svako nasilje i za pocinjenjo svsko treba da odgovara. Od nje njihova deca mogu samo naslediti sramotu i stid. Svi sugradjani znaju kako se ponasa. Mnogi je i "bas dobro poznaju". Zeljkova deca dok je on ziv nema za sta da brinu.</comment-text-transliterated></comments><comments comment-id="16-1"><comment-parent-id>16</comment-parent-id><comment-text>svi nasilnici su u drustvu dobri a u kuci pakao ...</comment-text><comment-text-transliterated>svi nasilnici su u drustvu dobri a u kuci pakao ...</comment-text-transliterated></comments><comments comment-id="16-2"><comment-parent-id>16</comment-parent-id><comment-text>Знамо и то добро!</comment-text><comment-text-transliterated>Znamo i to dobro!</comment-text-transliterated></comments><comments comment-id="17"><comment-parent-id>empty</comment-parent-id><comment-text>Treba da se čuje i druga strana.</comment-text><comment-text-transliterated>Treba da se čuje i druga strana.</comment-text-transliterated></comments><comments comment-id="18"><comment-parent-id>empty</comment-parent-id><comment-text>Svako ko je iz ovog kraja zna pravu istinu! Zeljko je bio dobar dok je vracao dugove brata narkomana, i dok je placao sve sto je zamislila. Kad se povredio i prestao da igra, tada je nastao problem jer je ona htela da pobegne odavde a ne da se vraca. O sklonosti ove zene lazi i prevarama neka niko ne sumnja!</comment-text><comment-text-transliterated>Svako ko je iz ovog kraja zna pravu istinu! Zeljko je bio dobar dok je vracao dugove brata narkomana, i dok je placao sve sto je zamislila. Kad se povredio i prestao da igra, tada je nastao problem jer je ona htela da pobegne odavde a ne da se vraca. O sklonosti ove zene lazi i prevarama neka niko ne sumnja!</comment-text-transliterated></comments></comment-list></article><comments><comment-count>27</comment-count></comments></document>