<document global_id="sr-03-121"><url>https://www.kurir.rs/zabava/tech/3040945/ovo-je-najcuvenija-fotografija-alberta-ajnstajna-slavni-fizicar-je-isplazio-jezik-s-razlogom-a-ono-sto-je-radio-s-tim-slikama-je-genijalno</url><source-id>03</source-id><local-id>121</local-id><source-name>kurir</source-name><article><article-title> OVO JE NAJČUVENIJA FOTOGRAFIJA ALBERTA AJNŠTAJNA</article-title><article-time> 2018-05-01</article-time><article-author>Kurir</article-author><article-text>.  Sigurno ste već videli neobičnu fotografiju slavnog fizičara Alberta Ajnštajna - onu sa isplaženim jezikom. Ovde nije reč o montaži, fotografija je autentična. A kako je nastala ova fotografija?    Prijatelji i kolege Alberta Ajnštajna priredili su proslavu 14. marta 1951. godine u Prinston klubu, povodom njegovog 72. rođendana. Na proslavu su stigli brojni gosti, kao i fotografi medija. Kako je proslava odmicala, Ajštajn je bio prilično izmoren, ali je obavljao dužnost i pozirao fotoreporterima. Na kraju se jedan Ajnštajnov prijatelj ponudio da ga odveze kući sa proslave. I taman kad je ulazio u vozilo jedan je fotoreporter povikao: "Može li još jedna fotografija!" Fotograf Art Sase ispričao je da se Ajnštajn nakon toga okrenuo i isplazio jezik, a on je napravio fotografiju koja je postala poznata. Fotografija se svidela i samom Ajnštajnu, koji je od fotografa naručio čak devet primeraka. Neke od njih iskoristio je za slanje čestitki.   #Albert #Einstein sticking out his #tongue, captured by the photographer #Arthur #Sasse. 1951 pic.twitter.com/0bBTcB6jZ8 — Historystack (@historystack) January 25, 2016    Kurir.rs/Express/Foto Profimedija  </article-text><article-text-transliterated>.  Sigurno ste već videli neobičnu fotografiju slavnog fizičara Alberta Ajnštajna - onu sa isplaženim jezikom. Ovde nije reč o montaži, fotografija je autentična. A kako je nastala ova fotografija?    Prijatelji i kolege Alberta Ajnštajna priredili su proslavu 14. marta 1951. godine u Prinston klubu, povodom njegovog 72. rođendana. Na proslavu su stigli brojni gosti, kao i fotografi medija. Kako je proslava odmicala, Ajštajn je bio prilično izmoren, ali je obavljao dužnost i pozirao fotoreporterima. Na kraju se jedan Ajnštajnov prijatelj ponudio da ga odveze kući sa proslave. I taman kad je ulazio u vozilo jedan je fotoreporter povikao: "Može li još jedna fotografija!" Fotograf Art Sase ispričao je da se Ajnštajn nakon toga okrenuo i isplazio jezik, a on je napravio fotografiju koja je postala poznata. Fotografija se svidela i samom Ajnštajnu, koji je od fotografa naručio čak devet primeraka. Neke od njih iskoristio je za slanje čestitki.   #Albert #Einstein sticking out his #tongue, captured by the photographer #Arthur #Sasse. 1951 pic.twitter.com/0bBTcB6jZ8 — Historystack (@historystack) January 25, 2016    Kurir.rs/Express/Foto Profimedija  </article-text-transliterated><comment-list><comments comment-id="1"><comment-parent-id>empty</comment-parent-id><comment-text>Genije je genije.</comment-text><comment-text-transliterated>Genije je genije.</comment-text-transliterated></comments><comments comment-id="1-1"><comment-parent-id>1</comment-parent-id><comment-text>Imam majicu sa tom slikom</comment-text><comment-text-transliterated>Imam majicu sa tom slikom</comment-text-transliterated></comments></comment-list></article><comments><comment-count>2</comment-count></comments></document>