<document global_id="sr-03-68"><url>https://www.kurir.rs/planeta/3407761/pridnjestrovlje-je-drzava-koja-ni-ne-postoji-ovde-je-vreme-stalo-sve-izgleda-kao-i-pre-30-godina-video</url><source-id>03</source-id><local-id>68</local-id><source-name>kurir</source-name><article><article-title> OVO JE DRŽAVA KOJA NE POSTOJI, A PASOŠ NE VREDI NIŠTA</article-title><article-time> 2020-02-08</article-time><article-author>Kurir</article-author><article-text>Pridnjestrovska Moldavska Republika "ušuškana" je između Moldavije i Ukrajine, a Rusija garantuje njen mir i stabilnost..  Pridnjestrovlje, kako se još zove, nezavisna je, ali nepriznata država na teritoriji Moldavije. Osim nje graniči još samo s Ukrajinom. Njenu samostalnost ne priznaje nijedna članica UN. Štaviše, sve tri zemlje koje s njom imaju zvanične diplomatske odnose su i same nepriznate - Abhazija, Južna Osetija (obe u Gruziji) i Republika Gorski Karabah (Azerbejdžan). Nezavisnost je proglasila 1990., godinu dana pre raspada Sovjetskog Saveza. Prema rezultatima cenzusa iz 2015, tri najbrojnije etničke grupe, Rusi, Moldavci i Ukrajinci, skoro su jednako zastupljene po brojnosti, ali Rusi, ipak, prednjače za jedan odsto (34 odsto).    Glavni grad ove siromašne zemlje, jedne od najsiromašnijih u Evropi, je Tiraspolj, s oko 130.000 stanovnika, dok sama republika ima gotovo pola miliona stanovnika. Nalazi se na oko 70 km od moldavske prestonice Kišinjeva, na istočnoj obali Dnjestra. Gradska arhitektura je toliko u duhu SSSR-a da se čini kao da se Tiraspolj zaglavio u vremenu koje je iščezlo pre 30 i više godina. U centru grada nalazi se Suvorov trg, gde se svake godine održava parada za Dan nezavisnosti, a jedna od znamenitosti je i veliki Lenjinov kip, smešten ispred zgrade parlamenta. Motiv za traženje nezavisnosti bio je rastući nacionalizam u Moldaviji krajem 80-ih godina prošlog veka, dok je kao okidač poslužilo ukidanje ruskog jezika u zvaničnoj upotrebi. U martu 1992. je izbio oružani sukob koji se završio u julu iste godine, a u njemu je poginulo oko hiljadu ljudi. Od tada je ovo područje u miru, a odražava ih finansiranje iz Rusije. Ruski je službeni jezik, a veliki broj stanovništva na Rusiju gleda kao na matičnu zemlju.  Ipak, njihov pasoš je beskoristan jer ga ne priznaje nijedna članica UN. Uprkos ovoj činjenici, stanovništvo nije zarobljeno unutar granica svoje domovine, budući da većina njih ima dvojno ili trojno državljanstvo Rusije, Moldavije ili Ukrajine.  Kurir.rs/Klix.ba Foto: Youtube/юрий ф  </article-text><article-text-transliterated>Pridnjestrovska Moldavska Republika "ušuškana" je između Moldavije i Ukrajine, a Rusija garantuje njen mir i stabilnost..  Pridnjestrovlje, kako se još zove, nezavisna je, ali nepriznata država na teritoriji Moldavije. Osim nje graniči još samo s Ukrajinom. Njenu samostalnost ne priznaje nijedna članica UN. Štaviše, sve tri zemlje koje s njom imaju zvanične diplomatske odnose su i same nepriznate - Abhazija, Južna Osetija (obe u Gruziji) i Republika Gorski Karabah (Azerbejdžan). Nezavisnost je proglasila 1990., godinu dana pre raspada Sovjetskog Saveza. Prema rezultatima cenzusa iz 2015, tri najbrojnije etničke grupe, Rusi, Moldavci i Ukrajinci, skoro su jednako zastupljene po brojnosti, ali Rusi, ipak, prednjače za jedan odsto (34 odsto).    Glavni grad ove siromašne zemlje, jedne od najsiromašnijih u Evropi, je Tiraspolj, s oko 130.000 stanovnika, dok sama republika ima gotovo pola miliona stanovnika. Nalazi se na oko 70 km od moldavske prestonice Kišinjeva, na istočnoj obali Dnjestra. Gradska arhitektura je toliko u duhu SSSR-a da se čini kao da se Tiraspolj zaglavio u vremenu koje je iščezlo pre 30 i više godina. U centru grada nalazi se Suvorov trg, gde se svake godine održava parada za Dan nezavisnosti, a jedna od znamenitosti je i veliki Lenjinov kip, smešten ispred zgrade parlamenta. Motiv za traženje nezavisnosti bio je rastući nacionalizam u Moldaviji krajem 80-ih godina prošlog veka, dok je kao okidač poslužilo ukidanje ruskog jezika u zvaničnoj upotrebi. U martu 1992. je izbio oružani sukob koji se završio u julu iste godine, a u njemu je poginulo oko hiljadu ljudi. Od tada je ovo područje u miru, a odražava ih finansiranje iz Rusije. Ruski je službeni jezik, a veliki broj stanovništva na Rusiju gleda kao na matičnu zemlju.  Ipak, njihov pasoš je beskoristan jer ga ne priznaje nijedna članica UN. Uprkos ovoj činjenici, stanovništvo nije zarobljeno unutar granica svoje domovine, budući da većina njih ima dvojno ili trojno državljanstvo Rusije, Moldavije ili Ukrajine.  Kurir.rs/Klix.ba Foto: Youtube/юriй f  </article-text-transliterated><comment-list><comments comment-id="1"><comment-parent-id>empty</comment-parent-id><comment-text>Podseca na Beograd</comment-text><comment-text-transliterated>Podseca na Beograd</comment-text-transliterated></comments><comments comment-id="2"><comment-parent-id>empty</comment-parent-id><comment-text>Lepa i kulturna zemlja standard je bolji nego u srbiju.rad red i postovanje je glavno nacelo.srecni su sto nemaju zapadnu demokratiju.ko neveruje neka podje na odmor u ovu lepu drzavicu</comment-text><comment-text-transliterated>Lepa i kulturna zemlja standard je bolji nego u srbiju.rad red i postovanje je glavno nacelo.srecni su sto nemaju zapadnu demokratiju.ko neveruje neka podje na odmor u ovu lepu drzavicu</comment-text-transliterated></comments><comments comment-id="3"><comment-parent-id>empty</comment-parent-id><comment-text>Tu je blagostanje</comment-text><comment-text-transliterated>Tu je blagostanje</comment-text-transliterated></comments><comments comment-id="3-1"><comment-parent-id>3</comment-parent-id><comment-text>Докторе, </comment-text><comment-text-transliterated>Doktore, </comment-text-transliterated></comments><comments comment-id="3-2"><comment-parent-id>3</comment-parent-id><comment-text>A ti Sofronije stavi razmak posle tacke. Sta je pogresno rekao doca? Ko nije upoznao implementaciju eu zakona, demokratizaciju i privatizaciju, taj ne zna sta je pakao...</comment-text><comment-text-transliterated>A ti Sofronije stavi razmak posle tacke. Sta je pogresno rekao doca? Ko nije upoznao implementaciju eu zakona, demokratizaciju i privatizaciju, taj ne zna sta je pakao...</comment-text-transliterated></comments><comments comment-id="4"><comment-parent-id>empty</comment-parent-id><comment-text>Prošetao, video grad. Lepo je.</comment-text><comment-text-transliterated>Prošetao, video grad. Lepo je.</comment-text-transliterated></comments><comments comment-id="5"><comment-parent-id>empty</comment-parent-id><comment-text>Ma kao kod nas, samo sto kod nas podseća kao pre 150 godina</comment-text><comment-text-transliterated>Ma kao kod nas, samo sto kod nas podseća kao pre 150 godina</comment-text-transliterated></comments><comments comment-id="6"><comment-parent-id>empty</comment-parent-id><comment-text>Srećni  su  što nisu  pokrenu tranziciju i eurointegracije , rasturili bi ih kao zvečku (Srbiju ) !</comment-text><comment-text-transliterated>Srećni  su  što nisu  pokrenu tranziciju i eurointegracije , rasturili bi ih kao zvečku (Srbiju ) !</comment-text-transliterated></comments><comments comment-id="7"><comment-parent-id>empty</comment-parent-id><comment-text>Pomislih na trenutak da je Srbija.</comment-text><comment-text-transliterated>Pomislih na trenutak da je Srbija.</comment-text-transliterated></comments><comments comment-id="8"><comment-parent-id>empty</comment-parent-id><comment-text>A gde se to vidi socrealistička arhitektura i gde je to vreme "stalo"</comment-text><comment-text-transliterated>A gde se to vidi socrealistička arhitektura i gde je to vreme "stalo"</comment-text-transliterated></comments><comments comment-id="9"><comment-parent-id>empty</comment-parent-id><comment-text>Izgleda ko republika srpska</comment-text><comment-text-transliterated>Izgleda ko republika srpska</comment-text-transliterated></comments><comments comment-id="10"><comment-parent-id>empty</comment-parent-id><comment-text>Kao da opisuju Beograd</comment-text><comment-text-transliterated>Kao da opisuju Beograd</comment-text-transliterated></comments><comments comment-id="11"><comment-parent-id>empty</comment-parent-id><comment-text>Niko nije priznao ni Rep. Tursku na Kipru. Nije ovu, a nece ni Rep. Srpsku. Svet ima svoje kriterijume.</comment-text><comment-text-transliterated>Niko nije priznao ni Rep. Tursku na Kipru. Nije ovu, a nece ni Rep. Srpsku. Svet ima svoje kriterijume.</comment-text-transliterated></comments><comments comment-id="11-1"><comment-parent-id>11</comment-parent-id><comment-text>A tek sto niko nece priznati ni republjik Vojvodinu to je tek standard....</comment-text><comment-text-transliterated>A tek sto niko nece priznati ni republjik Vojvodinu to je tek standard....</comment-text-transliterated></comments><comments comment-id="12"><comment-parent-id>empty</comment-parent-id><comment-text>Od ovih su Martić i Knin trebali da uče</comment-text><comment-text-transliterated>Od ovih su Martić i Knin trebali da uče</comment-text-transliterated></comments></comment-list></article><comments><comment-count>15</comment-count></comments></document>