<document global_id="sr-03-36"><url>https://www.kurir.rs/sport/kosarka/3375569/u-sakramentu-se-prica-srpski-komentatori-utakmice-usred-prenosa-progovorili-nas-jezik-evo-kako-su-se-obratili-srbiji</url><source-id>03</source-id><local-id>36</local-id><source-name>kurir</source-name><article><article-title> U SAKRAMENTU SE PRIČA SRPSKI</article-title><article-time> 2019-12-14</article-time><article-author>Kurir</article-author><article-text>U Sakramentu se govori srpski jezik!.  To nije čudno, jer dres Kingsa nose dvojica naših košarkaških reprezentativaca Bogdan Bogdanović i Nemanja Bjelica, Igor Kokoškov je pomoćni trener, dok su Vlade Divac i Predrag Stojaković visoko pozicionirani u klupskoj operativi. A da su se u Sakramentu potrudili da savladaju srpski jezik, svedoče reči zvaničnih komentatora utakmica Kingsa - Grenta Nejpira i Daga Kristija, koji je svojevremeno u tom klubu bio saigrač Divca i Stojakovića.    "Dobro jutro, dobro jutro... Da li se tako kaže u Srbiji?", upitao je Nejpir Kristija tokom prenosa utakmice Sakramenta sa Njujorkom. Kristi daleko bolje zna naš jezik, pa je kolegi odgovorio: "Dobro je momče".  (Kurir sport)  </article-text><article-text-transliterated>U Sakramentu se govori srpski jezik!.  To nije čudno, jer dres Kingsa nose dvojica naših košarkaških reprezentativaca Bogdan Bogdanović i Nemanja Bjelica, Igor Kokoškov je pomoćni trener, dok su Vlade Divac i Predrag Stojaković visoko pozicionirani u klupskoj operativi. A da su se u Sakramentu potrudili da savladaju srpski jezik, svedoče reči zvaničnih komentatora utakmica Kingsa - Grenta Nejpira i Daga Kristija, koji je svojevremeno u tom klubu bio saigrač Divca i Stojakovića.    "Dobro jutro, dobro jutro... Da li se tako kaže u Srbiji?", upitao je Nejpir Kristija tokom prenosa utakmice Sakramenta sa Njujorkom. Kristi daleko bolje zna naš jezik, pa je kolegi odgovorio: "Dobro je momče".  (Kurir sport)  </article-text-transliterated><comment-list /></article><comments><comment-count>0</comment-count></comments></document>