<document global_id="sr-03-2"><url>https://www.kurir.rs/zabava/zdravlje/2428365/pazljivo-pogledajte-ako-vam-jezik-izgleda-ovako-mozda-cete-dobiti-srcani-udar-ili-rak</url><source-id>03</source-id><local-id>2</local-id><source-name>kurir</source-name><article><article-title> PAŽLJIVO POGLEDAJTE</article-title><article-time> 2016-09-04</article-time><article-author>Kurir</article-author><article-text>Da li ste znali da i jezik može da pretrpi upalu? Kakav vam je jezik, takvo vam je stanje u organizmu!.  Ako primetite da se boja jezika promenila, nemojte to da ignorišete. Iako vi izgledate sasvim dobro i zdravo, to ne mora ništa da znači. Ovaj organ se sastoji od grupe mišića koji nam omogućavaju da osetimo ukus hrane i pića, da gutamo i razgovaramo. Promena boje može da znači da vam nedostaju vitamini, ali i o drugim problemima koji zahtevaju hitnu medicinsku pomoć.    Crn jezik  Kvržice na površini jezika, papile, ponekad mogu da poprime crnu boju zbog nakupljenih bakterija i gljivica. Takođe, površina jezika se može promeniti i zbog neke hrane, pića, duvana... Uzrok tome je često loša higijena usne šupljine. Ovo stanje jezika je bezopasno, ali je ružan prizor. I neki antibiotici i drugi lekovi, kao i sredstva za ispiranje usta mogu biti odgovorni za crn jezik. Može da bude reč o dehidraciji organizma ili ispijanju prevelike količine kafe. Posavetujte se s lekarom ako to potraje više od deset dana. Žut jezik  Kao i sa crnim jezikom, i žuti je rezultat nagomilanih bakterija. Osim toga, papile se mogu upaliti ako su usta previše suva, odnosno ako telu nedostaje vode, ako se diše kroz usta (umesto kroz nos), ako je telesna temperatura povišena, previše duvanskog dima pređe preko jezika... Rešenje je pedantna higijena usne šupljine i stalno konzumiranje vode. Beo jezik  Uzroka je više. Može se raditi o dehidraciji, ali i oralnoj infekciji. To je bolest sluznice usne šupljine nekom gljivicom iz roda Candida koja najčešće napada ljude slabijeg imuniteta. Isto se može pojaviti kod pacijenata koji piju jake antibiotike. Beli jezik može nastati i kod leukoplakije - stanja u kojem dolazi do stvaranja belih mrlja u usnoj šupljini. Radi se o lezijama koje ponekad mogu da predstavljaju početak karcinoma, naglašavaju stručnjaci. Osim promene boje, na jeziku mogu da se pojave i kvržice i bol. Ovo su glavni razlozi: - Dijabetes i anemija, uzrokuje upalu jezika- Pušenje može da iritira jezik i uzrokuje bol- Neke žene osećaju peckanje na jeziku u postmenopauzi- Stres može da uzrokuje nastanak čireva na jeziku- Oralni karcinom je češći kod pušača i alkoholičara. Obratite se lekaru ako kvrga ili bol traje duže od dve nedelje- Pukotine ili male posekotine na površini jezika mogu uzrokovati ​​gljivične infekcije Foto Thinkstock (Kucnilekar)       Autor:Foto: Profimedia    </article-text><article-text-transliterated>Da li ste znali da i jezik može da pretrpi upalu? Kakav vam je jezik, takvo vam je stanje u organizmu!.  Ako primetite da se boja jezika promenila, nemojte to da ignorišete. Iako vi izgledate sasvim dobro i zdravo, to ne mora ništa da znači. Ovaj organ se sastoji od grupe mišića koji nam omogućavaju da osetimo ukus hrane i pića, da gutamo i razgovaramo. Promena boje može da znači da vam nedostaju vitamini, ali i o drugim problemima koji zahtevaju hitnu medicinsku pomoć.    Crn jezik  Kvržice na površini jezika, papile, ponekad mogu da poprime crnu boju zbog nakupljenih bakterija i gljivica. Takođe, površina jezika se može promeniti i zbog neke hrane, pića, duvana... Uzrok tome je često loša higijena usne šupljine. Ovo stanje jezika je bezopasno, ali je ružan prizor. I neki antibiotici i drugi lekovi, kao i sredstva za ispiranje usta mogu biti odgovorni za crn jezik. Može da bude reč o dehidraciji organizma ili ispijanju prevelike količine kafe. Posavetujte se s lekarom ako to potraje više od deset dana. Žut jezik  Kao i sa crnim jezikom, i žuti je rezultat nagomilanih bakterija. Osim toga, papile se mogu upaliti ako su usta previše suva, odnosno ako telu nedostaje vode, ako se diše kroz usta (umesto kroz nos), ako je telesna temperatura povišena, previše duvanskog dima pređe preko jezika... Rešenje je pedantna higijena usne šupljine i stalno konzumiranje vode. Beo jezik  Uzroka je više. Može se raditi o dehidraciji, ali i oralnoj infekciji. To je bolest sluznice usne šupljine nekom gljivicom iz roda Candida koja najčešće napada ljude slabijeg imuniteta. Isto se može pojaviti kod pacijenata koji piju jake antibiotike. Beli jezik može nastati i kod leukoplakije - stanja u kojem dolazi do stvaranja belih mrlja u usnoj šupljini. Radi se o lezijama koje ponekad mogu da predstavljaju početak karcinoma, naglašavaju stručnjaci. Osim promene boje, na jeziku mogu da se pojave i kvržice i bol. Ovo su glavni razlozi: - Dijabetes i anemija, uzrokuje upalu jezika- Pušenje može da iritira jezik i uzrokuje bol- Neke žene osećaju peckanje na jeziku u postmenopauzi- Stres može da uzrokuje nastanak čireva na jeziku- Oralni karcinom je češći kod pušača i alkoholičara. Obratite se lekaru ako kvrga ili bol traje duže od dve nedelje- Pukotine ili male posekotine na površini jezika mogu uzrokovati ​​gljivične infekcije Foto Thinkstock (Kucnilekar)       Autor:Foto: Profimedia    </article-text-transliterated><comment-list><comments comment-id="1"><comment-parent-id>empty</comment-parent-id><comment-text>Savet je da preskočite ovakve tekstove. Može biti, ali ne mora da znači,  panika je garantovana.</comment-text><comment-text-transliterated>Savet je da preskočite ovakve tekstove. Može biti, ali ne mora da znači,  panika je garantovana.</comment-text-transliterated></comments><comments comment-id="1-1"><comment-parent-id>1</comment-parent-id><comment-text>Sto je dobar razlog da se ode kod lekara na kontrolu , prema tome teskt je I vise nego dobar.</comment-text><comment-text-transliterated>Sto je dobar razlog da se ode kod lekara na kontrolu , prema tome teskt je I vise nego dobar.</comment-text-transliterated></comments><comments comment-id="1-2"><comment-parent-id>1</comment-parent-id><comment-text>Da ti gatam, sve da ti bude berićetno. Otprilike za naslov ovakvog teksta.</comment-text><comment-text-transliterated>Da ti gatam, sve da ti bude berićetno. Otprilike za naslov ovakvog teksta.</comment-text-transliterated></comments><comments comment-id="1-3"><comment-parent-id>1</comment-parent-id><comment-text>Sta vas muci? Doktorw, molim vas,recite mi kakv mi je jezik bLlll</comment-text><comment-text-transliterated>Sta vas muci? Doktorw, molim vas,recite mi kakv mi je jezik bLlll</comment-text-transliterated></comments></comment-list></article><comments><comment-count>4</comment-count></comments></document>