<document global_id="sr-03-131"><url>https://www.kurir.rs/planeta/2906755/severna-koreja-odbrusila-americkoj-ambasadorki-ta-politicka-prostitutka-bi-trebalo-da-pripazi-na-jezik</url><source-id>03</source-id><local-id>131</local-id><source-name>kurir</source-name><article><article-title> SEVERNA KOREJA ODBRUSILA AMERIČKOJ AMBASADORKI</article-title><article-time> 2017-09-08</article-time><article-author>Kurir</article-author><article-text>.  Vlasti Severne Koreje su američku ambasadorku u Ujedinjenim nacijama Niki Hejli nazvale "političkom prostitutkom", u reakciji na njenu izjavu da Pjongjang jednostavno "moli za rat". "Američka administracija će morati da plati pravu cenu za njene reči. Niki bi trebalo da pripazi na jezik", prenela je severnokorejska novinska agencija KCNA saopštenje vlasti iz Pjongjanga, prenosi "Foks njuz".     Hejli je pre par dana u Savetu bezbednosti UN-a uputila kritike na račun severnokorejskog lidera Kim DŽong-una. "Što je mnogo mnogo je. Rat nije nešto što SAD žele. Ali strpljenje naše zemlje nije neograničeno", rekla je Hejlijeva, dodajući da UN treba da preduzme "najsnažnije moguće mere", a ne "polumere". Severnokorejski lider "moli za rat", rekla je americka ambasadorka. (Kurir.rs/Tanjug) (Foto: EPA/Reuters)  </article-text><article-text-transliterated>.  Vlasti Severne Koreje su američku ambasadorku u Ujedinjenim nacijama Niki Hejli nazvale "političkom prostitutkom", u reakciji na njenu izjavu da Pjongjang jednostavno "moli za rat". "Američka administracija će morati da plati pravu cenu za njene reči. Niki bi trebalo da pripazi na jezik", prenela je severnokorejska novinska agencija KCNA saopštenje vlasti iz Pjongjanga, prenosi "Foks njuz".     Hejli je pre par dana u Savetu bezbednosti UN-a uputila kritike na račun severnokorejskog lidera Kim DŽong-una. "Što je mnogo mnogo je. Rat nije nešto što SAD žele. Ali strpljenje naše zemlje nije neograničeno", rekla je Hejlijeva, dodajući da UN treba da preduzme "najsnažnije moguće mere", a ne "polumere". Severnokorejski lider "moli za rat", rekla je americka ambasadorka. (Kurir.rs/Tanjug) (Foto: EPA/Reuters)  </article-text-transliterated><comment-list><comments comment-id="1"><comment-parent-id>empty</comment-parent-id><comment-text>Da li tako nesto Srbija sme da izgovori ?</comment-text><comment-text-transliterated>Da li tako nesto Srbija sme da izgovori ?</comment-text-transliterated></comments><comments comment-id="2"><comment-parent-id>empty</comment-parent-id><comment-text>Hm,hmm..." Svaka ti  je ka njegosa" !!!!</comment-text><comment-text-transliterated>Hm,hmm..." Svaka ti  je ka njegosa" !!!!</comment-text-transliterated></comments><comments comment-id="3"><comment-parent-id>empty</comment-parent-id><comment-text>Dobro su joj rekli .</comment-text><comment-text-transliterated>Dobro su joj rekli .</comment-text-transliterated></comments><comments comment-id="4"><comment-parent-id>empty</comment-parent-id><comment-text>Dobro su joj rekli. Ona nastavlja tradiciju laži i konstrukcija neoliberalnog političkog šljama Samante Pauer. Nema razloga da se nadobudnim spodobama ne kaže šta su.</comment-text><comment-text-transliterated>Dobro su joj rekli. Ona nastavlja tradiciju laži i konstrukcija neoliberalnog političkog šljama Samante Pauer. Nema razloga da se nadobudnim spodobama ne kaže šta su.</comment-text-transliterated></comments><comments comment-id="5"><comment-parent-id>empty</comment-parent-id><comment-text>Severnokorejci su OPET rekli istinu za ovu amerikanku..Cak mislim da us bili blagi u oceni..</comment-text><comment-text-transliterated>Severnokorejci su OPET rekli istinu za ovu amerikanku..Cak mislim da us bili blagi u oceni..</comment-text-transliterated></comments><comments comment-id="6"><comment-parent-id>empty</comment-parent-id><comment-text>Pa ovo je stvarno blizu prave istine</comment-text><comment-text-transliterated>Pa ovo je stvarno blizu prave istine</comment-text-transliterated></comments></comment-list></article><comments><comment-count>6</comment-count></comments></document>