<document global_id="sr-03-96"><url>https://www.kurir.rs/planeta/3114457/mesto-na-kome-zene-ne-pricaju-isti-jezik-kao-muskarci-tvrde-da-im-biblija-tako-nalaze-video</url><source-id>03</source-id><local-id>96</local-id><source-name>kurir</source-name><article><article-title> MESTO NA KOME ŽENE NE PRIČAJU ISTI JEZIK KAO MUŠKARCI</article-title><article-time> 2018-09-04</article-time><article-author>Kurir</article-author><article-text>U etničkoj zajednici Ubang, na jugu Nigerije, muškarci i žene govore različitim jezicima. Oni veruju da je ta razlika, jedinstvena u svetu, "božji blagoslov", ali strahuju da neće opstati, jer sve više mladih napušta selo, a engleski jezik postaje sve popularniji..  Oliver Ibhang, starešina u tradicionalnoj odeći jarkih boja poziva svoje dvoje dece kako bi demonstrirao različite jezike. U ruci drži jam, koren koji je ovde osnovna životna namirnica. Zatim pita ćerkicu šta je to.     "To je irui"odgovara ona, bez oklevanja. Na "muškom" jeziku, međutim, biljka se ne zove se tako, već "itong". Takvih primera ima mnogo.   Imagine living in a place where men and women speak (literally) different languages. Well, Ubang ?? is that unique place. The community told us a bit about how - and why - they have separate languages.  — BBC News Africa (@BBCAfrica) August 26, 2018    Antropolog Či Či Undije, koja je proučavala selo i jezik njegovih žitelja, ističe da ima mnogo zajedničkih reči, ali i onih koji se potpuno razlikuju, zavisno od pola. Ona kaže da su razlike veće nego, na primer, između britanske i američke verzije engleskog jezika, ali da muškarci i žene savršeno razumeju jedni druge, kao i svuda na svetu. Razlog je delimično u tome zato što dečaci govore "ženski" jezik tokom odrastanja, jer najveći deo detinjstva provode s majkama i drugim ženama, objašnjava starešina Ibang. Međutim, kada napune deset godina, od njih se očekuje da su naučili "jezik muškaraca".  Postoje različite teorije o tome kako su nastale razlike u jezicima, ali većina žitelja objašnjenje nalazi u Starom zavetu. "Bog je stvorio Adama i Eva i oni su bili iz naroda Ubang - kaže starešina. Bog je navodno nameravao da svaka etnička zajednica ima dva jezika, ali nakon što je stvorio dva jezika za Ubange, shvatio je da nema dovoljno jezika za sve. - Tako je prestao. Zbog toga je naša zajednica u prednosti u odnosu na ostale narode u svetu." Či Či Undije ima drugačije, antropološko, objašnjenje: "Ovo je kultura dva pola. Muškarci i žene deluju u dve odvojene sfere. Kao da su u dva različita sveta, koji se ponekad približe jedan drugom, a to odražava i jezik" kaže ona. Kurir.rs/ BBC Foto: Profimedia  </article-text><article-text-transliterated>U etničkoj zajednici Ubang, na jugu Nigerije, muškarci i žene govore različitim jezicima. Oni veruju da je ta razlika, jedinstvena u svetu, "božji blagoslov", ali strahuju da neće opstati, jer sve više mladih napušta selo, a engleski jezik postaje sve popularniji..  Oliver Ibhang, starešina u tradicionalnoj odeći jarkih boja poziva svoje dvoje dece kako bi demonstrirao različite jezike. U ruci drži jam, koren koji je ovde osnovna životna namirnica. Zatim pita ćerkicu šta je to.     "To je irui"odgovara ona, bez oklevanja. Na "muškom" jeziku, međutim, biljka se ne zove se tako, već "itong". Takvih primera ima mnogo.   Imagine living in a place where men and women speak (literally) different languages. Well, Ubang ?? is that unique place. The community told us a bit about how - and why - they have separate languages.  — BBC News Africa (@BBCAfrica) August 26, 2018    Antropolog Či Či Undije, koja je proučavala selo i jezik njegovih žitelja, ističe da ima mnogo zajedničkih reči, ali i onih koji se potpuno razlikuju, zavisno od pola. Ona kaže da su razlike veće nego, na primer, između britanske i američke verzije engleskog jezika, ali da muškarci i žene savršeno razumeju jedni druge, kao i svuda na svetu. Razlog je delimično u tome zato što dečaci govore "ženski" jezik tokom odrastanja, jer najveći deo detinjstva provode s majkama i drugim ženama, objašnjava starešina Ibang. Međutim, kada napune deset godina, od njih se očekuje da su naučili "jezik muškaraca".  Postoje različite teorije o tome kako su nastale razlike u jezicima, ali većina žitelja objašnjenje nalazi u Starom zavetu. "Bog je stvorio Adama i Eva i oni su bili iz naroda Ubang - kaže starešina. Bog je navodno nameravao da svaka etnička zajednica ima dva jezika, ali nakon što je stvorio dva jezika za Ubange, shvatio je da nema dovoljno jezika za sve. - Tako je prestao. Zbog toga je naša zajednica u prednosti u odnosu na ostale narode u svetu." Či Či Undije ima drugačije, antropološko, objašnjenje: "Ovo je kultura dva pola. Muškarci i žene deluju u dve odvojene sfere. Kao da su u dva različita sveta, koji se ponekad približe jedan drugom, a to odražava i jezik" kaže ona. Kurir.rs/ BBC Foto: Profimedia  </article-text-transliterated><comment-list><comments comment-id="1"><comment-parent-id>empty</comment-parent-id><comment-text>Jako čudno.I naporno.Čuj,govore dva jezika u istoj kući!U nekim porodicama ne mogu se sporazumjeti govoreći samo jedan jezik!</comment-text><comment-text-transliterated>Jako čudno.I naporno.Čuj,govore dva jezika u istoj kući!U nekim porodicama ne mogu se sporazumjeti govoreći samo jedan jezik!</comment-text-transliterated></comments></comment-list></article><comments><comment-count>1</comment-count></comments></document>