<document global_id="sr-03-36"><url>https://www.kurir.rs/zabava/pop-kultura/1929227/ovako-nas-je-ucio-mudri-nikolaja-velimirovic-skolovan-je-onaj-ko-je-uspeo-da-ocisti-jezik-od-gadnih-reci</url><source-id>03</source-id><local-id>36</local-id><source-name>kurir</source-name><article><article-title> OVAKO NAS JE UČIO NIKOLAJ VELIMIROVIĆ</article-title><article-time> 2015-09-12</article-time><article-author>Kurir</article-author><article-text>Mrzi na zlo, no ne mrzi na čoveka koji čini zlo, jer je bolesnik. Ako možeš leči bolesnika, no ne ubijaj ga mržnjom svojom, smatrao je vladika.  Vladika Nikolaj Velimirović (1881-1956) je jedna od najupečatljivijih ličnosti srpske pravoslavne duhovnosti. Školovao se u Švajcarskoj i Engleskoj gde je i doktorirao. Neki ga smatraju najnedogmatskijim srpskim teologom. Knjige, pastirska pisma, propovedi i velika javna angažovanost učinili su ga veoma popularnim, a zbog njegovog velikog ugleda i uticaja Nemci su ga po okupaciji Srbije uhapsili i na kraju internirali u konc-logor Dahau. Nakon rata je otišao u SAD gde je i umro.  Ovo su neke njegove misli uzete iz knjige "O Bogu i o ljudima" koja predstavlja izbor izvoda iz njegovih govora, članaka i knjiga:    - Ako putnici znaju, recimo, koliko je kamenova u kaldrmi puta i koliko je zrna peska pod kaldrmom, i ako znaju imena sveg drveća i svih travki što rastu pokraj puta - šta im pomaže sve to znanje, ako ne znaju gde je put počeo, i gde će se završiti, i odakle su pošli i kuda idu?- Posvednevno ljudi žive i opšte više verom nego ičim drugim. U gostionici čovek ruča s verom da u jelu nije otrov, spava u postelji s verom da pod jastukom nisu škorpije, prima na pijaci banknotu s verom da nije lažna, kupuje u dućanu šibicu s verom da nije vlažna, iznajmljuje kočiju s verom da će ga kočijaš odvesti tamo gde treba, putuje železnicom s verom da je vozovođa normalan čovek, koji ne misli na samoubistvo. Težak seje žito s verom da će seme nići. Čobanin goni stado na pašu s verom da mu trava nije preko noći usahla. Žena žuri s krčagom na izvor s verom da iz njega voda još teče. Škola počiva na veri učenika i učitelja. Država počiva na veri građanina u građanina i u vlast. Brak postoji na veri, u dobronamernost obe strane. Prijateljstvo postoji na veri u iskrenost obe strane. - Vera čovekova nije drugo nego otvaranje vrata duše i dopuštenje Bogu da uđe? - Moja vera u Boga ne smeta mi da usvojim svu pravu nauku od alfe do omege? Najbolja nauka stoji u savršenoj harmoniji sa najboljom verom. A najbolji se nikad ne prepiru: najbolji se razumeju i ljube. Niski ili nejednaki se prepiru i glože i uživaju u prepiranju i gloženju. No prepiranje i gloženje psevdovere i psevdonauke pokoleba mnoge proste duše u veri. - Obrazovan je onaj koji ima obraza. - Školovan je onaj čovek koji je uspeo da očisti jezik od gadnih reči i svoje srce od smradnih želja i svoj um od bezbožnih misli. Ko nije ovo uspeo tome školovanje pomaže samo da jednom naučenom veštinom zarađuje sebi za hleb kao što školovan (na svoj način) medved zarađuje svojom veštinom igranja. - Bogatstvo je dobro kad se može u dobro delo obratiti. Bogatstvo je zlo kad, mesto da da slobodu čoveku stavi svoga sopstvenika u službu. - Zavidi li ko gubavome? Ne zavidi. Zašto onda poneko zavidi zlome, kad je zlo veća bolest od gube? Guba je bolest tela a zlo je bolest duše. - Mrzi na zlo, no ne mrzi na čoveka koji čini zlo, jer je bolesnik. Ako možeš leči bolesnika, no ne ubijaj ga mržnjom svojom. - Istina je šira, viša i dublja od vasione. Zato se istina ne može znati - ona se može otkriti duhovnom čoveku, kao što se dan ne može znati, no može se otkriti otvorenom oku. - Reći za jednu veru ili jednu filozofiju da sadrži svu istinu isto je što i reći da sve druge vere i filozofije sadrže sve zablude. Od ove brutalnosti retko je kad slobodna velika masa ljudi. A zadobiti ovu slobodu znači učiniti jedan divovski korak ka veličini, ka božanstvu. - Najveće istine lakše ćeš dokazati ljudima životom no rečima. Zato i ne počinji govoriti o njima prvo jezikom jer ćeš ih dovesti u sumnju. - Ko duhovno misli, taj dolazi do saznanja da nije svet prostraniji od čoveka, no obratno, da je čovek prostraniji od sveta. Neka vasiona uveća sebe i umnoži sebe još milion puta, moja duša preleće sve njene granice i svu je obuhvati kao ispolinska ruka malu loptu. - Smatraj svaki dan kao jedan ceo, otpočet i završen život. Odživi ga kao celinu a ne kao deo. Nek se svaki tvoj dan odroni od tebe kao ceo jedan čovek s kojim ćeš želeti da se opet sastaneš kao s prijateljem i da ga bez stida pokažeš vasioni. (duhovnaizgradnja.com)       Autor:Foto: Profimedia    </article-text><article-text-transliterated>Mrzi na zlo, no ne mrzi na čoveka koji čini zlo, jer je bolesnik. Ako možeš leči bolesnika, no ne ubijaj ga mržnjom svojom, smatrao je vladika.  Vladika Nikolaj Velimirović (1881-1956) je jedna od najupečatljivijih ličnosti srpske pravoslavne duhovnosti. Školovao se u Švajcarskoj i Engleskoj gde je i doktorirao. Neki ga smatraju najnedogmatskijim srpskim teologom. Knjige, pastirska pisma, propovedi i velika javna angažovanost učinili su ga veoma popularnim, a zbog njegovog velikog ugleda i uticaja Nemci su ga po okupaciji Srbije uhapsili i na kraju internirali u konc-logor Dahau. Nakon rata je otišao u SAD gde je i umro.  Ovo su neke njegove misli uzete iz knjige "O Bogu i o ljudima" koja predstavlja izbor izvoda iz njegovih govora, članaka i knjiga:    - Ako putnici znaju, recimo, koliko je kamenova u kaldrmi puta i koliko je zrna peska pod kaldrmom, i ako znaju imena sveg drveća i svih travki što rastu pokraj puta - šta im pomaže sve to znanje, ako ne znaju gde je put počeo, i gde će se završiti, i odakle su pošli i kuda idu?- Posvednevno ljudi žive i opšte više verom nego ičim drugim. U gostionici čovek ruča s verom da u jelu nije otrov, spava u postelji s verom da pod jastukom nisu škorpije, prima na pijaci banknotu s verom da nije lažna, kupuje u dućanu šibicu s verom da nije vlažna, iznajmljuje kočiju s verom da će ga kočijaš odvesti tamo gde treba, putuje železnicom s verom da je vozovođa normalan čovek, koji ne misli na samoubistvo. Težak seje žito s verom da će seme nići. Čobanin goni stado na pašu s verom da mu trava nije preko noći usahla. Žena žuri s krčagom na izvor s verom da iz njega voda još teče. Škola počiva na veri učenika i učitelja. Država počiva na veri građanina u građanina i u vlast. Brak postoji na veri, u dobronamernost obe strane. Prijateljstvo postoji na veri u iskrenost obe strane. - Vera čovekova nije drugo nego otvaranje vrata duše i dopuštenje Bogu da uđe? - Moja vera u Boga ne smeta mi da usvojim svu pravu nauku od alfe do omege? Najbolja nauka stoji u savršenoj harmoniji sa najboljom verom. A najbolji se nikad ne prepiru: najbolji se razumeju i ljube. Niski ili nejednaki se prepiru i glože i uživaju u prepiranju i gloženju. No prepiranje i gloženje psevdovere i psevdonauke pokoleba mnoge proste duše u veri. - Obrazovan je onaj koji ima obraza. - Školovan je onaj čovek koji je uspeo da očisti jezik od gadnih reči i svoje srce od smradnih želja i svoj um od bezbožnih misli. Ko nije ovo uspeo tome školovanje pomaže samo da jednom naučenom veštinom zarađuje sebi za hleb kao što školovan (na svoj način) medved zarađuje svojom veštinom igranja. - Bogatstvo je dobro kad se može u dobro delo obratiti. Bogatstvo je zlo kad, mesto da da slobodu čoveku stavi svoga sopstvenika u službu. - Zavidi li ko gubavome? Ne zavidi. Zašto onda poneko zavidi zlome, kad je zlo veća bolest od gube? Guba je bolest tela a zlo je bolest duše. - Mrzi na zlo, no ne mrzi na čoveka koji čini zlo, jer je bolesnik. Ako možeš leči bolesnika, no ne ubijaj ga mržnjom svojom. - Istina je šira, viša i dublja od vasione. Zato se istina ne može znati - ona se može otkriti duhovnom čoveku, kao što se dan ne može znati, no može se otkriti otvorenom oku. - Reći za jednu veru ili jednu filozofiju da sadrži svu istinu isto je što i reći da sve druge vere i filozofije sadrže sve zablude. Od ove brutalnosti retko je kad slobodna velika masa ljudi. A zadobiti ovu slobodu znači učiniti jedan divovski korak ka veličini, ka božanstvu. - Najveće istine lakše ćeš dokazati ljudima životom no rečima. Zato i ne počinji govoriti o njima prvo jezikom jer ćeš ih dovesti u sumnju. - Ko duhovno misli, taj dolazi do saznanja da nije svet prostraniji od čoveka, no obratno, da je čovek prostraniji od sveta. Neka vasiona uveća sebe i umnoži sebe još milion puta, moja duša preleće sve njene granice i svu je obuhvati kao ispolinska ruka malu loptu. - Smatraj svaki dan kao jedan ceo, otpočet i završen život. Odživi ga kao celinu a ne kao deo. Nek se svaki tvoj dan odroni od tebe kao ceo jedan čovek s kojim ćeš želeti da se opet sastaneš kao s prijateljem i da ga bez stida pokažeš vasioni. (duhovnaizgradnja.com)       Autor:Foto: Profimedia    </article-text-transliterated><comment-list><comments comment-id="1"><comment-parent-id>empty</comment-parent-id><comment-text>Dusa moja draga .Tvoje reci su</comment-text><comment-text-transliterated>Dusa moja draga .Tvoje reci su</comment-text-transliterated></comments><comments comment-id="2"><comment-parent-id>empty</comment-parent-id><comment-text>Je li ovo onaj što je hvalio Hitlera da je od Rastka Nemanjića učio nacionalni socijalizam, za što je dobio gvozdeni krst od Hitlera lično?</comment-text><comment-text-transliterated>Je li ovo onaj što je hvalio Hitlera da je od Rastka Nemanjića učio nacionalni socijalizam, za što je dobio gvozdeni krst od Hitlera lično?</comment-text-transliterated></comments></comment-list></article><comments><comment-count>2</comment-count></comments></document>