<document global_id="sr-03-20"><url>https://www.kurir.rs/planeta/2514835/svima-je-govorila-da-joj-je-zivot-bajka-a-onda-je-decko-toliko-prebio-da-joj-je-iscupao-i-jezik</url><source-id>03</source-id><local-id>20</local-id><source-name>kurir</source-name><article><article-title> SVIMA JE GOVORILA DA JOJ JE ŽIVOT BAJKA</article-title><article-time> 2016-10-28</article-time><article-author>Kurir</article-author><article-text>Karli Heger imala je sve. Upoznala je svog "princa na belom konju" i redovno je na društvene mreže postavlja njihove zajedničke slike. Svi su videli koliko su srećni..   Ne propustite...    (UZNEMIRUJUĆE) DEČKO JE UNAKAZIO JER NIJE HTELA DA SPAVA S NJIM: Udario je 50 puta po licu      PRETUKAO JE LJUBOMORNI DEČKO: Dobila oštećenje kičme, izbijene zube i slepa je na jedno oko!    Ili su makar tako mislili.    Karli nije nikome govorila da je Rajan Kameron nasilan sve dok nije završila u bolnici. Doktori su morali da joj zašiju jezik natrag u usta jer ju je Rajan toliko krvnički tukao da joj je čupao jezik i odgrizao deo uha. Zapušio joj je nos kako ne bi mogla da diše dok se davila u krvi. Spasli su je prijatelji koje je Rajan namerno ostavio ispred kuće i zaključao vrata. Uspeli su da provale unutra i spreče da je ne ubije. Istakla je da se bio nasilan u prošlosti, ali da je smatrala da bi njen odlazak samo pogoršao stvari. Nasilnik Rajan Kameron, Foto: Youtube/Printscreen "Pokušala sam više puta da raskinem, a on bi čak pretio da će ubiti mog psa. Bila me je sramota od porodice jer sam započela život s ovim čovekom", rekla je. Sve srećne slike na Fejsbuku su bile samo iluzija. (UZNEMIRUJUĆE) DEČKO JE UNAKAZIO JER NIJE HTELA DA SPAVA S NJIM: Udario je 50 puta po licu "Nemojte nikada (nasilnicima) da im kažete da ste ništa i kako nemate gde da odete. Uzeće vam sve i govoriće kako ne možete ništa da učinite. Budite sa prijateljima i radite bilo šta drugo", rekla je Karli koja se uspešno oporavlja, a sa razlogom je podelila svoju priču jer želi da skrene pažnju i na druge koji su u sličnom problemu.  (Metro)       Autor:Foto: Printscreen YouTube    </article-text><article-text-transliterated>Karli Heger imala je sve. Upoznala je svog "princa na belom konju" i redovno je na društvene mreže postavlja njihove zajedničke slike. Svi su videli koliko su srećni..   Ne propustite...    (UZNEMIRUJUĆE) DEČKO JE UNAKAZIO JER NIJE HTELA DA SPAVA S NJIM: Udario je 50 puta po licu      PRETUKAO JE LJUBOMORNI DEČKO: Dobila oštećenje kičme, izbijene zube i slepa je na jedno oko!    Ili su makar tako mislili.    Karli nije nikome govorila da je Rajan Kameron nasilan sve dok nije završila u bolnici. Doktori su morali da joj zašiju jezik natrag u usta jer ju je Rajan toliko krvnički tukao da joj je čupao jezik i odgrizao deo uha. Zapušio joj je nos kako ne bi mogla da diše dok se davila u krvi. Spasli su je prijatelji koje je Rajan namerno ostavio ispred kuće i zaključao vrata. Uspeli su da provale unutra i spreče da je ne ubije. Istakla je da se bio nasilan u prošlosti, ali da je smatrala da bi njen odlazak samo pogoršao stvari. Nasilnik Rajan Kameron, Foto: Youtube/Printscreen "Pokušala sam više puta da raskinem, a on bi čak pretio da će ubiti mog psa. Bila me je sramota od porodice jer sam započela život s ovim čovekom", rekla je. Sve srećne slike na Fejsbuku su bile samo iluzija. (UZNEMIRUJUĆE) DEČKO JE UNAKAZIO JER NIJE HTELA DA SPAVA S NJIM: Udario je 50 puta po licu "Nemojte nikada (nasilnicima) da im kažete da ste ništa i kako nemate gde da odete. Uzeće vam sve i govoriće kako ne možete ništa da učinite. Budite sa prijateljima i radite bilo šta drugo", rekla je Karli koja se uspešno oporavlja, a sa razlogom je podelila svoju priču jer želi da skrene pažnju i na druge koji su u sličnom problemu.  (Metro)       Autor:Foto: Printscreen YouTube    </article-text-transliterated><comment-list><comments comment-id="1"><comment-parent-id>empty</comment-parent-id><comment-text>Брале овај принце на белом коњу изгледа ко медвед :(</comment-text><comment-text-transliterated>Brale ovaj prince na belom konju izgleda ko medved :(</comment-text-transliterated></comments><comments comment-id="1-1"><comment-parent-id>1</comment-parent-id><comment-text>Nasla međeda na belom konju...</comment-text><comment-text-transliterated>Nasla međeda na belom konju...</comment-text-transliterated></comments><comments comment-id="1-2"><comment-parent-id>1</comment-parent-id><comment-text>Na crnom konju!</comment-text><comment-text-transliterated>Na crnom konju!</comment-text-transliterated></comments><comments comment-id="2"><comment-parent-id>empty</comment-parent-id><comment-text>Ovome ne bih dala ni dvije ovce na slici da cuva ! vidi se da je sirovina neotesana, turbo seljak</comment-text><comment-text-transliterated>Ovome ne bih dala ni dvije ovce na slici da cuva ! vidi se da je sirovina neotesana, turbo seljak</comment-text-transliterated></comments><comments comment-id="3"><comment-parent-id>empty</comment-parent-id><comment-text>Sta god da je pogresila ovo je previse! Ali da nije smela da prijavi jer je rekao da ce joj ubiti psa? Nisu oni oboje u vinklu!</comment-text><comment-text-transliterated>Sta god da je pogresila ovo je previse! Ali da nije smela da prijavi jer je rekao da ce joj ubiti psa? Nisu oni oboje u vinklu!</comment-text-transliterated></comments><comments comment-id="4"><comment-parent-id>empty</comment-parent-id><comment-text>Nije mi jasan pravosudni sistem, uopste, u svim zemljama?  Nasilnici koji ovako pretuku (po meni, ovo je pokusaj ubistva) svoju zenu, devojku, majku, sestru... dobijaju tako male kazne!? Vidi se da zakone pisu muskarci. I to oni koji nemaju, ili imaju vrlo malo, postovanja prema zenama.</comment-text><comment-text-transliterated>Nije mi jasan pravosudni sistem, uopste, u svim zemljama?  Nasilnici koji ovako pretuku (po meni, ovo je pokusaj ubistva) svoju zenu, devojku, majku, sestru... dobijaju tako male kazne!? Vidi se da zakone pisu muskarci. I to oni koji nemaju, ili imaju vrlo malo, postovanja prema zenama.</comment-text-transliterated></comments><comments comment-id="5"><comment-parent-id>empty</comment-parent-id><comment-text>Ljudi ovo je jedan od najboljih rucnih radova estetske hirurgije bez upotrebe silikona, voleo bih ako moze i moju zenu da prolepsa?Dame ako vas jos uvek ima? Ocekujem vasu podrsku!!!</comment-text><comment-text-transliterated>Ljudi ovo je jedan od najboljih rucnih radova estetske hirurgije bez upotrebe silikona, voleo bih ako moze i moju zenu da prolepsa?Dame ako vas jos uvek ima? Ocekujem vasu podrsku!!!</comment-text-transliterated></comments></comment-list></article><comments><comment-count>7</comment-count></comments></document>