<document global_id="sr-03-4"><url>https://www.kurir.rs/vesti/politika/2775331/americki-ambasador-osudio-pretnju-dauta-haradinaja-srbima-u-evropi-nema-mesta-za-tako-opasan-jezik</url><source-id>03</source-id><local-id>4</local-id><source-name>kurir</source-name><article><article-title> AMERIČKI AMBASADOR OSUDIO PRETNJU DAUTA HARADINAJA SRBIMA</article-title><article-time> 2017-04-08</article-time><article-author>Kurir</article-author><article-text>PRIŠTINA - Američki ambasador u Prištini Greg Delavi danas je kritikovao izjavu Dauta Haradinaja, brata Ramuša Haradinaja, koji je zapretio ratom i etničkim čišćenjem Srba na Kosovu ukoliko njegov brat bude izručen iz Francuske u Srbiju..   Ne propustite...    KOSOVSKI SRBI STRAHUJU POKLAĆE NAS BRAĆA KRVNICI: Svet hitno da reaguje na monstruozne pretnje      MARKO ĐURIĆ OSUDIO PRETNJE HARADINAJEVOG BRATA: Kome zakon u topuzu leži...      STRAŠNJA PRETNJA HARADINAJEVOG BRATA: Ako Ramuš bude izručen Srbiji, na Kosovu neće biti Srba    Delavi je na Tviteru napisao da "na dan kada slavimo ustav Kosova, jedan političar preti etničkim čišćenjem", dodajući da u Evropi nema mesta za tako opasan jezik.    Poslanik Alijanse za budućnost Kosova, Daut Haradinaj na televiziji Dukađini zapretio je juče ratom i etničkim čišćenjem Srba na Kosovu ukoliko njegov brat Ramuš bude izručen iz Francuske u Srbiju, koja ga tereti za ratne zločine. Kako navodi portal Kos sev.info, pozivajući se na prištinske medije, Haradinajev brat je rekao da, ukoliko međunarodna zajednica želi Kosovo bez srpske zajednice, onda neka ga izruče.    Pogledajte bonus video:EVO KO SU UBIJENI SVEDOCI ZLOČINA OVK               </article-text><article-text-transliterated>PRIŠTINA - Američki ambasador u Prištini Greg Delavi danas je kritikovao izjavu Dauta Haradinaja, brata Ramuša Haradinaja, koji je zapretio ratom i etničkim čišćenjem Srba na Kosovu ukoliko njegov brat bude izručen iz Francuske u Srbiju..   Ne propustite...    KOSOVSKI SRBI STRAHUJU POKLAĆE NAS BRAĆA KRVNICI: Svet hitno da reaguje na monstruozne pretnje      MARKO ĐURIĆ OSUDIO PRETNJE HARADINAJEVOG BRATA: Kome zakon u topuzu leži...      STRAŠNJA PRETNJA HARADINAJEVOG BRATA: Ako Ramuš bude izručen Srbiji, na Kosovu neće biti Srba    Delavi je na Tviteru napisao da "na dan kada slavimo ustav Kosova, jedan političar preti etničkim čišćenjem", dodajući da u Evropi nema mesta za tako opasan jezik.    Poslanik Alijanse za budućnost Kosova, Daut Haradinaj na televiziji Dukađini zapretio je juče ratom i etničkim čišćenjem Srba na Kosovu ukoliko njegov brat Ramuš bude izručen iz Francuske u Srbiju, koja ga tereti za ratne zločine. Kako navodi portal Kos sev.info, pozivajući se na prištinske medije, Haradinajev brat je rekao da, ukoliko međunarodna zajednica želi Kosovo bez srpske zajednice, onda neka ga izruče.    Pogledajte bonus video:EVO KO SU UBIJENI SVEDOCI ZLOČINA OVK               </article-text-transliterated><comment-list /></article><comments><comment-count>0</comment-count></comments></document>