<document global_id="sr-03-124"><url>https://www.kurir.rs/planeta/2953259/pricaj-da-te-ceo-svet-razume-evo-koliko-vam-vremena-treba-da-naucite-svaki-jezik-na-planeti</url><source-id>03</source-id><local-id>124</local-id><source-name>kurir</source-name><article><article-title> PRIČAJ DA TE CEO SVET RAZUME</article-title><article-time> 2017-12-06</article-time><article-author>Kurir</article-author><article-text>Voleli biste da naučite neki strani jezik, ali niste sigurni koliko bi vam vremena oduzela ta aktivnost dok ne dostignete neki pristojan nivo? Potražite odgovor na ovoj mapi..  Pojedini jezici iz grupe romanskih i germanskih jezika, poput francuskog, italijanskog, španskog, švedskog i norveškog, svakako su najlakši za učenje. Za njih će vam biti potrebne 23-24 nedelje učenja, odnosno 575-600 sati.  Nemački, jedini jezik u drugoj kategoriji, nešto je teži (30 nedelja ili 700 sati učenja), dok u treću kategoriju spadaju indonežanski, malezijski i svahili (36 nedelja ili 900 sati učenja).  Srpski jezik, kao i jezici naših suseda, ubrajaju se u četvrtu grupu, za koju je potrebno oko 44 nedelje, odnosno 1100 sati učenja. U istoj grupi nalaze turski, ruski i grčki jezik.  Ukoliko planirate da učite japanski, kineski, korejski ili arapski jezik, spremite se za 2 godine napornog rada ili 2200 sati, jer oni, kao najteži, spadaju u V kategorija    I kategorija (23-24 nedelje ili 575-600 sati) - Afrikans - Danski - Holandski - Francuski - Italijanski - Norveški - Portugalski - Rumunski - Španski - Švedski II kategorija (30 nedelja ili 750 sati) - Nemački III kategorija (36 nedelja ili 900 sati) - Indonežanski - Malezijski - Svahili  IV kategorija (44 nedelje ili 1100 sati) - Albanski - Bengalski - Bosanski - Bugarski - Češki - Estonski - Finski - Gruzijski - Grčki - Hebrejski - Hindi - Hrvatski - Islandski - Jermenski - Kmerski - Letonski - Litvanski - Mađarski - Makedonski - Mongolski - Nepalski - Persijski - Poljski - Ruski - Srpski - Slovački - Slovenski - Tagalog - Tajlandski - Turski - Ukrajinski - Urdu - Uzbekistanski - Vijetnamski - Zulu  V kategorija (88 nedelja ili 2200 sati) - Japanski - Kineski - Korejski - Arapski (Kurir.rs/boredpanda.com) (Foto: Profimedia)  </article-text><article-text-transliterated>Voleli biste da naučite neki strani jezik, ali niste sigurni koliko bi vam vremena oduzela ta aktivnost dok ne dostignete neki pristojan nivo? Potražite odgovor na ovoj mapi..  Pojedini jezici iz grupe romanskih i germanskih jezika, poput francuskog, italijanskog, španskog, švedskog i norveškog, svakako su najlakši za učenje. Za njih će vam biti potrebne 23-24 nedelje učenja, odnosno 575-600 sati.  Nemački, jedini jezik u drugoj kategoriji, nešto je teži (30 nedelja ili 700 sati učenja), dok u treću kategoriju spadaju indonežanski, malezijski i svahili (36 nedelja ili 900 sati učenja).  Srpski jezik, kao i jezici naših suseda, ubrajaju se u četvrtu grupu, za koju je potrebno oko 44 nedelje, odnosno 1100 sati učenja. U istoj grupi nalaze turski, ruski i grčki jezik.  Ukoliko planirate da učite japanski, kineski, korejski ili arapski jezik, spremite se za 2 godine napornog rada ili 2200 sati, jer oni, kao najteži, spadaju u V kategorija    I kategorija (23-24 nedelje ili 575-600 sati) - Afrikans - Danski - Holandski - Francuski - Italijanski - Norveški - Portugalski - Rumunski - Španski - Švedski II kategorija (30 nedelja ili 750 sati) - Nemački III kategorija (36 nedelja ili 900 sati) - Indonežanski - Malezijski - Svahili  IV kategorija (44 nedelje ili 1100 sati) - Albanski - Bengalski - Bosanski - Bugarski - Češki - Estonski - Finski - Gruzijski - Grčki - Hebrejski - Hindi - Hrvatski - Islandski - Jermenski - Kmerski - Letonski - Litvanski - Mađarski - Makedonski - Mongolski - Nepalski - Persijski - Poljski - Ruski - Srpski - Slovački - Slovenski - Tagalog - Tajlandski - Turski - Ukrajinski - Urdu - Uzbekistanski - Vijetnamski - Zulu  V kategorija (88 nedelja ili 2200 sati) - Japanski - Kineski - Korejski - Arapski (Kurir.rs/boredpanda.com) (Foto: Profimedia)  </article-text-transliterated><comment-list><comments comment-id="1"><comment-parent-id>empty</comment-parent-id><comment-text>Bosanski jezik! Koji je to jezik?</comment-text><comment-text-transliterated>Bosanski jezik! Koji je to jezik?</comment-text-transliterated></comments></comment-list></article><comments><comment-count>1</comment-count></comments></document>