<document global_id="sr-03-7"><url>https://www.kurir.rs/vesti/politika/2372363/dacic-naredio-svojima-jezik-za-zube-i-ne-dirajte-vucica</url><source-id>03</source-id><local-id>7</local-id><source-name>kurir</source-name><article><article-title> DAČIĆ NAREDIO SVOJIMA</article-title><article-time> 2016-07-27</article-time><article-author>Kurir</article-author><article-text>Lider socijalista funkcionerima stranke strogo zabranio bilo kakve provokacije na račun SNS, a hvalio se i da lider naprednjaka ima poverenja u njega..   Ne propustite...    SNS UDARA PO SPS Stefanović: Vučiću, pazi se Ivice u vladi!      DAČIĆ POSLE SASTANKA SA VUČIĆEM: Rano je reći da li će mi se želje ostvariti, a imam ih tri      DAČIĆ: Još nema razgovora sa Vučićem o vladi    Lider SPS Ivica Dačić ne krije da iz sve snage želi da uđe u novu vladu, a rešio je i da konačno disciplinuje svoje najbliže saradnike kako mu ne bi pokvarili šanse da i dalje bude ministar, saznaje Kurir.Šef socijalista je na nedavnom sastanku vrha stranke naredio da drže jezik za zubima i da ne provociraju SNS, ali se i pohvalio da je SPS jedini izlaz Aleksandru Vučiću za formiranje vlade, te da je povratio njegovo poverenje.Kako tvrdi odlično obavešten izvor Kurira, najuže rukovodstvo SPS sastalo se u sedištu stranke u ponedeljak, češljane su mnoge teme, ali je Dačić najviše vremena potrošio da saradnike ubedi da drže usta zatvorena kada je reč o SNS i Vučiću.Da paze šta pričaju- Dačić je rekao svojima da bi trebalo da vode računa o tome šta pričaju u medijima o funkcionerima SNS, da mere svaku reči kako ne bi provocirali Vučića, što bi dovelo do toga da ih ne uzme u vladu. Pohvalio se i da je, kako sada stvari stoje, SPS jedini izlaz Vučiću za formiranje vlade, ali i dodao da budu obazrivi i kada o tome pričaju u medijima - kaže naš izvor.Sem deljenja lekcija, Dačić je otkrio detalj iz odnosa između njega i lider SNS.- Rekao je i da misli da Vučić može više da mu veruje nego ranije, da je poraslo Vučićevo poverenje u njega, a da je to, između ostalog, i zbog izjava o Turskoj i Hrvatskoj - kaže sagovornik Kurira.Koliko lider SPS pazi da ni na koji način ne bude prst u oku Vučiću uoči formiranja vlade, svedoči i slučaj postavljenja Novice Tončeva za potpredsednika SPS.- Slavica Đukić Dejanović je nedavno preuzela mesto zamenika predsednika SPS, pa je u tom svojstvu na sastanku pitala Dačića da li će konačno ispuniti reč koju je dao i postaviti Novicu Tončeva za potpredsednika zbog najboljeg rezultata na vanrednim parlamentarnim izborima. Umesto da jasno kaže da ili ne, Dačić je izvrdao konkretan odgovor, pa se šalio na tu temu. Rekao je Novici da pričeka jer mu je tek skoro obećao. Imajući u vidu da je za haos sa trubačima na konvenciji SPS okrivljen Novica, ali i da je do sada bez dlake na jeziku govorio šta misli o saradnji SPS i SNS, jasno je zašto Dačić okleva da ga uvrsti u vrh stranke - zaključuje naš sagovornik.Dačić, međutim, negira za Kurir da je izdao takav nalog najbližim saradnicima.- To su gluposti. Nema potrebe da bilo kome to govorim zato što smo to odlučili još pre dva meseca, i što bih to pričao. Sa SNS i Vučićem odnosi su dobri, a da li ćemo biti u vladi, zavisi od premijera. Suludo je da bilo ko kaže da Vučić zavisi od nas - poručuje Dačić.    Povedite računaDačić je i pre dva dana „ukorio“ novinare i zamolio ih da ne pišu o njemu i da će biti član vlade jer će mu to doneti više štete nego koristi. Poznato je da je već nekoliko puta kritikovao svoje članstvo zbog izjava o SNS, ali i da je dao instrukcije da se povede računa šta se na društvenim mrežama piše o naprednjacima da ne bi podizali prašinu u javnosti i davali povoda za rat između socijalista i naprednjaka. U štampanom izdanju KURIRA pročitajte još: HOT PAPARACO: Tamara, talas te po guzi šamara! KALKULISANJE: SNS bez Vučića gubi predsedničke izbore! HIT: Profesor FPN se slikao kao starleta PROZVANI PROFESOR LJUT: Ako sam ja pedofil, nek mi stavi povodac i šeta kao psa SRBI ODBIJAJU POLISE ZBOG SUJEVERJA: Nisam lud da potpišem sebi smrtnu presudu! SAD MU SVAKO MOŽE SVAŠTA: Mitar Mirić prebijen u Hrvatskoj!       Autor:Danijela Luković    </article-text><article-text-transliterated>Lider socijalista funkcionerima stranke strogo zabranio bilo kakve provokacije na račun SNS, a hvalio se i da lider naprednjaka ima poverenja u njega..   Ne propustite...    SNS UDARA PO SPS Stefanović: Vučiću, pazi se Ivice u vladi!      DAČIĆ POSLE SASTANKA SA VUČIĆEM: Rano je reći da li će mi se želje ostvariti, a imam ih tri      DAČIĆ: Još nema razgovora sa Vučićem o vladi    Lider SPS Ivica Dačić ne krije da iz sve snage želi da uđe u novu vladu, a rešio je i da konačno disciplinuje svoje najbliže saradnike kako mu ne bi pokvarili šanse da i dalje bude ministar, saznaje Kurir.Šef socijalista je na nedavnom sastanku vrha stranke naredio da drže jezik za zubima i da ne provociraju SNS, ali se i pohvalio da je SPS jedini izlaz Aleksandru Vučiću za formiranje vlade, te da je povratio njegovo poverenje.Kako tvrdi odlično obavešten izvor Kurira, najuže rukovodstvo SPS sastalo se u sedištu stranke u ponedeljak, češljane su mnoge teme, ali je Dačić najviše vremena potrošio da saradnike ubedi da drže usta zatvorena kada je reč o SNS i Vučiću.Da paze šta pričaju- Dačić je rekao svojima da bi trebalo da vode računa o tome šta pričaju u medijima o funkcionerima SNS, da mere svaku reči kako ne bi provocirali Vučića, što bi dovelo do toga da ih ne uzme u vladu. Pohvalio se i da je, kako sada stvari stoje, SPS jedini izlaz Vučiću za formiranje vlade, ali i dodao da budu obazrivi i kada o tome pričaju u medijima - kaže naš izvor.Sem deljenja lekcija, Dačić je otkrio detalj iz odnosa između njega i lider SNS.- Rekao je i da misli da Vučić može više da mu veruje nego ranije, da je poraslo Vučićevo poverenje u njega, a da je to, između ostalog, i zbog izjava o Turskoj i Hrvatskoj - kaže sagovornik Kurira.Koliko lider SPS pazi da ni na koji način ne bude prst u oku Vučiću uoči formiranja vlade, svedoči i slučaj postavljenja Novice Tončeva za potpredsednika SPS.- Slavica Đukić Dejanović je nedavno preuzela mesto zamenika predsednika SPS, pa je u tom svojstvu na sastanku pitala Dačića da li će konačno ispuniti reč koju je dao i postaviti Novicu Tončeva za potpredsednika zbog najboljeg rezultata na vanrednim parlamentarnim izborima. Umesto da jasno kaže da ili ne, Dačić je izvrdao konkretan odgovor, pa se šalio na tu temu. Rekao je Novici da pričeka jer mu je tek skoro obećao. Imajući u vidu da je za haos sa trubačima na konvenciji SPS okrivljen Novica, ali i da je do sada bez dlake na jeziku govorio šta misli o saradnji SPS i SNS, jasno je zašto Dačić okleva da ga uvrsti u vrh stranke - zaključuje naš sagovornik.Dačić, međutim, negira za Kurir da je izdao takav nalog najbližim saradnicima.- To su gluposti. Nema potrebe da bilo kome to govorim zato što smo to odlučili još pre dva meseca, i što bih to pričao. Sa SNS i Vučićem odnosi su dobri, a da li ćemo biti u vladi, zavisi od premijera. Suludo je da bilo ko kaže da Vučić zavisi od nas - poručuje Dačić.    Povedite računaDačić je i pre dva dana „ukorio“ novinare i zamolio ih da ne pišu o njemu i da će biti član vlade jer će mu to doneti više štete nego koristi. Poznato je da je već nekoliko puta kritikovao svoje članstvo zbog izjava o SNS, ali i da je dao instrukcije da se povede računa šta se na društvenim mrežama piše o naprednjacima da ne bi podizali prašinu u javnosti i davali povoda za rat između socijalista i naprednjaka. U štampanom izdanju KURIRA pročitajte još: HOT PAPARACO: Tamara, talas te po guzi šamara! KALKULISANJE: SNS bez Vučića gubi predsedničke izbore! HIT: Profesor FPN se slikao kao starleta PROZVANI PROFESOR LJUT: Ako sam ja pedofil, nek mi stavi povodac i šeta kao psa SRBI ODBIJAJU POLISE ZBOG SUJEVERJA: Nisam lud da potpišem sebi smrtnu presudu! SAD MU SVAKO MOŽE SVAŠTA: Mitar Mirić prebijen u Hrvatskoj!       Autor:Danijela Luković    </article-text-transliterated><comment-list><comments comment-id="1"><comment-parent-id>empty</comment-parent-id><comment-text>Sve za mirno koferce.</comment-text><comment-text-transliterated>Sve za mirno koferce.</comment-text-transliterated></comments><comments comment-id="2"><comment-parent-id>empty</comment-parent-id><comment-text>Izgleda da je Dacicu bas stalo do fotelje u Vladi. Strasno. Mnogo prevrtljiv covek kome ne treba da se veruje.</comment-text><comment-text-transliterated>Izgleda da je Dacicu bas stalo do fotelje u Vladi. Strasno. Mnogo prevrtljiv covek kome ne treba da se veruje.</comment-text-transliterated></comments><comments comment-id="2-1"><comment-parent-id>2</comment-parent-id><comment-text>Neka si rekao !</comment-text><comment-text-transliterated>Neka si rekao !</comment-text-transliterated></comments><comments comment-id="3"><comment-parent-id>empty</comment-parent-id><comment-text>Trebalo je to davno da uradi, boljim se da je zakasnio!</comment-text><comment-text-transliterated>Trebalo je to davno da uradi, boljim se da je zakasnio!</comment-text-transliterated></comments><comments comment-id="3-1"><comment-parent-id>3</comment-parent-id><comment-text>A sto se ti bojis ?</comment-text><comment-text-transliterated>A sto se ti bojis ?</comment-text-transliterated></comments><comments comment-id="3-2"><comment-parent-id>3</comment-parent-id><comment-text>Nemate vi  iz opozicije cega da se bojite !</comment-text><comment-text-transliterated>Nemate vi  iz opozicije cega da se bojite !</comment-text-transliterated></comments><comments comment-id="4"><comment-parent-id>empty</comment-parent-id><comment-text>Bravo Dacicu !</comment-text><comment-text-transliterated>Bravo Dacicu !</comment-text-transliterated></comments><comments comment-id="5"><comment-parent-id>empty</comment-parent-id><comment-text>Dacic je stari lisac, sve ce uraditi za fotelju.</comment-text><comment-text-transliterated>Dacic je stari lisac, sve ce uraditi za fotelju.</comment-text-transliterated></comments><comments comment-id="6"><comment-parent-id>empty</comment-parent-id><comment-text>Socijalistima je najvaznija fotelja i udeo u vlasti.</comment-text><comment-text-transliterated>Socijalistima je najvaznija fotelja i udeo u vlasti.</comment-text-transliterated></comments><comments comment-id="7"><comment-parent-id>empty</comment-parent-id><comment-text>Izgleda se dozvao pameti da im je najbolje da ćute !</comment-text><comment-text-transliterated>Izgleda se dozvao pameti da im je najbolje da ćute !</comment-text-transliterated></comments><comments comment-id="8"><comment-parent-id>empty</comment-parent-id><comment-text>Bar dok ne udjemo u vladu....(novu)..</comment-text><comment-text-transliterated>Bar dok ne udjemo u vladu....(novu)..</comment-text-transliterated></comments><comments comment-id="9"><comment-parent-id>empty</comment-parent-id><comment-text>Dzabe im Dacic preti,nece ga poslusati.</comment-text><comment-text-transliterated>Dzabe im Dacic preti,nece ga poslusati.</comment-text-transliterated></comments><comments comment-id="9-1"><comment-parent-id>9</comment-parent-id><comment-text>Nema tu ocu -necu !</comment-text><comment-text-transliterated>Nema tu ocu -necu !</comment-text-transliterated></comments><comments comment-id="10"><comment-parent-id>empty</comment-parent-id><comment-text>Dačić je to  trebao odavno da uradi.</comment-text><comment-text-transliterated>Dačić je to  trebao odavno da uradi.</comment-text-transliterated></comments><comments comment-id="10-1"><comment-parent-id>10</comment-parent-id><comment-text>Nije kasno , vlada jos uvek nije formirana ! Sad se vidi ko NIJE dobro</comment-text><comment-text-transliterated>Nije kasno , vlada jos uvek nije formirana ! Sad se vidi ko NIJE dobro</comment-text-transliterated></comments><comments comment-id="11"><comment-parent-id>empty</comment-parent-id><comment-text>Moze on da ucutkava koliko hoce, ne pomaze mu. Znamo mi sta je bilo na mitingu ispred Kombank arene i sta su skandirali. Dzaba im sad da cute.</comment-text><comment-text-transliterated>Moze on da ucutkava koliko hoce, ne pomaze mu. Znamo mi sta je bilo na mitingu ispred Kombank arene i sta su skandirali. Dzaba im sad da cute.</comment-text-transliterated></comments><comments comment-id="12"><comment-parent-id>empty</comment-parent-id><comment-text>Sve, sve, sve samo da uđu u vladu.</comment-text><comment-text-transliterated>Sve, sve, sve samo da uđu u vladu.</comment-text-transliterated></comments><comments comment-id="13"><comment-parent-id>empty</comment-parent-id><comment-text>To mu je jedna od najpametnijih stvari, koju je uradio u zadnje vreme.</comment-text><comment-text-transliterated>To mu je jedna od najpametnijih stvari, koju je uradio u zadnje vreme.</comment-text-transliterated></comments><comments comment-id="14"><comment-parent-id>empty</comment-parent-id><comment-text>Sve za fotelju .</comment-text><comment-text-transliterated>Sve za fotelju .</comment-text-transliterated></comments><comments comment-id="14-1"><comment-parent-id>14</comment-parent-id><comment-text>Sve za Srbiju !!!</comment-text><comment-text-transliterated>Sve za Srbiju !!!</comment-text-transliterated></comments><comments comment-id="15"><comment-parent-id>empty</comment-parent-id><comment-text>Lično Dačića ne bih volela da vidim kao deo vlade Srbije,SPS i on su obični trgovci koji se ponašaju kratkoročno vođeni dnevno političkim ličnim interesom.</comment-text><comment-text-transliterated>Lično Dačića ne bih volela da vidim kao deo vlade Srbije,SPS i on su obični trgovci koji se ponašaju kratkoročno vođeni dnevno političkim ličnim interesom.</comment-text-transliterated></comments><comments comment-id="16"><comment-parent-id>empty</comment-parent-id><comment-text>Pa sto da diraju coveka kad nemaju zasto! Da li ce biti u vladi i sps to vucic najbolje zna, ako su imali kvalitet i dobro se pokazali nece im to osporiti u suprotnom....</comment-text><comment-text-transliterated>Pa sto da diraju coveka kad nemaju zasto! Da li ce biti u vladi i sps to vucic najbolje zna, ako su imali kvalitet i dobro se pokazali nece im to osporiti u suprotnom....</comment-text-transliterated></comments><comments comment-id="17"><comment-parent-id>empty</comment-parent-id><comment-text>Mora Dacic da se ulizuje ne bi li sacuvao svoje mesto, zato njegovi socijalisti moraju da ga slusaju.</comment-text><comment-text-transliterated>Mora Dacic da se ulizuje ne bi li sacuvao svoje mesto, zato njegovi socijalisti moraju da ga slusaju.</comment-text-transliterated></comments><comments comment-id="17-1"><comment-parent-id>17</comment-parent-id><comment-text>Da se ZNA , ko kosi a ko vodu nosi !</comment-text><comment-text-transliterated>Da se ZNA , ko kosi a ko vodu nosi !</comment-text-transliterated></comments><comments comment-id="18"><comment-parent-id>empty</comment-parent-id><comment-text>Šta je tu neobično, Dačić je siguran da će SPS biti deo vladajuće koalicije i da ulazi u Vladu.</comment-text><comment-text-transliterated>Šta je tu neobično, Dačić je siguran da će SPS biti deo vladajuće koalicije i da ulazi u Vladu.</comment-text-transliterated></comments><comments comment-id="19"><comment-parent-id>empty</comment-parent-id><comment-text>Hahaha neko se uplasio...e moj Dacicu</comment-text><comment-text-transliterated>Hahaha neko se uplasio...e moj Dacicu</comment-text-transliterated></comments><comments comment-id="19-1"><comment-parent-id>19</comment-parent-id><comment-text>Svako treba da pocisti ispred svojih vrata ! Napred Dacicu !</comment-text><comment-text-transliterated>Svako treba da pocisti ispred svojih vrata ! Napred Dacicu !</comment-text-transliterated></comments><comments comment-id="20"><comment-parent-id>empty</comment-parent-id><comment-text>Dačić glumi supermena a dobro zna da ne može niko nizašta da dira Vučića jer on besprekorno radi svoj posao.</comment-text><comment-text-transliterated>Dačić glumi supermena a dobro zna da ne može niko nizašta da dira Vučića jer on besprekorno radi svoj posao.</comment-text-transliterated></comments><comments comment-id="21"><comment-parent-id>empty</comment-parent-id><comment-text>Čuti samo da se dokopamo vlasti</comment-text><comment-text-transliterated>Čuti samo da se dokopamo vlasti</comment-text-transliterated></comments><comments comment-id="22"><comment-parent-id>empty</comment-parent-id><comment-text>Svakako da SS kao deo vladajuće većine mora biti na strani  Vučića , lidera te većine.</comment-text><comment-text-transliterated>Svakako da SS kao deo vladajuće većine mora biti na strani  Vučića , lidera te većine.</comment-text-transliterated></comments><comments comment-id="23"><comment-parent-id>empty</comment-parent-id><comment-text>Dacic pokusava da vadi fleke.</comment-text><comment-text-transliterated>Dacic pokusava da vadi fleke.</comment-text-transliterated></comments><comments comment-id="24"><comment-parent-id>empty</comment-parent-id><comment-text>Ko ga ne zna skupo bi ga platio</comment-text><comment-text-transliterated>Ko ga ne zna skupo bi ga platio</comment-text-transliterated></comments><comments comment-id="25"><comment-parent-id>empty</comment-parent-id><comment-text>Vucic nije zasluzio bezobrazno ponasanje pojedinih clanova SPS, ali je pitanje koliko Dacic moze da utice na njih !</comment-text><comment-text-transliterated>Vucic nije zasluzio bezobrazno ponasanje pojedinih clanova SPS, ali je pitanje koliko Dacic moze da utice na njih !</comment-text-transliterated></comments><comments comment-id="26"><comment-parent-id>empty</comment-parent-id><comment-text>Ta naredba vazi otprilike dok se ne dobiju resori</comment-text><comment-text-transliterated>Ta naredba vazi otprilike dok se ne dobiju resori</comment-text-transliterated></comments><comments comment-id="26-1"><comment-parent-id>26</comment-parent-id><comment-text>Bas tako...hahaha</comment-text><comment-text-transliterated>Bas tako...hahaha</comment-text-transliterated></comments><comments comment-id="27"><comment-parent-id>empty</comment-parent-id><comment-text>Meni ovo liči na ulizivanje...</comment-text><comment-text-transliterated>Meni ovo liči na ulizivanje...</comment-text-transliterated></comments><comments comment-id="28"><comment-parent-id>empty</comment-parent-id><comment-text>Naravno da je naredio,kad hoce u Vladu,to mu je zivotni san.</comment-text><comment-text-transliterated>Naravno da je naredio,kad hoce u Vladu,to mu je zivotni san.</comment-text-transliterated></comments><comments comment-id="29"><comment-parent-id>empty</comment-parent-id><comment-text>Smesno je uopste i komentarisati vladajucu stranku, meni je uvek bilo apsurdno komentarisati ljude koji su na celu drzave, to je kao da komentarises oca u cijoj kuci zivis.</comment-text><comment-text-transliterated>Smesno je uopste i komentarisati vladajucu stranku, meni je uvek bilo apsurdno komentarisati ljude koji su na celu drzave, to je kao da komentarises oca u cijoj kuci zivis.</comment-text-transliterated></comments><comments comment-id="29-1"><comment-parent-id>29</comment-parent-id><comment-text>Alal vera na komentaru !!!!</comment-text><comment-text-transliterated>Alal vera na komentaru !!!!</comment-text-transliterated></comments><comments comment-id="30"><comment-parent-id>empty</comment-parent-id><comment-text>Vidim poslednji mesec dana Ružić i Tončev ne čuju se živi.Ipak se stranačka disciplona poštuje,iako će teško proći bez sankcija zbog ranijih izjava.</comment-text><comment-text-transliterated>Vidim poslednji mesec dana Ružić i Tončev ne čuju se živi.Ipak se stranačka disciplona poštuje,iako će teško proći bez sankcija zbog ranijih izjava.</comment-text-transliterated></comments><comments comment-id="31"><comment-parent-id>empty</comment-parent-id><comment-text>Sasvim logicno i normalno od strane Dacica ako zeli da ucestvuje u vladi, ako nista drugo onda barem za razliku od mnogih drugih, svestan je koga narod podrzava i kome je narod dao glas da vodi Srbiju.</comment-text><comment-text-transliterated>Sasvim logicno i normalno od strane Dacica ako zeli da ucestvuje u vladi, ako nista drugo onda barem za razliku od mnogih drugih, svestan je koga narod podrzava i kome je narod dao glas da vodi Srbiju.</comment-text-transliterated></comments><comments comment-id="32"><comment-parent-id>empty</comment-parent-id><comment-text>Svako ima pravo da iznese svoje misljenje, Vucic i sam podstice to. Stvar je samo koliko cete biti realni. Ako vec neko govori protiv Vucica trebalo bi i da ima argumente.</comment-text><comment-text-transliterated>Svako ima pravo da iznese svoje misljenje, Vucic i sam podstice to. Stvar je samo koliko cete biti realni. Ako vec neko govori protiv Vucica trebalo bi i da ima argumente.</comment-text-transliterated></comments><comments comment-id="33"><comment-parent-id>empty</comment-parent-id><comment-text>Gospodine Dačiću , bojim se da to sada nije kasno.</comment-text><comment-text-transliterated>Gospodine Dačiću , bojim se da to sada nije kasno.</comment-text-transliterated></comments><comments comment-id="34"><comment-parent-id>empty</comment-parent-id><comment-text>Hahahah,bravo Dacicu.</comment-text><comment-text-transliterated>Hahahah,bravo Dacicu.</comment-text-transliterated></comments><comments comment-id="35"><comment-parent-id>empty</comment-parent-id><comment-text>Dačić je svestan da su mu svojim ponašanjem ugrozili ministarsku fotelju i da sad ne sme da dozvoli da mu pomrse konce.</comment-text><comment-text-transliterated>Dačić je svestan da su mu svojim ponašanjem ugrozili ministarsku fotelju i da sad ne sme da dozvoli da mu pomrse konce.</comment-text-transliterated></comments><comments comment-id="36"><comment-parent-id>empty</comment-parent-id><comment-text>Dve decenije su zajedno i treba da nastave !</comment-text><comment-text-transliterated>Dve decenije su zajedno i treba da nastave !</comment-text-transliterated></comments><comments comment-id="36-1"><comment-parent-id>36</comment-parent-id><comment-text>Tebe pamcenje slabo sluzi , seti se ko je iz DS_a  Dacica vratio u politicki zivot</comment-text><comment-text-transliterated>Tebe pamcenje slabo sluzi , seti se ko je iz DS_a  Dacica vratio u politicki zivot</comment-text-transliterated></comments><comments comment-id="37"><comment-parent-id>empty</comment-parent-id><comment-text>Dacic ce pokusati sve i svasta, ne bi li i dalje bio u Vladi, ali zna se ko ce dati poslednju rec!</comment-text><comment-text-transliterated>Dacic ce pokusati sve i svasta, ne bi li i dalje bio u Vladi, ali zna se ko ce dati poslednju rec!</comment-text-transliterated></comments><comments comment-id="38"><comment-parent-id>empty</comment-parent-id><comment-text>Mislim da je krajnje vreme da sto se tice SPS-a da imaju samo korektno ponasanje prema Aleksandru Vucic. A to da li ce biti u vladi i SPS to  samo zna Aleksandar Vucic, ako su imali kvalitet i dobro se pokazali nece im to osporiti u suprotnom.</comment-text><comment-text-transliterated>Mislim da je krajnje vreme da sto se tice SPS-a da imaju samo korektno ponasanje prema Aleksandru Vucic. A to da li ce biti u vladi i SPS to  samo zna Aleksandar Vucic, ako su imali kvalitet i dobro se pokazali nece im to osporiti u suprotnom.</comment-text-transliterated></comments><comments comment-id="39"><comment-parent-id>empty</comment-parent-id><comment-text>Pa i najbolje je da socijalisti budu deo  vlade i da Dačić bude na istoj funkciji. Hteli priznati ili ne on je  dobar političar a i nema ko bi ga zamenio.</comment-text><comment-text-transliterated>Pa i najbolje je da socijalisti budu deo  vlade i da Dačić bude na istoj funkciji. Hteli priznati ili ne on je  dobar političar a i nema ko bi ga zamenio.</comment-text-transliterated></comments></comment-list></article><comments><comment-count>50</comment-count></comments></document>