<document global_id="sr-03-71"><url>https://www.kurir.rs/sport/fudbal/3176285/murinjo-vec-dobio-konkretnu-ponudu-nude-mu-posao-ali-mora-da-nauci-makedonski-jezik</url><source-id>03</source-id><local-id>71</local-id><source-name>kurir</source-name><article><article-title> MURINJO VEĆ DOBIO KONKRETNU PONUDU</article-title><article-time> 2018-12-20</article-time><article-author>Kurir</article-author><article-text>Žoze Murinjo je ostao bez posla, a mnogi širom sveta se preko društvenih mreža šale na račun portugalskog stručnjaka..  Mančester junajted je u utorak otpustio Murinja i od tada su krenule spekulacije gde će poznati trener nastaviti karijeru. Za sada je dobio jednu konkretnu ponudu, od makedonskog trećeligaša Osogova.    "Žoze Murinjo, dođi kod nas! Nemaš šta da izgubiš, naravno, mi smo šampioni, a kod nas ćeš bar da naučiš makedonski jezik", stoji u poruci Osogova na društvenim mrežama. Naravno, u pitanju je samo jedna u nizu šala...  </article-text><article-text-transliterated>Žoze Murinjo je ostao bez posla, a mnogi širom sveta se preko društvenih mreža šale na račun portugalskog stručnjaka..  Mančester junajted je u utorak otpustio Murinja i od tada su krenule spekulacije gde će poznati trener nastaviti karijeru. Za sada je dobio jednu konkretnu ponudu, od makedonskog trećeligaša Osogova.    "Žoze Murinjo, dođi kod nas! Nemaš šta da izgubiš, naravno, mi smo šampioni, a kod nas ćeš bar da naučiš makedonski jezik", stoji u poruci Osogova na društvenim mrežama. Naravno, u pitanju je samo jedna u nizu šala...  </article-text-transliterated><comment-list /></article><comments><comment-count>0</comment-count></comments></document>