<document global_id="sr-03-156"><url>https://www.kurir.rs/vesti/drustvo/2586555/njenu-knjigu-citaju-krisom-ispod-klupe-srpski-hrvatski-kako-zvati-jezik-zajednicki-u-4-drzave-sfrj</url><source-id>03</source-id><local-id>156</local-id><source-name>kurir</source-name><article><article-title> NJENU KNJIGU ČITAJU KRIŠOM ISPOD KLUPE Srpski? Hrvatski? Kako zvati jezik zajednički u 4 države SFRJ,</article-title><article-time> 2016-12-13</article-time><article-author>Kurir</article-author><article-text>SARAJEVO - Snježana Kordić, lingvista i autor knjige Jezik i nacionalizam kaže da je, dok se lingvisti ne usaglase oko imena zajedničkog jezika u četiri države bivše SFRJ, rešenje da se predmet maternjeg jezika zove "Nastavni jezik" u nižim razredima i "Jezik i književnost" u višim razredima..  "Ovo je oprobano rešenje u svetu kada je u nekim sredinama vladala velika netrpeljivost prema drugom narodu, pa se to odrazilo i na imenovanje zajedničkog jezika. Tada se predmet materinskog jezika u školama nazvao jednostavno 'Nastavni jezik', npr. u Austriji u doba netrpeljivosti prema Nemcima nakon Drugo svetskog rata", rekla je ona. Istakla je da je posle sedam godina netrpeljivost splasnula i postalo je ponovo moguće izgovoriti ime drugog naroda u nazivu svog jezika."Uvođenje prelaznog rešenja po uzoru na Austriju svakako bi bilo od pomoći i za poboljšavanje kvaliteta sadržaja udžbenika", smatra Kordićeva.    Jedan ili 4 jezika Inače, njena poslednja knjiga "Jezik i nacionalizam" izazvala je veliku pažnu javnosti, a Kordićeva u njoj iznosi činjenično stanje o jeziku u BiH, Srbiji, Crnoj Gori i Hrvatskoj. Ona kaže da studenti tu knjigu čitaju krišom, ispod klupe da profesori ne vide. Jer domaći lingvisti, objašnjava, su iskonstruirali zajedno jednu priču usklađenu s nacionalističkim željama koju studenti moraju naučiti napamet, a uvidom u ovu knjigu sve bi se srušilo kao kula od karata. Foto: Youtube printscreen "Napisala je nisam u jednom dahu, nego sam u nju uložila deset godina intenzivnog rada da bi na kraju svaki detalj bio poduprt dokazom. Ciljano se rekonstruirao narativ koji su studenti prisiljeni upijati prilikom studija", kaže Kordićeva. U intervjuu za Prometej, Kordićeva kaže da je u školama već duže vreme stanje takvo da se usađuje nacionalizam kroz nastavu jezika, književnosti, istorije i veronauke. "Prećutkuje se kad je o jeziku reč da Bošnjaci, Hrvati, Srbi i Crnogorci imaju zajednički standardni jezik policentričnog tipa kakav je i nemački, kojim govore Austrijanci, Nemci i većina Švajcaraca. Engleski je takav jezik i arapski i španski i brojni drugi. Svaki od njih se govori u više naroda i država, i pritom postoje razlike unutar jezika između naroda i država pa se prepoznaje odakle dolazi govornik, kao što i mi prepoznajemo da li govornik dolazi iz Srbije, BiH, Hrvatske ili Crne Gore", kaže ona. "Onaj ko zahteva čistoću jezika, taj širi nacionalizam" Dodaje, međutim, da uprkos prepoznavanju zbog jezičnih razlika, to je jedan jezik jer govornici glatko razgovaraju i nisu im potrebni prevodioci da bi se međusobno razumeli. "Kad bi se u školama navodili ovakvi primeri, mogao bi se razbijati mit da svaki narod ili svaka država mora imati drugi jezik, ali škole i fakulteti to ne rade, nego čak ugrađuju taj mit. Kao i mit o čistoći jezika kad zahtevaju da se ne koristi neka reč ako ti za nju kažu da nije iz tvog naroda. A u lingvistici je poznato da ne postoji i nikada nije postojalo nešto što bi bio čist jezik i da čistoću jezika mogu zastupati samo ljudi neupućeni u lingvistiku i u funkcioniranje jezika", objašnjava Kordićeva. Foto: Youtube printscreen Prema njenim rečima, onaj ko zahteva čistoću jezika, taj ustvari širi nacionalizam jer povećava odbojnost prema drugima koji su navodno prljali jezik. "Naše škole i fakulteti su rasadište nacionalističkih mitova o jeziku. A najodgovorniji za to su fakultetski profesori materinskog jezika jer oni formiraju sve buduće nastavnike i sastavljaju ili ocenjuju u ministarskim komisijama nastavne planove, programe i udžbenike", navodi ona. Kordićeva ističe da stav ljudi o jeziku oblikuju televizija, škole, a i verske vođe. "Metode koje koriste su ponavljanje neistina i prećutkivanje činjenica. Kad bi oni počeli da postupaju drugačije, začas bi se promenio stav ljudi o jeziku. Ovako, ne preostaje ništa drugo nego da što više osoba iznosi činjenicu da imamo zajednički standardni jezik jer svako deluje na određen krug ljudi i na taj način se može doprinositi promeni", precizna je Koridićeva.  Upitana zahvaljući čemu se i dalje održava ideja o četiri različita jezika, ona kaže da postoje interesne grupe koje profitiraju od ovakvog stanja. "Jedna skupina su nacionalistički političari, kojima je to dobro sredstvo za proizvođenje međunacionalnih konflikata. Osim toga, ako su četiri jezika, onda imaju opravdanje za podelu dece po školama, što povećava međunacionalnu netrpeljivost i time osigurava buduće glasače nacionalističkim političarima", kaže Koridićeva. Druga interesna grupa je, prema njenim rečima, su fakultetski profesori maternjeg jezika, koji tvrdnjom da svaki narod mora da govori drugi jezik dodeljuju sebi status spasitelja naroda. Računaju pritom na povećan ugled u političkim krugovima i medijima.Treća interesna grupa su, kaže, brojni navodni prevodioci i lektori, s tim da su oni proizvod fakultetskih profesora. (Tanjug/Prometej)       Autor:Foto: Youtube Printscreen    </article-text><article-text-transliterated>SARAJEVO - Snježana Kordić, lingvista i autor knjige Jezik i nacionalizam kaže da je, dok se lingvisti ne usaglase oko imena zajedničkog jezika u četiri države bivše SFRJ, rešenje da se predmet maternjeg jezika zove "Nastavni jezik" u nižim razredima i "Jezik i književnost" u višim razredima..  "Ovo je oprobano rešenje u svetu kada je u nekim sredinama vladala velika netrpeljivost prema drugom narodu, pa se to odrazilo i na imenovanje zajedničkog jezika. Tada se predmet materinskog jezika u školama nazvao jednostavno 'Nastavni jezik', npr. u Austriji u doba netrpeljivosti prema Nemcima nakon Drugo svetskog rata", rekla je ona. Istakla je da je posle sedam godina netrpeljivost splasnula i postalo je ponovo moguće izgovoriti ime drugog naroda u nazivu svog jezika."Uvođenje prelaznog rešenja po uzoru na Austriju svakako bi bilo od pomoći i za poboljšavanje kvaliteta sadržaja udžbenika", smatra Kordićeva.    Jedan ili 4 jezika Inače, njena poslednja knjiga "Jezik i nacionalizam" izazvala je veliku pažnu javnosti, a Kordićeva u njoj iznosi činjenično stanje o jeziku u BiH, Srbiji, Crnoj Gori i Hrvatskoj. Ona kaže da studenti tu knjigu čitaju krišom, ispod klupe da profesori ne vide. Jer domaći lingvisti, objašnjava, su iskonstruirali zajedno jednu priču usklađenu s nacionalističkim željama koju studenti moraju naučiti napamet, a uvidom u ovu knjigu sve bi se srušilo kao kula od karata. Foto: Youtube printscreen "Napisala je nisam u jednom dahu, nego sam u nju uložila deset godina intenzivnog rada da bi na kraju svaki detalj bio poduprt dokazom. Ciljano se rekonstruirao narativ koji su studenti prisiljeni upijati prilikom studija", kaže Kordićeva. U intervjuu za Prometej, Kordićeva kaže da je u školama već duže vreme stanje takvo da se usađuje nacionalizam kroz nastavu jezika, književnosti, istorije i veronauke. "Prećutkuje se kad je o jeziku reč da Bošnjaci, Hrvati, Srbi i Crnogorci imaju zajednički standardni jezik policentričnog tipa kakav je i nemački, kojim govore Austrijanci, Nemci i većina Švajcaraca. Engleski je takav jezik i arapski i španski i brojni drugi. Svaki od njih se govori u više naroda i država, i pritom postoje razlike unutar jezika između naroda i država pa se prepoznaje odakle dolazi govornik, kao što i mi prepoznajemo da li govornik dolazi iz Srbije, BiH, Hrvatske ili Crne Gore", kaže ona. "Onaj ko zahteva čistoću jezika, taj širi nacionalizam" Dodaje, međutim, da uprkos prepoznavanju zbog jezičnih razlika, to je jedan jezik jer govornici glatko razgovaraju i nisu im potrebni prevodioci da bi se međusobno razumeli. "Kad bi se u školama navodili ovakvi primeri, mogao bi se razbijati mit da svaki narod ili svaka država mora imati drugi jezik, ali škole i fakulteti to ne rade, nego čak ugrađuju taj mit. Kao i mit o čistoći jezika kad zahtevaju da se ne koristi neka reč ako ti za nju kažu da nije iz tvog naroda. A u lingvistici je poznato da ne postoji i nikada nije postojalo nešto što bi bio čist jezik i da čistoću jezika mogu zastupati samo ljudi neupućeni u lingvistiku i u funkcioniranje jezika", objašnjava Kordićeva. Foto: Youtube printscreen Prema njenim rečima, onaj ko zahteva čistoću jezika, taj ustvari širi nacionalizam jer povećava odbojnost prema drugima koji su navodno prljali jezik. "Naše škole i fakulteti su rasadište nacionalističkih mitova o jeziku. A najodgovorniji za to su fakultetski profesori materinskog jezika jer oni formiraju sve buduće nastavnike i sastavljaju ili ocenjuju u ministarskim komisijama nastavne planove, programe i udžbenike", navodi ona. Kordićeva ističe da stav ljudi o jeziku oblikuju televizija, škole, a i verske vođe. "Metode koje koriste su ponavljanje neistina i prećutkivanje činjenica. Kad bi oni počeli da postupaju drugačije, začas bi se promenio stav ljudi o jeziku. Ovako, ne preostaje ništa drugo nego da što više osoba iznosi činjenicu da imamo zajednički standardni jezik jer svako deluje na određen krug ljudi i na taj način se može doprinositi promeni", precizna je Koridićeva.  Upitana zahvaljući čemu se i dalje održava ideja o četiri različita jezika, ona kaže da postoje interesne grupe koje profitiraju od ovakvog stanja. "Jedna skupina su nacionalistički političari, kojima je to dobro sredstvo za proizvođenje međunacionalnih konflikata. Osim toga, ako su četiri jezika, onda imaju opravdanje za podelu dece po školama, što povećava međunacionalnu netrpeljivost i time osigurava buduće glasače nacionalističkim političarima", kaže Koridićeva. Druga interesna grupa je, prema njenim rečima, su fakultetski profesori maternjeg jezika, koji tvrdnjom da svaki narod mora da govori drugi jezik dodeljuju sebi status spasitelja naroda. Računaju pritom na povećan ugled u političkim krugovima i medijima.Treća interesna grupa su, kaže, brojni navodni prevodioci i lektori, s tim da su oni proizvod fakultetskih profesora. (Tanjug/Prometej)       Autor:Foto: Youtube Printscreen    </article-text-transliterated><comment-list><comments comment-id="1"><comment-parent-id>empty</comment-parent-id><comment-text>Jasno je da je Srpski</comment-text><comment-text-transliterated>Jasno je da je Srpski</comment-text-transliterated></comments><comments comment-id="2"><comment-parent-id>empty</comment-parent-id><comment-text>Jezik je sprski i adio amore! Kao sto je engleski svuda u svetu gde se govori Engleski i u Africi, Australiji i Americi! Kao sto je nemacki i u Svajcarskoj nemacki i u Austriji! I nemoj da smarate Srbe vise! Da si se spremala gospodjo godinama, znala bi da je Djura Danicic poklonio hrvatskom narodu na celu sa Ljudevitom Gajem kompletnu gramatiku i knjizevni jezik! Srbi nikog ne mrze, Srbi su omrazeni od strane naroda iz okruzenja. Licno sam dozivela da mi neko kaze da se ne prekrstim da ne bi izazivala i vredjla muslimane! Hej da nekog vredja sto se ja prekrstim, bilo gde na svetu, a ne u sopstvenoj zemlji.  Stalno nas nesto kinjite i napadate! Sve ove bivse zemlje Jugoslavije, vredja sto mi uopste postojimo i disemo, vredja vas sto volimo svoju zemlju i svoju religiju, vredja vas kad kazemo mi smo Srbi, mi smo pravoslavci.</comment-text><comment-text-transliterated>Jezik je sprski i adio amore! Kao sto je engleski svuda u svetu gde se govori Engleski i u Africi, Australiji i Americi! Kao sto je nemacki i u Svajcarskoj nemacki i u Austriji! I nemoj da smarate Srbe vise! Da si se spremala gospodjo godinama, znala bi da je Djura Danicic poklonio hrvatskom narodu na celu sa Ljudevitom Gajem kompletnu gramatiku i knjizevni jezik! Srbi nikog ne mrze, Srbi su omrazeni od strane naroda iz okruzenja. Licno sam dozivela da mi neko kaze da se ne prekrstim da ne bi izazivala i vredjla muslimane! Hej da nekog vredja sto se ja prekrstim, bilo gde na svetu, a ne u sopstvenoj zemlji.  Stalno nas nesto kinjite i napadate! Sve ove bivse zemlje Jugoslavije, vredja sto mi uopste postojimo i disemo, vredja vas sto volimo svoju zemlju i svoju religiju, vredja vas kad kazemo mi smo Srbi, mi smo pravoslavci.</comment-text-transliterated></comments><comments comment-id="2-1"><comment-parent-id>2</comment-parent-id><comment-text>Sjajan komentar Majo. Dodao bih da je i meni cudno da je Djura Danicic bio potpisnik "Beckog sporazuma" 1850g,ali vise je tu Vuk Karadzic pod uticajem kuma Kopitara pomrsio konce Srbima(5.kolona je uvek bila jaka u Srba). Da Krvatima tada nije dao stokavicu i njena tri izgovora, nikad za nikad ne bi Srbi doziveli stradanja kakva jesu niti bi imali problema sa krvatima. Krvati bi se trvili sa Slovencima oko kajkavskog,a mi bi imali svoju drzavu od Djerdapa do Jadrana i Vojne Krajine do Strumice. Ovaj lingvista nijednom nije otvoreno rekla da se radi o srpskom jeziku koji su politicki rascerecili na cetiri toboz autohtona jezika. Najgori su ti naucnici koji kazu jednu istinu i onda 10 neistina i obezvrede svoj rad. Ova spada u te.</comment-text><comment-text-transliterated>Sjajan komentar Majo. Dodao bih da je i meni cudno da je Djura Danicic bio potpisnik "Beckog sporazuma" 1850g,ali vise je tu Vuk Karadzic pod uticajem kuma Kopitara pomrsio konce Srbima(5.kolona je uvek bila jaka u Srba). Da Krvatima tada nije dao stokavicu i njena tri izgovora, nikad za nikad ne bi Srbi doziveli stradanja kakva jesu niti bi imali problema sa krvatima. Krvati bi se trvili sa Slovencima oko kajkavskog,a mi bi imali svoju drzavu od Djerdapa do Jadrana i Vojne Krajine do Strumice. Ovaj lingvista nijednom nije otvoreno rekla da se radi o srpskom jeziku koji su politicki rascerecili na cetiri toboz autohtona jezika. Najgori su ti naucnici koji kazu jednu istinu i onda 10 neistina i obezvrede svoj rad. Ova spada u te.</comment-text-transliterated></comments><comments comment-id="3"><comment-parent-id>empty</comment-parent-id><comment-text>Zivite svoj zivot i gledajte svoja posla i manite se toga kako cemo mi da zovemo sopstveni jezik. Mi  znamo ko smo i sta smo,a vi se brinite za vase! Zovite sebe i svoj jezik kako hocete, radite sta hocete samo nas pustite da zivimo na miru.</comment-text><comment-text-transliterated>Zivite svoj zivot i gledajte svoja posla i manite se toga kako cemo mi da zovemo sopstveni jezik. Mi  znamo ko smo i sta smo,a vi se brinite za vase! Zovite sebe i svoj jezik kako hocete, radite sta hocete samo nas pustite da zivimo na miru.</comment-text-transliterated></comments></comment-list></article><comments><comment-count>4</comment-count></comments></document>