<document global_id="sr-03-112"><url>https://www.kurir.rs/vesti/politika/3053905/otvoren-centar-za-srpski-jezik-u-bakuu-predsedniku-vucicu-urucen-pocasni-doktorat</url><source-id>03</source-id><local-id>112</local-id><source-name>kurir</source-name><article><article-title> OTVOREN CENTAR ZA SRPSKI JEZIK U BAKUU</article-title><article-time> 2018-05-22</article-time><article-author>Kurir</article-author><article-text>.  BAKU- U Bakuu je danas otvoren Centar za srpski jezik i kulturu na Azerbejdžanskom univerzitetu za jezike, a predsedniku Srbije Aleksandru Vučiću je uručen počasni doktorat. Vučića je dočekao dekan univerziteta Kamal Abdulaje. Predsednik je zatim prošao kroz špalir studenata koji su ga pozdravili ovacijama.    "Vučić je istaknuti lider na svetskoj sceni i nadam se da će srpski predsednik zauvek zapamtiti posetu našem Univerzitetu, te mu dodeljujemo titulu počasnog doktora Azerbejdžanskog Univerziteta", poručio je dekan, nakon čega je predsedniku Srbije uručen doktorat. Predsednik se zahvalio na časti koja je Srbiji ukazana, a onda se obratio studentima rečima: "Dragi studenti, najvažnija stvar za sve nas treba da bude da učimo što više. Znanje vam niko nikada ne može oduzeti, sve ostalo se može dobiti i izgubiti", poručio im je predsednik Srbije i nastavio: "Želim vam sve najbolje, nadam se boljoj budućnosti za ceo region i ceo svet. Nadam se da ćemo vas ugostiti u Beogradu uskoro". Vučić je naglasio da će zajednosa azerbejdžanskim predsednikom raditi na unapređenju saradnje. "Dok sam studirao trudio sam se da se fokusiram na učenje, uprkos velikim demonstracijama koje su pratile moje studiranje. Dok su drugi protestovali, ja sam učio i davao ispite. Bio sam jedini koji se pojavio na polaganju na dan protesta. Nema ništa važnije od učenja", poručio je Vučić studentima. (Kurir.rs/Foto: Printscreen)  </article-text><article-text-transliterated>.  BAKU- U Bakuu je danas otvoren Centar za srpski jezik i kulturu na Azerbejdžanskom univerzitetu za jezike, a predsedniku Srbije Aleksandru Vučiću je uručen počasni doktorat. Vučića je dočekao dekan univerziteta Kamal Abdulaje. Predsednik je zatim prošao kroz špalir studenata koji su ga pozdravili ovacijama.    "Vučić je istaknuti lider na svetskoj sceni i nadam se da će srpski predsednik zauvek zapamtiti posetu našem Univerzitetu, te mu dodeljujemo titulu počasnog doktora Azerbejdžanskog Univerziteta", poručio je dekan, nakon čega je predsedniku Srbije uručen doktorat. Predsednik se zahvalio na časti koja je Srbiji ukazana, a onda se obratio studentima rečima: "Dragi studenti, najvažnija stvar za sve nas treba da bude da učimo što više. Znanje vam niko nikada ne može oduzeti, sve ostalo se može dobiti i izgubiti", poručio im je predsednik Srbije i nastavio: "Želim vam sve najbolje, nadam se boljoj budućnosti za ceo region i ceo svet. Nadam se da ćemo vas ugostiti u Beogradu uskoro". Vučić je naglasio da će zajednosa azerbejdžanskim predsednikom raditi na unapređenju saradnje. "Dok sam studirao trudio sam se da se fokusiram na učenje, uprkos velikim demonstracijama koje su pratile moje studiranje. Dok su drugi protestovali, ja sam učio i davao ispite. Bio sam jedini koji se pojavio na polaganju na dan protesta. Nema ništa važnije od učenja", poručio je Vučić studentima. (Kurir.rs/Foto: Printscreen)  </article-text-transliterated><comment-list><comments comment-id="1"><comment-parent-id>empty</comment-parent-id><comment-text>Da nije smesno bilo bi zalosno</comment-text><comment-text-transliterated>Da nije smesno bilo bi zalosno</comment-text-transliterated></comments><comments comment-id="2"><comment-parent-id>empty</comment-parent-id><comment-text>Velika cast za Srbiju.</comment-text><comment-text-transliterated>Velika cast za Srbiju.</comment-text-transliterated></comments><comments comment-id="3"><comment-parent-id>empty</comment-parent-id><comment-text>Oov je velika cast i veliki dan za nasu zemlju.</comment-text><comment-text-transliterated>Oov je velika cast i veliki dan za nasu zemlju.</comment-text-transliterated></comments><comments comment-id="4"><comment-parent-id>empty</comment-parent-id><comment-text>Ovo je zaista dokaz velikog prijateljstva.</comment-text><comment-text-transliterated>Ovo je zaista dokaz velikog prijateljstva.</comment-text-transliterated></comments><comments comment-id="5"><comment-parent-id>empty</comment-parent-id><comment-text>Po prvi put imamo predsednika koga ceo svet postuje.</comment-text><comment-text-transliterated>Po prvi put imamo predsednika koga ceo svet postuje.</comment-text-transliterated></comments><comments comment-id="6"><comment-parent-id>empty</comment-parent-id><comment-text>Vazno je da nas postuju.</comment-text><comment-text-transliterated>Vazno je da nas postuju.</comment-text-transliterated></comments><comments comment-id="7"><comment-parent-id>empty</comment-parent-id><comment-text>Prelepa vest.</comment-text><comment-text-transliterated>Prelepa vest.</comment-text-transliterated></comments><comments comment-id="7-1"><comment-parent-id>7</comment-parent-id><comment-text>Visok stepen političkih odnosa treba preneti i na podizanje viših ekonomskih veza Srbije i Azebejdzana.</comment-text><comment-text-transliterated>Visok stepen političkih odnosa treba preneti i na podizanje viših ekonomskih veza Srbije i Azebejdzana.</comment-text-transliterated></comments><comments comment-id="8"><comment-parent-id>empty</comment-parent-id><comment-text>Zaista velika čast za Srbiju i predsednika Vučića. Azerbejdžan je pokazao iskreno poštovanje prema našoj državi.</comment-text><comment-text-transliterated>Zaista velika čast za Srbiju i predsednika Vučića. Azerbejdžan je pokazao iskreno poštovanje prema našoj državi.</comment-text-transliterated></comments><comments comment-id="9"><comment-parent-id>empty</comment-parent-id><comment-text>Nase prijateljstvo sa njima nema cenu.</comment-text><comment-text-transliterated>Nase prijateljstvo sa njima nema cenu.</comment-text-transliterated></comments><comments comment-id="10"><comment-parent-id>empty</comment-parent-id><comment-text>Zaista velika počast za našeg predsednika i za našu zemlju.</comment-text><comment-text-transliterated>Zaista velika počast za našeg predsednika i za našu zemlju.</comment-text-transliterated></comments><comments comment-id="11"><comment-parent-id>empty</comment-parent-id><comment-text>Jaka postaje Srbija svuda.</comment-text><comment-text-transliterated>Jaka postaje Srbija svuda.</comment-text-transliterated></comments><comments comment-id="12"><comment-parent-id>empty</comment-parent-id><comment-text>Trebamo negovati širom Sveta naš jezik i našu kulturu.</comment-text><comment-text-transliterated>Trebamo negovati širom Sveta naš jezik i našu kulturu.</comment-text-transliterated></comments><comments comment-id="13"><comment-parent-id>empty</comment-parent-id><comment-text>Svaka čast,sve pohvale to je zaista velika čast za našeg predsednika.</comment-text><comment-text-transliterated>Svaka čast,sve pohvale to je zaista velika čast za našeg predsednika.</comment-text-transliterated></comments><comments comment-id="14"><comment-parent-id>empty</comment-parent-id><comment-text>Ovim gestom je ukazana velika čast Srbiji.</comment-text><comment-text-transliterated>Ovim gestom je ukazana velika čast Srbiji.</comment-text-transliterated></comments><comments comment-id="15"><comment-parent-id>empty</comment-parent-id><comment-text>Vučić je istaknuti lider na svetskoj sceni, pa ovo priznanje nije neočekivano.</comment-text><comment-text-transliterated>Vučić je istaknuti lider na svetskoj sceni, pa ovo priznanje nije neočekivano.</comment-text-transliterated></comments><comments comment-id="16"><comment-parent-id>empty</comment-parent-id><comment-text>Otvorenje Centar za srpski jezik i kulturu na Azerbejdžanskom univerzitetu za jezike je jako vazna stavka za Srbiju, a urucenje pocasnog doktorata Vucicu je sjajan prijateljski gest.</comment-text><comment-text-transliterated>Otvorenje Centar za srpski jezik i kulturu na Azerbejdžanskom univerzitetu za jezike je jako vazna stavka za Srbiju, a urucenje pocasnog doktorata Vucicu je sjajan prijateljski gest.</comment-text-transliterated></comments><comments comment-id="17"><comment-parent-id>empty</comment-parent-id><comment-text>Zahvalnost Azerbejdžanu na ovakvoj časti. Potvrda prijateljstva i buduće saradnje.</comment-text><comment-text-transliterated>Zahvalnost Azerbejdžanu na ovakvoj časti. Potvrda prijateljstva i buduće saradnje.</comment-text-transliterated></comments><comments comment-id="18"><comment-parent-id>empty</comment-parent-id><comment-text>Još jedan dokaz koliko je Vučić poštovan u svetu.</comment-text><comment-text-transliterated>Još jedan dokaz koliko je Vučić poštovan u svetu.</comment-text-transliterated></comments><comments comment-id="19"><comment-parent-id>empty</comment-parent-id><comment-text>Ovakvo postovanje, prijateljstvo i uvazavanje je zaista nesto na cemu mnogi trebaju da nam zavide.</comment-text><comment-text-transliterated>Ovakvo postovanje, prijateljstvo i uvazavanje je zaista nesto na cemu mnogi trebaju da nam zavide.</comment-text-transliterated></comments><comments comment-id="20"><comment-parent-id>empty</comment-parent-id><comment-text>Prevelika cast i za drzavu Srbiju i za predsednika.</comment-text><comment-text-transliterated>Prevelika cast i za drzavu Srbiju i za predsednika.</comment-text-transliterated></comments><comments comment-id="21"><comment-parent-id>empty</comment-parent-id><comment-text>Азербејџан је овим показао колико цени и поштује нашу земљу и њеног председника.</comment-text><comment-text-transliterated>Azerbejdžan je ovim pokazao koliko ceni i poštuje našu zemlju i njenog predsednika.</comment-text-transliterated></comments><comments comment-id="22"><comment-parent-id>empty</comment-parent-id><comment-text>Ovo je zaista velika cast za Srbiju</comment-text><comment-text-transliterated>Ovo je zaista velika cast za Srbiju</comment-text-transliterated></comments><comments comment-id="23"><comment-parent-id>empty</comment-parent-id><comment-text>Ovo je samo dokaz koliko je postovanje u svetu stekla nasa zemlja uz aktuelnu vlast.</comment-text><comment-text-transliterated>Ovo je samo dokaz koliko je postovanje u svetu stekla nasa zemlja uz aktuelnu vlast.</comment-text-transliterated></comments><comments comment-id="24"><comment-parent-id>empty</comment-parent-id><comment-text>Dokaz da naseg predsednika svuda cene i postuju.</comment-text><comment-text-transliterated>Dokaz da naseg predsednika svuda cene i postuju.</comment-text-transliterated></comments><comments comment-id="25"><comment-parent-id>empty</comment-parent-id><comment-text>Svi treba da budemo ponosni sto imamo ovakvog predsednika koga veliki broj ljudi postuje.</comment-text><comment-text-transliterated>Svi treba da budemo ponosni sto imamo ovakvog predsednika koga veliki broj ljudi postuje.</comment-text-transliterated></comments><comments comment-id="26"><comment-parent-id>empty</comment-parent-id><comment-text>Sve pohvale,divan gest.</comment-text><comment-text-transliterated>Sve pohvale,divan gest.</comment-text-transliterated></comments><comments comment-id="26-1"><comment-parent-id>26</comment-parent-id><comment-text>Gest vredan paznjue</comment-text><comment-text-transliterated>Gest vredan paznjue</comment-text-transliterated></comments><comments comment-id="26-2"><comment-parent-id>26</comment-parent-id><comment-text>Gest iskrenog prijateljstva</comment-text><comment-text-transliterated>Gest iskrenog prijateljstva</comment-text-transliterated></comments><comments comment-id="27"><comment-parent-id>empty</comment-parent-id><comment-text>Vucica cene u celom svetu!!</comment-text><comment-text-transliterated>Vucica cene u celom svetu!!</comment-text-transliterated></comments><comments comment-id="28"><comment-parent-id>empty</comment-parent-id><comment-text>Jedno jako lepo prijateljstvo se i dalje razvija.</comment-text><comment-text-transliterated>Jedno jako lepo prijateljstvo se i dalje razvija.</comment-text-transliterated></comments><comments comment-id="29"><comment-parent-id>empty</comment-parent-id><comment-text>Srbiji je ovim ukazana ogromna čast.</comment-text><comment-text-transliterated>Srbiji je ovim ukazana ogromna čast.</comment-text-transliterated></comments><comments comment-id="30"><comment-parent-id>empty</comment-parent-id><comment-text>Drago mi je da imamo dobre odnose sa Azerbejdzanom.</comment-text><comment-text-transliterated>Drago mi je da imamo dobre odnose sa Azerbejdzanom.</comment-text-transliterated></comments><comments comment-id="30-1"><comment-parent-id>30</comment-parent-id><comment-text>Upravo tako. Nisam se nadao da sa njima mozemo ovako da saradjujemo..iskazali su nam veliko postovanje.</comment-text><comment-text-transliterated>Upravo tako. Nisam se nadao da sa njima mozemo ovako da saradjujemo..iskazali su nam veliko postovanje.</comment-text-transliterated></comments><comments comment-id="31"><comment-parent-id>empty</comment-parent-id><comment-text>Još jedan dokaz da smo poštovani i cenjeni u svetu.</comment-text><comment-text-transliterated>Još jedan dokaz da smo poštovani i cenjeni u svetu.</comment-text-transliterated></comments><comments comment-id="32"><comment-parent-id>empty</comment-parent-id><comment-text>Srbija ima predsednika koga postuje ceo svet.</comment-text><comment-text-transliterated>Srbija ima predsednika koga postuje ceo svet.</comment-text-transliterated></comments><comments comment-id="33"><comment-parent-id>empty</comment-parent-id><comment-text>Raduje me cinjenica da je Srbija toliko postovana medju zemljama u regionu.</comment-text><comment-text-transliterated>Raduje me cinjenica da je Srbija toliko postovana medju zemljama u regionu.</comment-text-transliterated></comments><comments comment-id="34"><comment-parent-id>empty</comment-parent-id><comment-text>Dokaz da je Vucic cenjen politicar u celom svetu!!</comment-text><comment-text-transliterated>Dokaz da je Vucic cenjen politicar u celom svetu!!</comment-text-transliterated></comments><comments comment-id="35"><comment-parent-id>empty</comment-parent-id><comment-text>Tako je,znanje je nesto  sto ostaje za ceo dan.</comment-text><comment-text-transliterated>Tako je,znanje je nesto  sto ostaje za ceo dan.</comment-text-transliterated></comments><comments comment-id="36"><comment-parent-id>empty</comment-parent-id><comment-text>Predsednik Vučić je svojim radom na povezivanju dve zemlje potpuno zasluženo dobio ovo priznanje.</comment-text><comment-text-transliterated>Predsednik Vučić je svojim radom na povezivanju dve zemlje potpuno zasluženo dobio ovo priznanje.</comment-text-transliterated></comments><comments comment-id="36-1"><comment-parent-id>36</comment-parent-id><comment-text>Vučić u Bakuu dobija velike počasti  koje ja shvatam kao počasti za Srbiju i njenu politiku mira i prosperiteta.</comment-text><comment-text-transliterated>Vučić u Bakuu dobija velike počasti  koje ja shvatam kao počasti za Srbiju i njenu politiku mira i prosperiteta.</comment-text-transliterated></comments><comments comment-id="37"><comment-parent-id>empty</comment-parent-id><comment-text>To su zaista sjajne vesti, i to je dokaz koliko Srbija postaje cenjena i postovana zemlja na celu sa predsednikom.</comment-text><comment-text-transliterated>To su zaista sjajne vesti, i to je dokaz koliko Srbija postaje cenjena i postovana zemlja na celu sa predsednikom.</comment-text-transliterated></comments><comments comment-id="38"><comment-parent-id>empty</comment-parent-id><comment-text>To su divne vesti i tome treba da se poklanja vise paznje.</comment-text><comment-text-transliterated>To su divne vesti i tome treba da se poklanja vise paznje.</comment-text-transliterated></comments><comments comment-id="39"><comment-parent-id>empty</comment-parent-id><comment-text>Sadasnjeg predsednika svi vole i cene. Postovanje je sve ovo sto on radi.</comment-text><comment-text-transliterated>Sadasnjeg predsednika svi vole i cene. Postovanje je sve ovo sto on radi.</comment-text-transliterated></comments><comments comment-id="40"><comment-parent-id>empty</comment-parent-id><comment-text>veliko postovanje Srbije od strane Azerbejdzana</comment-text><comment-text-transliterated>veliko postovanje Srbije od strane Azerbejdzana</comment-text-transliterated></comments><comments comment-id="41"><comment-parent-id>empty</comment-parent-id><comment-text>Srbija je postovana u svetu zahvaljujuci politici koju vodi.</comment-text><comment-text-transliterated>Srbija je postovana u svetu zahvaljujuci politici koju vodi.</comment-text-transliterated></comments><comments comment-id="42"><comment-parent-id>empty</comment-parent-id><comment-text>Otvaranjem Srpskog centra Srbija i Azerbejdžan su se još više povezale.</comment-text><comment-text-transliterated>Otvaranjem Srpskog centra Srbija i Azerbejdžan su se još više povezale.</comment-text-transliterated></comments><comments comment-id="43"><comment-parent-id>empty</comment-parent-id><comment-text>Može se reći da je ovo jedna uspešna poseta.</comment-text><comment-text-transliterated>Može se reći da je ovo jedna uspešna poseta.</comment-text-transliterated></comments><comments comment-id="44"><comment-parent-id>empty</comment-parent-id><comment-text>Sve ovo je jasan dokaz da je nasa drzava stekla veliki ugled u svetu.</comment-text><comment-text-transliterated>Sve ovo je jasan dokaz da je nasa drzava stekla veliki ugled u svetu.</comment-text-transliterated></comments><comments comment-id="45"><comment-parent-id>empty</comment-parent-id><comment-text>Srbiji je ovim cinom ukazano veliko postovanje</comment-text><comment-text-transliterated>Srbiji je ovim cinom ukazano veliko postovanje</comment-text-transliterated></comments></comment-list></article><comments><comment-count>50</comment-count></comments></document>