<document global_id="sr-03-9"><url>https://www.kurir.rs/zabava/zdravlje/2265805/kada-je-njegov-prijatelj-isplazio-jezik-odmah-su-pozvali-hitnu-pomoc-onda-je-uradio-test</url><source-id>03</source-id><local-id>9</local-id><source-name>kurir</source-name><article><article-title> KADA JE NJEGOV PRIJATELJ ISPLAZIO JEZIK, ODMAH SU POZVALI HITNU POMOĆ</article-title><article-time> 2016-05-14</article-time><article-author>Kurir</article-author><article-text>Ovo može da se dogodi svakome. Jako je bitno da pročitate sledeće instrukcije i zapamtite set pitanja, jer upravo to može da vam spasi život ili život prijatelja!.  Bio je to jedan običan dan na poslu: Feliks je pregledao brojke i račine sa kolegom Martinom, kada je primetio da nešto nije u redu. Martinovo levo oko je treptalo a kada ga je Feliks pitao da li je sve u redu, Martin je odgovorio potvrdno. Onda se Martin malo sabrao i vratio za svoj sto. 3 sata kasnije, Martin je bio u bolnici, imao je moždani udar i umro je istog dana. Da je Feliks poverovao svojim instinktima, možda bi Martin još uvek bio živ! flickr/Adrian Clark    Martin nije izlovan slučaj, moždani udari se često propuste, što može da bude fatalno jer je svaki minut tada bitan. Najbolje je dobiti medicinsku pomoć u roku od 3 sata od udara.Ova 4 jednostavna pitanja mogu da vam pomognu da identifikujete moždani udar i zatražite pomoć:1. Zamolite osobu da se nasmeje. Ako je osmeh nejednak, dobra je šansa da ima šlog. Imgur/G3H4 2. Pitajte osobu da ponovi jednostavnu rečenicu poput, "Danas je jako vruće.". Usporen govor nije dobar znak. flickr/Parker Knight 3. Zamolite osobu da podigne ruke iznad glave. flickr/Tais Sirole 4. Zamolite osobu da isplazi jezik. Kriv jezik je znak šloga. Imgur/Farkamon Ako osoba za koju ste zabrinuti ima teškoće sa bilo kojim od ovih test pitanja, zovite hitnu pomoć odmah i opišite im simptome.Preko 20 odsto ljudi koji dožive šlog umiru u roku od 4 nedelje od napada, što čini veliki broj smrti. Zato je bitno da zapamtite ova pitanja. (Hefty)            </article-text><article-text-transliterated>Ovo može da se dogodi svakome. Jako je bitno da pročitate sledeće instrukcije i zapamtite set pitanja, jer upravo to može da vam spasi život ili život prijatelja!.  Bio je to jedan običan dan na poslu: Feliks je pregledao brojke i račine sa kolegom Martinom, kada je primetio da nešto nije u redu. Martinovo levo oko je treptalo a kada ga je Feliks pitao da li je sve u redu, Martin je odgovorio potvrdno. Onda se Martin malo sabrao i vratio za svoj sto. 3 sata kasnije, Martin je bio u bolnici, imao je moždani udar i umro je istog dana. Da je Feliks poverovao svojim instinktima, možda bi Martin još uvek bio živ! flickr/Adrian Clark    Martin nije izlovan slučaj, moždani udari se često propuste, što može da bude fatalno jer je svaki minut tada bitan. Najbolje je dobiti medicinsku pomoć u roku od 3 sata od udara.Ova 4 jednostavna pitanja mogu da vam pomognu da identifikujete moždani udar i zatražite pomoć:1. Zamolite osobu da se nasmeje. Ako je osmeh nejednak, dobra je šansa da ima šlog. Imgur/G3H4 2. Pitajte osobu da ponovi jednostavnu rečenicu poput, "Danas je jako vruće.". Usporen govor nije dobar znak. flickr/Parker Knight 3. Zamolite osobu da podigne ruke iznad glave. flickr/Tais Sirole 4. Zamolite osobu da isplazi jezik. Kriv jezik je znak šloga. Imgur/Farkamon Ako osoba za koju ste zabrinuti ima teškoće sa bilo kojim od ovih test pitanja, zovite hitnu pomoć odmah i opišite im simptome.Preko 20 odsto ljudi koji dožive šlog umiru u roku od 4 nedelje od napada, što čini veliki broj smrti. Zato je bitno da zapamtite ova pitanja. (Hefty)            </article-text-transliterated><comment-list><comments comment-id="1"><comment-parent-id>empty</comment-parent-id><comment-text>Jedna devojka je isto imala tu belu tekućinu na jeziku i doživela je šlog. Nisam se žalio.</comment-text><comment-text-transliterated>Jedna devojka je isto imala tu belu tekućinu na jeziku i doživela je šlog. Nisam se žalio.</comment-text-transliterated></comments><comments comment-id="1-1"><comment-parent-id>1</comment-parent-id><comment-text>A šta je tebi?</comment-text><comment-text-transliterated>A šta je tebi?</comment-text-transliterated></comments><comments comment-id="2"><comment-parent-id>empty</comment-parent-id><comment-text>A šta je bre ovo belo na jeziku?!?</comment-text><comment-text-transliterated>A šta je bre ovo belo na jeziku?!?</comment-text-transliterated></comments><comments comment-id="2-1"><comment-parent-id>2</comment-parent-id><comment-text>Šlag!</comment-text><comment-text-transliterated>Šlag!</comment-text-transliterated></comments><comments comment-id="2-2"><comment-parent-id>2</comment-parent-id><comment-text>Možda afta.</comment-text><comment-text-transliterated>Možda afta.</comment-text-transliterated></comments><comments comment-id="2-3"><comment-parent-id>2</comment-parent-id><comment-text>Ostalo mu od jogurta</comment-text><comment-text-transliterated>Ostalo mu od jogurta</comment-text-transliterated></comments><comments comment-id="3"><comment-parent-id>empty</comment-parent-id><comment-text>HVALA PUNO. OVAKO NESTO JE JAKO KORISNO PROCITATI , A MOZDA I NEKOME SPASIMO ZIVOT :-)</comment-text><comment-text-transliterated>HVALA PUNO. OVAKO NESTO JE JAKO KORISNO PROCITATI , A MOZDA I NEKOME SPASIMO ZIVOT :-)</comment-text-transliterated></comments></comment-list></article><comments><comment-count>7</comment-count></comments></document>