<document global_id="sr-03-43"><url>https://www.kurir.rs/stars/1855809/dara-bubamara-zavrsila-sam-francuski-jezik-na-sorboni</url><source-id>03</source-id><local-id>43</local-id><source-name>kurir</source-name><article><article-title> DARA BUBAMARA</article-title><article-time> 2015-07-11</article-time><article-author>Kurir</article-author><article-text>Folkerka tvrdi da je uspešno završila školovanje na prestižnom koledžu u Gradu svetlosti koji godišnje iz Srbije upiše svega jedan odsto studenata.  Dari Bubamari, po svemu sudeći, prija da bude izdvojena iz mase neškolovanih koleginica, pa se hvali da je završila francuski jezik na prestižnom univerzitetu Sorbona u Parizu.Folk zvezda tvrdi da je iskoristila to što godinama sa suprugom Milanom Kesićem i sinom Konstantinom živi u Gradu svetlosti da završi koledž na koji godišnje iz Srbije ima mogućnost da se upiše svega jedan odsto studenata, i to najboljih sa Beogradskog univerziteta.- Naravno da sam završila francuski jezik na Sorboni jer to može svako da upiše. Nemam samo osnovnu školu, kao što su neki pričali i pisali, već srednju saobraćajnu i naravno da želim uvek da radim na sebi. Prosto, ne možete da dobijete pasoš i papire ukoliko ne znate da pričate taj jezik. Ja sam savladala to i veoma sam ponosna - samouvereno se pohvalila pevačica. Međutim, ima i nevernih Toma koji sumnjaju u njenu diplomu, pa se spekuliše da je na ovom koledžu nisu ni uzimali u razmatranje čim su joj videli biografiju.- Sad ste me slatko nasmejali. To neko hoće da me provocira, pa izmišlja laži i širi dezinformacije. Šta je tu čudno, tamo godinama živim i radim i zašto ne bih imala tako nešto. Ali ljudi kod nas su zavidni i šire svakakve priče na koje se ja ne obazirem, već gledam svoj život i karijeru, kojom i te kako mogu da se pohvalim - zaključuje pevačica.Prevrću se u grobu... Mihajlo Petrović Alas, Veljko Vlahović i Oskar Davičo     Za neupućeneŠTA JE SORBONASorbona je univerzitet u Parizu koji je 1253. osnovao Robert de Sorbon. Prvo je podigao zgradu sa crkvom da bi olakšao teološke studije siromašnim studentima. Istaknuti studenti ovog univerziteta, između ostalih, bili su Mihajlo Petrović Alas, srpski matematičar, profesor Univerziteta u Beogradu, akademik Srpske kraljevske akademije i alas, Veljko Vlahović, narodni heroj po čijem imenu je nazvano naselje u Beogradu, nadrealista Oskar Davičo, profesor na Pravnom fakultetu Radomir Lukić i mnogi drugi.        Autor:Ljiljana Stanišić, Foto: Damir Dervišagić, Foto: Shutterstock    </article-text><article-text-transliterated>Folkerka tvrdi da je uspešno završila školovanje na prestižnom koledžu u Gradu svetlosti koji godišnje iz Srbije upiše svega jedan odsto studenata.  Dari Bubamari, po svemu sudeći, prija da bude izdvojena iz mase neškolovanih koleginica, pa se hvali da je završila francuski jezik na prestižnom univerzitetu Sorbona u Parizu.Folk zvezda tvrdi da je iskoristila to što godinama sa suprugom Milanom Kesićem i sinom Konstantinom živi u Gradu svetlosti da završi koledž na koji godišnje iz Srbije ima mogućnost da se upiše svega jedan odsto studenata, i to najboljih sa Beogradskog univerziteta.- Naravno da sam završila francuski jezik na Sorboni jer to može svako da upiše. Nemam samo osnovnu školu, kao što su neki pričali i pisali, već srednju saobraćajnu i naravno da želim uvek da radim na sebi. Prosto, ne možete da dobijete pasoš i papire ukoliko ne znate da pričate taj jezik. Ja sam savladala to i veoma sam ponosna - samouvereno se pohvalila pevačica. Međutim, ima i nevernih Toma koji sumnjaju u njenu diplomu, pa se spekuliše da je na ovom koledžu nisu ni uzimali u razmatranje čim su joj videli biografiju.- Sad ste me slatko nasmejali. To neko hoće da me provocira, pa izmišlja laži i širi dezinformacije. Šta je tu čudno, tamo godinama živim i radim i zašto ne bih imala tako nešto. Ali ljudi kod nas su zavidni i šire svakakve priče na koje se ja ne obazirem, već gledam svoj život i karijeru, kojom i te kako mogu da se pohvalim - zaključuje pevačica.Prevrću se u grobu... Mihajlo Petrović Alas, Veljko Vlahović i Oskar Davičo     Za neupućeneŠTA JE SORBONASorbona je univerzitet u Parizu koji je 1253. osnovao Robert de Sorbon. Prvo je podigao zgradu sa crkvom da bi olakšao teološke studije siromašnim studentima. Istaknuti studenti ovog univerziteta, između ostalih, bili su Mihajlo Petrović Alas, srpski matematičar, profesor Univerziteta u Beogradu, akademik Srpske kraljevske akademije i alas, Veljko Vlahović, narodni heroj po čijem imenu je nazvano naselje u Beogradu, nadrealista Oskar Davičo, profesor na Pravnom fakultetu Radomir Lukić i mnogi drugi.        Autor:Ljiljana Stanišić, Foto: Damir Dervišagić, Foto: Shutterstock    </article-text-transliterated><comment-list><comments comment-id="1"><comment-parent-id>empty</comment-parent-id><comment-text>E ako ona tako kaze to mora da je istina</comment-text><comment-text-transliterated>E ako ona tako kaze to mora da je istina</comment-text-transliterated></comments><comments comment-id="2"><comment-parent-id>empty</comment-parent-id><comment-text>Baš me je slatko nasmejala u ovo lepo, sunčano, nedeljno jutro. Stvarno to tako ide: osnovna škola - saobraćajna srednja škola (?) - i, naravno, francuski jezik (?) na Sorboni. Logično. A dok se "mučila" na Sorboni (ili oko), imala je ili pripreme za nastupe, pa nastupe, pa kojekakve proslave, pa odmaranja od svega, pa noćni život, pa onda tu su i deca, pa naravno i muž, a i šopinzi (ili šopingi), i ko zna šta sve. Vredna, uzorna, sposobna, veoma pametna... Ah da, pa tu su i kojekakvi tretmani, plastičari... Ko hoće taj sve stigne a i postigne. Jedino još nikako neke dobre pesme da ubode, ali, mlada je, pa će sad sa diplomom na Sorboni (svejedno šta to značilo) naći i neki dobar hit. Mislim na svetski hit. Pa zar neko ko je diplomirao na Sorboni da peca nešto kao "Trla baba lan".</comment-text><comment-text-transliterated>Baš me je slatko nasmejala u ovo lepo, sunčano, nedeljno jutro. Stvarno to tako ide: osnovna škola - saobraćajna srednja škola (?) - i, naravno, francuski jezik (?) na Sorboni. Logično. A dok se "mučila" na Sorboni (ili oko), imala je ili pripreme za nastupe, pa nastupe, pa kojekakve proslave, pa odmaranja od svega, pa noćni život, pa onda tu su i deca, pa naravno i muž, a i šopinzi (ili šopingi), i ko zna šta sve. Vredna, uzorna, sposobna, veoma pametna... Ah da, pa tu su i kojekakvi tretmani, plastičari... Ko hoće taj sve stigne a i postigne. Jedino još nikako neke dobre pesme da ubode, ali, mlada je, pa će sad sa diplomom na Sorboni (svejedno šta to značilo) naći i neki dobar hit. Mislim na svetski hit. Pa zar neko ko je diplomirao na Sorboni da peca nešto kao "Trla baba lan".</comment-text-transliterated></comments><comments comment-id="3"><comment-parent-id>empty</comment-parent-id><comment-text>Kako se na francuskom kaze: "Radojka, ne lazi"???</comment-text><comment-text-transliterated>Kako se na francuskom kaze: "Radojka, ne lazi"???</comment-text-transliterated></comments><comments comment-id="4"><comment-parent-id>empty</comment-parent-id><comment-text>Hahahahahahahahahahahahahahahahahahahahahahahahahahahahahahahahahahahahaha ,e hvala redalcijo ulepšali ste mi jutro,hahahaha</comment-text><comment-text-transliterated>Hahahahahahahahahahahahahahahahahahahahahahahahahahahahahahahahahahahahaha ,e hvala redalcijo ulepšali ste mi jutro,hahahaha</comment-text-transliterated></comments><comments comment-id="5"><comment-parent-id>empty</comment-parent-id><comment-text>Dosta bree !!</comment-text><comment-text-transliterated>Dosta bree !!</comment-text-transliterated></comments><comments comment-id="5-1"><comment-parent-id>5</comment-parent-id><comment-text>bas se vidi,tako produhovljeno izgleda!!!</comment-text><comment-text-transliterated>bas se vidi,tako produhovljeno izgleda!!!</comment-text-transliterated></comments><comments comment-id="6"><comment-parent-id>empty</comment-parent-id><comment-text>Vrlo je moguce da je zavrsila kurs francuskog jezika na Sorboni, koji moze da upise svako, bez obzira na godine,  ako  ima predhodno  obrazovanje u nivou zavrsenog bak-a odnosno nase  gimnazije ili srednje skole.Ti kursevi se placaju a  polazu se i  ispiti  na kraju kursa Diploma o zavrsenom  kursu francuskog jezika  se priznaje izmedju ostalog i kad se trazi potvrda o znanju jezika za duzi boravak, francusku licnu kartu  ili  pasos/ sto  pevacica i kaze/. Sorbona, predivna gradjevina, istorisko zdanje bila  je nekad stvarno i jedan od prestizni fakulteta u svetu  i francuskoj. Danas, nema  to mesto ne samo u svetu vec i u francuskoj gde su je  odavno  prestigli  odredjeni fakulteti a naravno na prvom mestu su njihove visoke skole u koje se upisuju njihovi  najbolji studenti, a  nasih studenata  skoro da tu i  nema , sem  mozda onih "privilegovanih" sa drzavnim stipendijama sto provedu par meseci vise  turisticki i posle dodaju  u svom  CV  i " zavrsenu " visoku skolu.</comment-text><comment-text-transliterated>Vrlo je moguce da je zavrsila kurs francuskog jezika na Sorboni, koji moze da upise svako, bez obzira na godine,  ako  ima predhodno  obrazovanje u nivou zavrsenog bak-a odnosno nase  gimnazije ili srednje skole.Ti kursevi se placaju a  polazu se i  ispiti  na kraju kursa Diploma o zavrsenom  kursu francuskog jezika  se priznaje izmedju ostalog i kad se trazi potvrda o znanju jezika za duzi boravak, francusku licnu kartu  ili  pasos/ sto  pevacica i kaze/. Sorbona, predivna gradjevina, istorisko zdanje bila  je nekad stvarno i jedan od prestizni fakulteta u svetu  i francuskoj. Danas, nema  to mesto ne samo u svetu vec i u francuskoj gde su je  odavno  prestigli  odredjeni fakulteti a naravno na prvom mestu su njihove visoke skole u koje se upisuju njihovi  najbolji studenti, a  nasih studenata  skoro da tu i  nema , sem  mozda onih "privilegovanih" sa drzavnim stipendijama sto provedu par meseci vise  turisticki i posle dodaju  u svom  CV  i " zavrsenu " visoku skolu.</comment-text-transliterated></comments><comments comment-id="6-1"><comment-parent-id>6</comment-parent-id><comment-text>U tekstu nije dobro napisano, pa su mnogi pomislili da je diplomirala francuski i knjizevnost na Sorboni, a to bi znacilo da moze raditi kao profesor u Francuskoj! Taj njen kurs nije ravan ni engleskom TOEFL sa kojim se moze upisati fakultet odn. pratiti univerzitetska nastava. Dakle radi se o kursu potrebnom za recimo apliciranje za kakvu useljenicku vizu ili stalni boravak.</comment-text><comment-text-transliterated>U tekstu nije dobro napisano, pa su mnogi pomislili da je diplomirala francuski i knjizevnost na Sorboni, a to bi znacilo da moze raditi kao profesor u Francuskoj! Taj njen kurs nije ravan ni engleskom TOEFL sa kojim se moze upisati fakultet odn. pratiti univerzitetska nastava. Dakle radi se o kursu potrebnom za recimo apliciranje za kakvu useljenicku vizu ili stalni boravak.</comment-text-transliterated></comments><comments comment-id="7"><comment-parent-id>empty</comment-parent-id><comment-text>Da,da...ja joj sve verujem,verovotno je studirala zajedno sa Indirom.Samo me cudi da ona sa takvim kapacitetima nije odabrala Oksford ili Kembridz npr.Sorbona je sitna riba za nju...</comment-text><comment-text-transliterated>Da,da...ja joj sve verujem,verovotno je studirala zajedno sa Indirom.Samo me cudi da ona sa takvim kapacitetima nije odabrala Oksford ili Kembridz npr.Sorbona je sitna riba za nju...</comment-text-transliterated></comments><comments comment-id="8"><comment-parent-id>empty</comment-parent-id><comment-text>Zena misli na kurs, sta se palite. Samo neka to i kaze jer nije isto zavrsiti kurs francuskog jezika i francuski jezik, zvuci drugacije kad ze kaze.</comment-text><comment-text-transliterated>Zena misli na kurs, sta se palite. Samo neka to i kaze jer nije isto zavrsiti kurs francuskog jezika i francuski jezik, zvuci drugacije kad ze kaze.</comment-text-transliterated></comments><comments comment-id="9"><comment-parent-id>empty</comment-parent-id><comment-text>mozda na francuskom i uspe da nam objasni "kako dara od radojka"</comment-text><comment-text-transliterated>mozda na francuskom i uspe da nam objasni "kako dara od radojka"</comment-text-transliterated></comments><comments comment-id="10"><comment-parent-id>empty</comment-parent-id><comment-text>prvo treba osnovnu da zavrsi</comment-text><comment-text-transliterated>prvo treba osnovnu da zavrsi</comment-text-transliterated></comments><comments comment-id="11"><comment-parent-id>empty</comment-parent-id><comment-text>Zavrsila je Alijansu, prvi nivo, - kurs francuskog za strance.</comment-text><comment-text-transliterated>Zavrsila je Alijansu, prvi nivo, - kurs francuskog za strance.</comment-text-transliterated></comments></comment-list></article><comments><comment-count>13</comment-count></comments></document>