<document global_id="sr-03-2"><url>https://www.kurir.rs/zabava/zdravlje/2789943/obratite-paznju-ako-ne-perete-jezik-mogu-da-vam-ispadnu-zubi-ali-to-nije-sve</url><source-id>03</source-id><local-id>2</local-id><source-name>kurir</source-name><article><article-title> OBRATITE PAŽNJU</article-title><article-time> 2017-04-18</article-time><article-author>Kurir</article-author><article-text>Čišćenje jezika se u nekim kulturama smatra jednako važnim kao i pranje zuba. Sigurno niste znali da preko 700 različitih vrsta bakterija živi u ustima, a deo njih se zadržava na jeziku ukoliko redovno ne perete zube i jezik..   Ne propustite...    (VIDEO) IMA GA ČAK 90 ODSTO POPULACIJE: Zubarka otkrila najveći mit o KARIJESU      BELI ZUBI ZA SAT VREMENA: Uradite ovaj TRIK sa folijom i imaćete lepši OSMEH!      (VIDEO) ZABORAVITE PROTEZE I IMPLANTATE: Uskoro će vam NOVI zubi izrasti za samo 9 nedelja!    Naša usta su idealno stanište za bakterije jer im vlažna podloga omogućava da se razvijaju. Većina tih bakterija uzrokuje neprijatan zadah iz usta. One mogu stvoriti i sloj zbog koga jezik može postati beo. Bakterije stvaraju specifične spojeve sa sumporom, a on je glavni krivac lošeg zadaha.Za čulo ukusa su zaslužne takozvani pupoljci, koji se nalaze na jeziku, tačnije u epitelu jezika. Kada ne operete jezik, sloj bakterija, ostaci hrane i mrtve ćelije prekriju pupoljke i oslabi se čulo ukusa.Ukoliko ne održavate higijenu zuba i jezika može doći i do paradontoze. To je bolest koja oštećuje zubno meso, kost i ostale noseće strukture zuba. Ako se ne leči može doći do klaćenja i ispadanja zuba. Zato, ne zaboravite na higijenu zuba, i naravno – jezika!    Foto: Profimedia (zadovoljna.hr)       Autor:Foto: Profimedia    </article-text><article-text-transliterated>Čišćenje jezika se u nekim kulturama smatra jednako važnim kao i pranje zuba. Sigurno niste znali da preko 700 različitih vrsta bakterija živi u ustima, a deo njih se zadržava na jeziku ukoliko redovno ne perete zube i jezik..   Ne propustite...    (VIDEO) IMA GA ČAK 90 ODSTO POPULACIJE: Zubarka otkrila najveći mit o KARIJESU      BELI ZUBI ZA SAT VREMENA: Uradite ovaj TRIK sa folijom i imaćete lepši OSMEH!      (VIDEO) ZABORAVITE PROTEZE I IMPLANTATE: Uskoro će vam NOVI zubi izrasti za samo 9 nedelja!    Naša usta su idealno stanište za bakterije jer im vlažna podloga omogućava da se razvijaju. Većina tih bakterija uzrokuje neprijatan zadah iz usta. One mogu stvoriti i sloj zbog koga jezik može postati beo. Bakterije stvaraju specifične spojeve sa sumporom, a on je glavni krivac lošeg zadaha.Za čulo ukusa su zaslužne takozvani pupoljci, koji se nalaze na jeziku, tačnije u epitelu jezika. Kada ne operete jezik, sloj bakterija, ostaci hrane i mrtve ćelije prekriju pupoljke i oslabi se čulo ukusa.Ukoliko ne održavate higijenu zuba i jezika može doći i do paradontoze. To je bolest koja oštećuje zubno meso, kost i ostale noseće strukture zuba. Ako se ne leči može doći do klaćenja i ispadanja zuba. Zato, ne zaboravite na higijenu zuba, i naravno – jezika!    Foto: Profimedia (zadovoljna.hr)       Autor:Foto: Profimedia    </article-text-transliterated><comment-list /></article><comments><comment-count>0</comment-count></comments></document>