<document global_id="sr-03-22"><url>https://www.kurir.rs/vesti/srbija/2045147/odblokirano-140-sudskih-predmeta-tumaci-za-bosanski-jezik-u-prijepolju-rade-punom-parom</url><source-id>03</source-id><local-id>22</local-id><source-name>kurir</source-name><article><article-title> ODBLOKIRANO 140 SUDSKIH PREDMETA</article-title><article-time> 2015-12-04</article-time><article-author>Kurir</article-author><article-text>PRIJEPOLJE - Predsednik Osnovnog suda u Prijepolju Mileta Bezarević izjavio je da od kada su počeli da rade sudski tumači za bosanski jezik u tom sudu nije bilo novih zahteva za prevođenje predmeta na taj jezik..  "Na taj način smo rasterećeniji, a stari predmeti, za koje se tražilo suđenje na bosanskom jeziku, aktiviraju se kroz zakazivanje ročišta ili se predmet daje na prevođenje", rekao je Bezarević novinarima. U Osnovnom sudu u Prijepolju je na taj način odblokirano oko 140 sudskih predmeta koji su po nekoliko godina čekali sudskog tumača, što je polovina ukupnog broja predmeta koji su bili "na čekanju" u Višim sudovima u Užicu i Novom Pazaru.     Na osnovu Zakona o zaštiti prava i sloboda nacionalnih manjina, bosanski jezik je u službenoj upotrebi u Novom Pazaru, Prijepolju, Sjenici i Tutinu.       Autor:Beta, Foto: Zorana Jevtić    </article-text><article-text-transliterated>PRIJEPOLJE - Predsednik Osnovnog suda u Prijepolju Mileta Bezarević izjavio je da od kada su počeli da rade sudski tumači za bosanski jezik u tom sudu nije bilo novih zahteva za prevođenje predmeta na taj jezik..  "Na taj način smo rasterećeniji, a stari predmeti, za koje se tražilo suđenje na bosanskom jeziku, aktiviraju se kroz zakazivanje ročišta ili se predmet daje na prevođenje", rekao je Bezarević novinarima. U Osnovnom sudu u Prijepolju je na taj način odblokirano oko 140 sudskih predmeta koji su po nekoliko godina čekali sudskog tumača, što je polovina ukupnog broja predmeta koji su bili "na čekanju" u Višim sudovima u Užicu i Novom Pazaru.     Na osnovu Zakona o zaštiti prava i sloboda nacionalnih manjina, bosanski jezik je u službenoj upotrebi u Novom Pazaru, Prijepolju, Sjenici i Tutinu.       Autor:Beta, Foto: Zorana Jevtić    </article-text-transliterated><comment-list><comments comment-id="1"><comment-parent-id>empty</comment-parent-id><comment-text>Kakva glupost i bacanje para. Cuj, prevode sa srpskog na bosanski jezik?</comment-text><comment-text-transliterated>Kakva glupost i bacanje para. Cuj, prevode sa srpskog na bosanski jezik?</comment-text-transliterated></comments></comment-list></article><comments><comment-count>1</comment-count></comments></document>