<document global_id="sr-03-8"><url>https://www.kurir.rs/zabava/zdravlje/2745285/spoj-nespojivog-ovo-su-najgore-kombinacije-horoskopskih-znakova</url><source-id>03</source-id><local-id>8</local-id><source-name>kurir</source-name><article><article-title> NE ČISTITE JEZIK? Evo kakvi sve zdravstveni problemi mogu da vas snađu,</article-title><article-time> 2017-03-22</article-time><article-author>Kurir</article-author><article-text>Osim toga što efikasno leči zadah iz usta, čišćenje jezika se obavezno preporučuje zbog sprečavanja ozbiljnijih zdrastvenih problema. Ukoliko ne praktikujete ovu, veoma jednostavnu, naviku može doći do paradentoze zuba, a ozbiljnije posledice dovode čak i do ispadanja zuba....   Ne propustite...    PROMENE UKAZUJU NA ZDRAVSTVENE PROBLEME: Evo šta jezik može da nam kaže o našem zdravlju    Unašim ustima živi više od 700 različitih vrsta bakterija, a nemali broj se zadržava na jeziku. Dok spavamo, naše telo izbacuje toksine iz organizma, a jezik je jedan od organa, koji služi za eliminaciju istih iz probavnogsistema. Deo toksina manifestuju se kao bele naslage na jeziku.    Osim toga što efikasno leči zadah iz usta, čišćenje jezika se obavezno preporučuje zbog sprečavanja ozbiljnijih zdrastvenih problema. Ukoliko ne praktikujete ovu, veoma jednostavnu, naviku može doći do paradentoze zuba, a ozbiljnije posledice dovode čak i do ispadanja zuba... U nastavku pročitajte kakvi sve problemi mogu da nastanu ukoliko ne čistite jezik pri svakom pranju zuba:Foto: Profimedia Oštećeno čulo ukusa Ukus je jedno od pet čovekovihčula.Za osećaj ukusa zaslužni su takozvani pupoljci, koji se nalaze na jeziku. Ti pupoljci su uronjeni u epitel jezika, a građeni su od potpornih i receptorskih stanica iz kojih izlaze nervna vlakna koja se stapaju u živce, koji dalje vode u koru velikog mozga.Na površinijezika, posebno na korenu jezika, nalaze se brojne bradavice, unutar kojih se nalaze pupoljci.Kada ne perete jezik, sloj bakterija, ostaci hrane i mrtve ćelije kože mogu da prekriju pupoljke i u određenoj meri oslabe čulo ukusa. Ukoliko redovno perete jezik (preporučuje se svaki put kada perete zube) skinućete taj nepoželjan sloj i pupoljci će ponovo biti u formi. Neprijatan zadah Jedan od najčešćih problema, ukoliko ne čistite jezik, predstavlja neprijatan zadah, a događa se zbog toga jer bakterije nakupljene na jeziku počnu da stvaraju neugodan miris.Bakterije koje uzrokuju zadah obično se nalaze na kraju jezika zbog čega je važno oprati i taj deo ukoliko želite da se rešite lošeg zadaha.Foto: Profimedia Parodontoza Bakterije nakupljene na jeziku se neretko prošire i na zube, što uzrokuje upalu desnih.Ako se upala ne leči ona može da preraste u mnogo ozbiljnije stanje, odnosno parodontozu pri čemu se zubno meso povlači i dovodi do infekcije. Posledica ozbiljne parodontoze može biti i ispadanje zuba. (Dnevno)       Autor:Foto: Profimedia    </article-text><article-text-transliterated>Osim toga što efikasno leči zadah iz usta, čišćenje jezika se obavezno preporučuje zbog sprečavanja ozbiljnijih zdrastvenih problema. Ukoliko ne praktikujete ovu, veoma jednostavnu, naviku može doći do paradentoze zuba, a ozbiljnije posledice dovode čak i do ispadanja zuba....   Ne propustite...    PROMENE UKAZUJU NA ZDRAVSTVENE PROBLEME: Evo šta jezik može da nam kaže o našem zdravlju    Unašim ustima živi više od 700 različitih vrsta bakterija, a nemali broj se zadržava na jeziku. Dok spavamo, naše telo izbacuje toksine iz organizma, a jezik je jedan od organa, koji služi za eliminaciju istih iz probavnogsistema. Deo toksina manifestuju se kao bele naslage na jeziku.    Osim toga što efikasno leči zadah iz usta, čišćenje jezika se obavezno preporučuje zbog sprečavanja ozbiljnijih zdrastvenih problema. Ukoliko ne praktikujete ovu, veoma jednostavnu, naviku može doći do paradentoze zuba, a ozbiljnije posledice dovode čak i do ispadanja zuba... U nastavku pročitajte kakvi sve problemi mogu da nastanu ukoliko ne čistite jezik pri svakom pranju zuba:Foto: Profimedia Oštećeno čulo ukusa Ukus je jedno od pet čovekovihčula.Za osećaj ukusa zaslužni su takozvani pupoljci, koji se nalaze na jeziku. Ti pupoljci su uronjeni u epitel jezika, a građeni su od potpornih i receptorskih stanica iz kojih izlaze nervna vlakna koja se stapaju u živce, koji dalje vode u koru velikog mozga.Na površinijezika, posebno na korenu jezika, nalaze se brojne bradavice, unutar kojih se nalaze pupoljci.Kada ne perete jezik, sloj bakterija, ostaci hrane i mrtve ćelije kože mogu da prekriju pupoljke i u određenoj meri oslabe čulo ukusa. Ukoliko redovno perete jezik (preporučuje se svaki put kada perete zube) skinućete taj nepoželjan sloj i pupoljci će ponovo biti u formi. Neprijatan zadah Jedan od najčešćih problema, ukoliko ne čistite jezik, predstavlja neprijatan zadah, a događa se zbog toga jer bakterije nakupljene na jeziku počnu da stvaraju neugodan miris.Bakterije koje uzrokuju zadah obično se nalaze na kraju jezika zbog čega je važno oprati i taj deo ukoliko želite da se rešite lošeg zadaha.Foto: Profimedia Parodontoza Bakterije nakupljene na jeziku se neretko prošire i na zube, što uzrokuje upalu desnih.Ako se upala ne leči ona može da preraste u mnogo ozbiljnije stanje, odnosno parodontozu pri čemu se zubno meso povlači i dovodi do infekcije. Posledica ozbiljne parodontoze može biti i ispadanje zuba. (Dnevno)       Autor:Foto: Profimedia    </article-text-transliterated><comment-list /></article><comments><comment-count>0</comment-count></comments></document>