<document global_id="sr-03-44"><url>https://www.kurir.rs/planeta/3350597/zurka-za-spijune-besplatno-pivo-dok-im-se-ne-razveze-jezik-za-posetu-stranih-agenta-oktobarfestu-nemacka-vlada-debelo-odresila-kesu</url><source-id>03</source-id><local-id>44</local-id><source-name>kurir</source-name><article><article-title> ŽURKA ZA ŠPIJUNE! BESPLATNO PIVO DOK IM SE NE RAZVEŽE JEZIK</article-title><article-time> 2019-11-01</article-time><article-author>Kurir</article-author><article-text>Nemačka vlada je priznala da je finansirala posetu stranih agenata ovogodišnjem Oktoberfestu u organizaciji nemačke obaveštajne agencije..  Portparol nemačke obaveštajne agencije BND odbio je, međutim, danas da komentariše posetu, u kojoj je navodno učestvovalo više od 100 nemačkih špijuna i njihovih gostiju i koja je koštala više od 30.000 evra, prenosi AP. Agencija navodi da nije jasno da li je cela suma otišla na pivo, za koje se veruje da može da "razveže jezik".    Vest o poseti špijuna svetski poznatom festivalu piva u Minhenu obelodanjena je u odgovoru vlade na pitanje opozicionog poslanika, a o tome je prvi izvestio list "Vild am Zontag" proteklog vikenda. Poslanik Levice Diter Dem, koj je zatražio odgovorod vlade, nazvao je ovu ekskurziju "bezobraznom". Kurir.rs /Tanjug Foto: Profimedia  </article-text><article-text-transliterated>Nemačka vlada je priznala da je finansirala posetu stranih agenata ovogodišnjem Oktoberfestu u organizaciji nemačke obaveštajne agencije..  Portparol nemačke obaveštajne agencije BND odbio je, međutim, danas da komentariše posetu, u kojoj je navodno učestvovalo više od 100 nemačkih špijuna i njihovih gostiju i koja je koštala više od 30.000 evra, prenosi AP. Agencija navodi da nije jasno da li je cela suma otišla na pivo, za koje se veruje da može da "razveže jezik".    Vest o poseti špijuna svetski poznatom festivalu piva u Minhenu obelodanjena je u odgovoru vlade na pitanje opozicionog poslanika, a o tome je prvi izvestio list "Vild am Zontag" proteklog vikenda. Poslanik Levice Diter Dem, koj je zatražio odgovorod vlade, nazvao je ovu ekskurziju "bezobraznom". Kurir.rs /Tanjug Foto: Profimedia  </article-text-transliterated><comment-list /></article><comments><comment-count>0</comment-count></comments></document>