<document global_id="sr-03-13"><url>https://www.kurir.rs/planeta/austrija/2685637/bice-svade-slovenije-i-austrije-slovenci-bi-da-u-koruskoj-njihov-jezik-bude-ravnopravan-s-nemackim</url><source-id>03</source-id><local-id>13</local-id><source-name>kurir</source-name><article><article-title> BIĆE SVAĐE SLOVENIJE I AUSTRIJE</article-title><article-time> 2017-02-15</article-time><article-author>Kurir</article-author><article-text>Odnosi Slovenije i Austrije ponovno su ovih dana na iskušenju zbog predviđene reforme statuta južne austrijske pokrajine Koruška (Karnten), u kojoj živi autohtona slovenačka manjina, pišu danas slovenački mediji, a reagovalo je i Ministarstvo spoljnih poslova Slovenije..   Ne propustite...    PORODIČNA TRAGEDIJA U KORUŠKOJ: Srušio se balkon dok su ga popravljali!      LAGALI O DRŽAVLJANSTVU: Austrija vratila stotine migranata u Sloveniju!      CELA VLADA PRED SUDOM: Gradskim čelnicima sude zbog repetitora!    Nacrt statuta, o kojem se odlučuje u Klagenfurtu, predviđa da će nemački jezik biti naveden kao jedini službeni jezik u toj pokrajini, dok u sadašnjem statutu nemački ima samo status "zakonodavnog jezika".    Ministarstvo spoljnih poslova Slovenije saopštilo je da pažljivo prati situaciju i da podržava organizacije koruških Slovenaca da se na "dvojezičnom području", gde živi autohtona slovenačka manjina, prizna i ravnopravan status slovenačkog jezika, prenela je agencija Hina.     U Ljubljani navode da nije reč samo o bilateralnom pitanju, već i o obavezi Austrije prema Austrijskom državnom ugovoru iz 1955, koji su potpisale četiri države pobednice iz Drugog svetskog rata, a supotpisala je i nekadašnja SFRJ, radi garantovanja prava koruških Slovenaca i gradišćanskih Hrvata. Austrija dosad nije priznavala Sloveniji zakonski kontinuitet tog međunarodnog sporazuma, jer je supotpisnica bila bivša Jugoslavija, pa je ovih dana više opozicionih stranaka u Sloveniji ponovo pokrenulo inicijativu da ta zemlja notificira Austrijski državni ugovor kod jednog od depozitara tog sporazuma, dodaje Hina. Slovenački predsednik Borut Pahor rekao je za ;portal Politico.eu da će slovenačka vlast učiniti sve što je u njenoj moći kako bi zaštitila prava svoje etničke manjine u Austriji, koja je tamo autohtona, preneli su slovenački mediji.       Autor:Beta    </article-text><article-text-transliterated>Odnosi Slovenije i Austrije ponovno su ovih dana na iskušenju zbog predviđene reforme statuta južne austrijske pokrajine Koruška (Karnten), u kojoj živi autohtona slovenačka manjina, pišu danas slovenački mediji, a reagovalo je i Ministarstvo spoljnih poslova Slovenije..   Ne propustite...    PORODIČNA TRAGEDIJA U KORUŠKOJ: Srušio se balkon dok su ga popravljali!      LAGALI O DRŽAVLJANSTVU: Austrija vratila stotine migranata u Sloveniju!      CELA VLADA PRED SUDOM: Gradskim čelnicima sude zbog repetitora!    Nacrt statuta, o kojem se odlučuje u Klagenfurtu, predviđa da će nemački jezik biti naveden kao jedini službeni jezik u toj pokrajini, dok u sadašnjem statutu nemački ima samo status "zakonodavnog jezika".    Ministarstvo spoljnih poslova Slovenije saopštilo je da pažljivo prati situaciju i da podržava organizacije koruških Slovenaca da se na "dvojezičnom području", gde živi autohtona slovenačka manjina, prizna i ravnopravan status slovenačkog jezika, prenela je agencija Hina.     U Ljubljani navode da nije reč samo o bilateralnom pitanju, već i o obavezi Austrije prema Austrijskom državnom ugovoru iz 1955, koji su potpisale četiri države pobednice iz Drugog svetskog rata, a supotpisala je i nekadašnja SFRJ, radi garantovanja prava koruških Slovenaca i gradišćanskih Hrvata. Austrija dosad nije priznavala Sloveniji zakonski kontinuitet tog međunarodnog sporazuma, jer je supotpisnica bila bivša Jugoslavija, pa je ovih dana više opozicionih stranaka u Sloveniji ponovo pokrenulo inicijativu da ta zemlja notificira Austrijski državni ugovor kod jednog od depozitara tog sporazuma, dodaje Hina. Slovenački predsednik Borut Pahor rekao je za ;portal Politico.eu da će slovenačka vlast učiniti sve što je u njenoj moći kako bi zaštitila prava svoje etničke manjine u Austriji, koja je tamo autohtona, preneli su slovenački mediji.       Autor:Beta    </article-text-transliterated><comment-list><comments comment-id="1"><comment-parent-id>empty</comment-parent-id><comment-text>E to ste imali samo u Jugi.Spremite se da prihvatite Nemacka imena</comment-text><comment-text-transliterated>E to ste imali samo u Jugi.Spremite se da prihvatite Nemacka imena</comment-text-transliterated></comments><comments comment-id="2"><comment-parent-id>empty</comment-parent-id><comment-text>Sad ce Melanija to da sredi....</comment-text><comment-text-transliterated>Sad ce Melanija to da sredi....</comment-text-transliterated></comments><comments comment-id="3"><comment-parent-id>empty</comment-parent-id><comment-text>Bila sam dete kad su Slovenci protestovali zbog uzimanja Celovca danasnjeg Klagenfurta...tad je sve bilo SFRJ I ucitelj nam je pricao da to nije pravedno, pa sam bas nesto zamrzela Austrijance...ali danas je Klagenfurt lep moderan grad cesto sam tamo...zive svi lepo I ne znam zasto je sad Slovencima navrlo da isteruju neku pravdu...pa nece valjda Austrijanci da uce Nemacki nego obrnuto...inace pozdrav veliki za fri sop na Ljubelju...divni su I svi pricaju srpski:)</comment-text><comment-text-transliterated>Bila sam dete kad su Slovenci protestovali zbog uzimanja Celovca danasnjeg Klagenfurta...tad je sve bilo SFRJ I ucitelj nam je pricao da to nije pravedno, pa sam bas nesto zamrzela Austrijance...ali danas je Klagenfurt lep moderan grad cesto sam tamo...zive svi lepo I ne znam zasto je sad Slovencima navrlo da isteruju neku pravdu...pa nece valjda Austrijanci da uce Nemacki nego obrnuto...inace pozdrav veliki za fri sop na Ljubelju...divni su I svi pricaju srpski:)</comment-text-transliterated></comments><comments comment-id="3-1"><comment-parent-id>3</comment-parent-id><comment-text>Извините што питам,које сте годиште?Клагенфурт је одувек у Аустрији.</comment-text><comment-text-transliterated>Izvinite što pitam,koje ste godište?Klagenfurt je oduvek u Austriji.</comment-text-transliterated></comments><comments comment-id="4"><comment-parent-id>empty</comment-parent-id><comment-text>Шта би са ЕУ. Обе државе су чланице, могу путовати без докумената и свако нека иде у школу која му одговара.</comment-text><comment-text-transliterated>Šta bi sa EU. Obe države su članice, mogu putovati bez dokumenata i svako neka ide u školu koja mu odgovara.</comment-text-transliterated></comments><comments comment-id="5"><comment-parent-id>empty</comment-parent-id><comment-text>Dobro znam, svi pricaju srpski i gradiscanski hrvati i njima slicni slovenci, takodje i hrvati u Hrvatskoj i slovenci u Sloveniji, svi su oni serbijan narod. Sami kazu, posle drugog svetskog rata, taj posao sa manjinama u Austriji, zastupala je SFRJ, to jeste srbi, ostali nijesu ni voljeli to drzavu Jugoslaviju. Cudna je to odluka, ni austrijanci nemaju svoj jezik, pricaju neki los njemacki, i oni sada zastupaju  njemce, pravedno bi bilo da puste narod da odluce sami.</comment-text><comment-text-transliterated>Dobro znam, svi pricaju srpski i gradiscanski hrvati i njima slicni slovenci, takodje i hrvati u Hrvatskoj i slovenci u Sloveniji, svi su oni serbijan narod. Sami kazu, posle drugog svetskog rata, taj posao sa manjinama u Austriji, zastupala je SFRJ, to jeste srbi, ostali nijesu ni voljeli to drzavu Jugoslaviju. Cudna je to odluka, ni austrijanci nemaju svoj jezik, pricaju neki los njemacki, i oni sada zastupaju  njemce, pravedno bi bilo da puste narod da odluce sami.</comment-text-transliterated></comments><comments comment-id="6"><comment-parent-id>empty</comment-parent-id><comment-text>Naslednica SFRJ je Srbija. Svi se izvukli kad je bilo tesko na nasa leđa sve, a sad kako kome nesto treba pozivaju se na SFRJ. Sad diviđenja. Ako nece da uce strani jezik nek se vrate u svoju zemlju.</comment-text><comment-text-transliterated>Naslednica SFRJ je Srbija. Svi se izvukli kad je bilo tesko na nasa leđa sve, a sad kako kome nesto treba pozivaju se na SFRJ. Sad diviđenja. Ako nece da uce strani jezik nek se vrate u svoju zemlju.</comment-text-transliterated></comments><comments comment-id="6-1"><comment-parent-id>6</comment-parent-id><comment-text>Netočno, Srbija se samo slično zvala nakon raspada Jugoslavije. Nasljednici su sve države, a jugoslavija kao zasebni entitet je nestala. Dokaz za to je i činjenica da Srbija kao SRJ nije bila članica UN-a nakon raspada SFRJ do 2000.</comment-text><comment-text-transliterated>Netočno, Srbija se samo slično zvala nakon raspada Jugoslavije. Nasljednici su sve države, a jugoslavija kao zasebni entitet je nestala. Dokaz za to je i činjenica da Srbija kao SRJ nije bila članica UN-a nakon raspada SFRJ do 2000.</comment-text-transliterated></comments></comment-list></article><comments><comment-count>8</comment-count></comments></document>