<document global_id="sr-03-8"><url>https://www.kurir.rs/planeta/2327771/sok-iz-brisela-engleski-vise-nece-biti-zvanicni-jezik-eu</url><source-id>03</source-id><local-id>8</local-id><source-name>kurir</source-name><article><article-title> ŠOK IZ BRISELA</article-title><article-time> 2016-06-27</article-time><article-author>Kurir</article-author><article-text>Engleski jezik, drugi po broju govornika u svetu i glavni radni jezik u institucijama EU, možda neće više biti zvanični jezik EU kada Velika Britanija bude napustila blok..  To je izjavila predsednica Komiteta za ustavna pitanja Evropskog parlamenta Danuta Hubner, preneo je Rojters. "Engleski je naš zvanični jezik zato što ga je kao takvog zatražila Velika Britanija. Ako nemamo Veliku Britaniju (u EU), nemamo ni engleski", rekla je Hubnerova na konferenciji za medije posvećenoj pravnim posledicama britanskog referenduma o napuštanju EU.    Hubnerova je dodala da bi engleski mogao da ostane radni jezik EU, čak i u slučaju da više ne bude zvanični, ali da bi na to trebalo da pristanu sve države članice Unije.       Autor:Agencija TANJUG    </article-text><article-text-transliterated>Engleski jezik, drugi po broju govornika u svetu i glavni radni jezik u institucijama EU, možda neće više biti zvanični jezik EU kada Velika Britanija bude napustila blok..  To je izjavila predsednica Komiteta za ustavna pitanja Evropskog parlamenta Danuta Hubner, preneo je Rojters. "Engleski je naš zvanični jezik zato što ga je kao takvog zatražila Velika Britanija. Ako nemamo Veliku Britaniju (u EU), nemamo ni engleski", rekla je Hubnerova na konferenciji za medije posvećenoj pravnim posledicama britanskog referenduma o napuštanju EU.    Hubnerova je dodala da bi engleski mogao da ostane radni jezik EU, čak i u slučaju da više ne bude zvanični, ali da bi na to trebalo da pristanu sve države članice Unije.       Autor:Agencija TANJUG    </article-text-transliterated><comment-list><comments comment-id="1"><comment-parent-id>empty</comment-parent-id><comment-text>Bio bice i ostace</comment-text><comment-text-transliterated>Bio bice i ostace</comment-text-transliterated></comments><comments comment-id="1-1"><comment-parent-id>1</comment-parent-id><comment-text>Дјукс, мозда?!</comment-text><comment-text-transliterated>Djuks, mozda?!</comment-text-transliterated></comments><comments comment-id="2"><comment-parent-id>empty</comment-parent-id><comment-text>Deco ucite nemacki.</comment-text><comment-text-transliterated>Deco ucite nemacki.</comment-text-transliterated></comments><comments comment-id="3"><comment-parent-id>empty</comment-parent-id><comment-text>ma da nece Nemacki da bude  mozda...</comment-text><comment-text-transliterated>ma da nece Nemacki da bude  mozda...</comment-text-transliterated></comments><comments comment-id="4"><comment-parent-id>empty</comment-parent-id><comment-text>Resili ste jedno od vaznijih pitanja EU  , svaka vam cast. A kako sad mi iz Srbije da komuniciramo sa SLAVKOBG , mislim na kojem jeziku posto Slave zna samo engleski? Ma znao sam ja da ce ovo nas naj vise pogoditi :)</comment-text><comment-text-transliterated>Resili ste jedno od vaznijih pitanja EU  , svaka vam cast. A kako sad mi iz Srbije da komuniciramo sa SLAVKOBG , mislim na kojem jeziku posto Slave zna samo engleski? Ma znao sam ja da ce ovo nas naj vise pogoditi :)</comment-text-transliterated></comments><comments comment-id="4-1"><comment-parent-id>4</comment-parent-id><comment-text>Slavko je za razliku od vas bar iskren i kaze kako jeste nije kao vi koji pljujete po zapadu i kunete do neba a sa druge strane eure obozavate.</comment-text><comment-text-transliterated>Slavko je za razliku od vas bar iskren i kaze kako jeste nije kao vi koji pljujete po zapadu i kunete do neba a sa druge strane eure obozavate.</comment-text-transliterated></comments><comments comment-id="5"><comment-parent-id>empty</comment-parent-id><comment-text>Jos samo da cujem da uvode Ruski kao sluzbeni jezik  ha ha</comment-text><comment-text-transliterated>Jos samo da cujem da uvode Ruski kao sluzbeni jezik  ha ha</comment-text-transliterated></comments><comments comment-id="6"><comment-parent-id>empty</comment-parent-id><comment-text>Ruski ili Nemački</comment-text><comment-text-transliterated>Ruski ili Nemački</comment-text-transliterated></comments><comments comment-id="7"><comment-parent-id>empty</comment-parent-id><comment-text>Francuski...</comment-text><comment-text-transliterated>Francuski...</comment-text-transliterated></comments><comments comment-id="8"><comment-parent-id>empty</comment-parent-id><comment-text>ahahaha, pa engleski nikada nije ni bio obavezni jezik bar u bavarskim tj germanskim delovima drzava kao sto je nemacka, austrija, svajcarska, u italiji takodje samo italijanski a u francuskoj takodje ni da cuju  odnosno progovore engleski, sa spancima vec ne zna kako je tamo nisam bio, ovo samo govorim u drzavama u kojima sam bio i pouzdano znam da lokalno stanovnistvo nije htelo ni da bekne na engleskom svi su uglavnom govorili niks fresten kada bi im se obracao na engleski, e kada sam pokusao na Srpski pokusavali bi da me shvate sta zelim i da mi pmognu dok su engleski prezirali!</comment-text><comment-text-transliterated>ahahaha, pa engleski nikada nije ni bio obavezni jezik bar u bavarskim tj germanskim delovima drzava kao sto je nemacka, austrija, svajcarska, u italiji takodje samo italijanski a u francuskoj takodje ni da cuju  odnosno progovore engleski, sa spancima vec ne zna kako je tamo nisam bio, ovo samo govorim u drzavama u kojima sam bio i pouzdano znam da lokalno stanovnistvo nije htelo ni da bekne na engleskom svi su uglavnom govorili niks fresten kada bi im se obracao na engleski, e kada sam pokusao na Srpski pokusavali bi da me shvate sta zelim i da mi pmognu dok su engleski prezirali!</comment-text-transliterated></comments><comments comment-id="8-1"><comment-parent-id>8</comment-parent-id><comment-text>Jos kad bi znao taj srpski...</comment-text><comment-text-transliterated>Jos kad bi znao taj srpski...</comment-text-transliterated></comments><comments comment-id="8-2"><comment-parent-id>8</comment-parent-id><comment-text>Ako si im pričao taj engleski kao srpski, nije ni čudo što niko nije hteo da priča sa tobom. Ne razumeju ljudi šta ih pitaš.</comment-text><comment-text-transliterated>Ako si im pričao taj engleski kao srpski, nije ni čudo što niko nije hteo da priča sa tobom. Ne razumeju ljudi šta ih pitaš.</comment-text-transliterated></comments><comments comment-id="8-3"><comment-parent-id>8</comment-parent-id><comment-text>U toj Austriji koju spominjes samo auslenderi ne znaju Engleski. U svim institucijama se pored Nemackog govori i engleski kao i u prodavnicima i restoranima i sl. A to sto si ti naleteo na nekog naseg je drugo.</comment-text><comment-text-transliterated>U toj Austriji koju spominjes samo auslenderi ne znaju Engleski. U svim institucijama se pored Nemackog govori i engleski kao i u prodavnicima i restoranima i sl. A to sto si ti naleteo na nekog naseg je drugo.</comment-text-transliterated></comments><comments comment-id="9"><comment-parent-id>empty</comment-parent-id><comment-text>Englezi se upuvali.</comment-text><comment-text-transliterated>Englezi se upuvali.</comment-text-transliterated></comments><comments comment-id="10"><comment-parent-id>empty</comment-parent-id><comment-text>Uf kao neka vest. Pa svi znamo da će to da bude Ruski za koju godinu.</comment-text><comment-text-transliterated>Uf kao neka vest. Pa svi znamo da će to da bude Ruski za koju godinu.</comment-text-transliterated></comments><comments comment-id="11"><comment-parent-id>empty</comment-parent-id><comment-text>Gospodo, učite polako ruski, dolaze nova vremena.</comment-text><comment-text-transliterated>Gospodo, učite polako ruski, dolaze nova vremena.</comment-text-transliterated></comments><comments comment-id="12"><comment-parent-id>empty</comment-parent-id><comment-text>Ranije je Francuski bio sluzbeni jezik.</comment-text><comment-text-transliterated>Ranije je Francuski bio sluzbeni jezik.</comment-text-transliterated></comments><comments comment-id="13"><comment-parent-id>empty</comment-parent-id><comment-text>Hmmm... Ko je Danuta Hubner?</comment-text><comment-text-transliterated>Hmmm... Ko je Danuta Hubner?</comment-text-transliterated></comments><comments comment-id="14"><comment-parent-id>empty</comment-parent-id><comment-text>p..osto nece biti vise engleskog  zvanicni jezik  ja im predlazem da bude srbski . govori srbski da te celi svet razume.</comment-text><comment-text-transliterated>p..osto nece biti vise engleskog  zvanicni jezik  ja im predlazem da bude srbski . govori srbski da te celi svet razume.</comment-text-transliterated></comments><comments comment-id="14-1"><comment-parent-id>14</comment-parent-id><comment-text>Каже се "српски" а не "srbski".</comment-text><comment-text-transliterated>Kaže se "srpski" a ne "srbski".</comment-text-transliterated></comments><comments comment-id="14-2"><comment-parent-id>14</comment-parent-id><comment-text>Crni Rašo, Srpski, a ne Srbski. Malo gramatike ne bi bilo na odmet.</comment-text><comment-text-transliterated>Crni Rašo, Srpski, a ne Srbski. Malo gramatike ne bi bilo na odmet.</comment-text-transliterated></comments><comments comment-id="14-3"><comment-parent-id>14</comment-parent-id><comment-text>Jeste genije, baš srbski.</comment-text><comment-text-transliterated>Jeste genije, baš srbski.</comment-text-transliterated></comments><comments comment-id="15"><comment-parent-id>empty</comment-parent-id><comment-text>A šta nas to briga? Nit' smo u EU, nit' pričamo engleski.</comment-text><comment-text-transliterated>A šta nas to briga? Nit' smo u EU, nit' pričamo engleski.</comment-text-transliterated></comments><comments comment-id="16"><comment-parent-id>empty</comment-parent-id><comment-text>'ebo Engleski...pricaj Srpski da te citav svijet razumije posto cemo i mi na ovaj EU Titanik dok svi bjeze...ionako svi psuju na srpskom :D</comment-text><comment-text-transliterated>'ebo Engleski...pricaj Srpski da te citav svijet razumije posto cemo i mi na ovaj EU Titanik dok svi bjeze...ionako svi psuju na srpskom :D</comment-text-transliterated></comments><comments comment-id="17"><comment-parent-id>empty</comment-parent-id><comment-text>Pravo drustvo za nas..</comment-text><comment-text-transliterated>Pravo drustvo za nas..</comment-text-transliterated></comments><comments comment-id="18"><comment-parent-id>empty</comment-parent-id><comment-text>Engleski je jezik kompjutera i interneta!</comment-text><comment-text-transliterated>Engleski je jezik kompjutera i interneta!</comment-text-transliterated></comments><comments comment-id="19"><comment-parent-id>empty</comment-parent-id><comment-text>Eto prilike da se konacno uvede nemacki !</comment-text><comment-text-transliterated>Eto prilike da se konacno uvede nemacki !</comment-text-transliterated></comments><comments comment-id="20"><comment-parent-id>empty</comment-parent-id><comment-text>Ja sam za nemacki. To je jezik na kome je napisano najvise naucnih knjiga savremenog doba.</comment-text><comment-text-transliterated>Ja sam za nemacki. To je jezik na kome je napisano najvise naucnih knjiga savremenog doba.</comment-text-transliterated></comments><comments comment-id="21"><comment-parent-id>empty</comment-parent-id><comment-text>Uvedite Hrvatski jezik :P</comment-text><comment-text-transliterated>Uvedite Hrvatski jezik :P</comment-text-transliterated></comments><comments comment-id="21-1"><comment-parent-id>21</comment-parent-id><comment-text>Мислиш СРПСКИ?!</comment-text><comment-text-transliterated>Misliš SRPSKI?!</comment-text-transliterated></comments><comments comment-id="22"><comment-parent-id>empty</comment-parent-id><comment-text>Od sada je njemacki definitivno sluzbeni i radni jezik EU.</comment-text><comment-text-transliterated>Od sada je njemacki definitivno sluzbeni i radni jezik EU.</comment-text-transliterated></comments><comments comment-id="23"><comment-parent-id>empty</comment-parent-id><comment-text>Gledaj ove sto spominju Ruski jezik, cujem da skole u Srbiji ukidaju "jezike zla i zapada"  tj Njemacki i Engleski a uvode Ruski.</comment-text><comment-text-transliterated>Gledaj ove sto spominju Ruski jezik, cujem da skole u Srbiji ukidaju "jezike zla i zapada"  tj Njemacki i Engleski a uvode Ruski.</comment-text-transliterated></comments><comments comment-id="23-1"><comment-parent-id>23</comment-parent-id><comment-text>Ruski se ne uvodi,on je kao grad, dolazi sam,a sam se i ukida!</comment-text><comment-text-transliterated>Ruski se ne uvodi,on je kao grad, dolazi sam,a sam se i ukida!</comment-text-transliterated></comments><comments comment-id="24"><comment-parent-id>empty</comment-parent-id><comment-text>Kiliko jezika znaš, toliko vrediš!</comment-text><comment-text-transliterated>Kiliko jezika znaš, toliko vrediš!</comment-text-transliterated></comments><comments comment-id="24-1"><comment-parent-id>24</comment-parent-id><comment-text>To je bilo u Titovo vreme, danas, koliko imas u BANCI , ne kod kuce u JEDU, TOLIKO VREDIS, i da dodam, lepo, sada uzmite BUGARSKI, oni su vam vodilja, hihihiii</comment-text><comment-text-transliterated>To je bilo u Titovo vreme, danas, koliko imas u BANCI , ne kod kuce u JEDU, TOLIKO VREDIS, i da dodam, lepo, sada uzmite BUGARSKI, oni su vam vodilja, hihihiii</comment-text-transliterated></comments><comments comment-id="25"><comment-parent-id>empty</comment-parent-id><comment-text>Pricaj te Srpski da vas celi svet razume</comment-text><comment-text-transliterated>Pricaj te Srpski da vas celi svet razume</comment-text-transliterated></comments><comments comment-id="26"><comment-parent-id>empty</comment-parent-id><comment-text>Filipe budi siguran da ce Ruski biti zvanican u svim evropskim i svetskim insituicijama.</comment-text><comment-text-transliterated>Filipe budi siguran da ce Ruski biti zvanican u svim evropskim i svetskim insituicijama.</comment-text-transliterated></comments><comments comment-id="27"><comment-parent-id>empty</comment-parent-id><comment-text>ma kineski treba da bude zvanican</comment-text><comment-text-transliterated>ma kineski treba da bude zvanican</comment-text-transliterated></comments><comments comment-id="28"><comment-parent-id>empty</comment-parent-id><comment-text>To je ono što je Vučić sinoć rekao da svi moraju da nadograđuju znanje</comment-text><comment-text-transliterated>To je ono što je Vučić sinoć rekao da svi moraju da nadograđuju znanje</comment-text-transliterated></comments><comments comment-id="29"><comment-parent-id>empty</comment-parent-id><comment-text>Da vreme je da se inglezi malo mrdnu odatle, nisu se pokazali...</comment-text><comment-text-transliterated>Da vreme je da se inglezi malo mrdnu odatle, nisu se pokazali...</comment-text-transliterated></comments><comments comment-id="30"><comment-parent-id>empty</comment-parent-id><comment-text>ja misli  da  bi trebao da bude  nemačkii konačnooo ..... jer sve je na nemačkom kakav  engleski  napolje iz evropee</comment-text><comment-text-transliterated>ja misli  da  bi trebao da bude  nemačkii konačnooo ..... jer sve je na nemačkom kakav  engleski  napolje iz evropee</comment-text-transliterated></comments></comment-list></article><comments><comment-count>41</comment-count></comments></document>