<document global_id="sr-08-99"><url>https://www.srbijadanas.com/sport/tenis/sou-u-kazahstanu-dokovic-progovorio-na-ruskom-video-2019-10-24</url><source-id>08</source-id><local-id>99</local-id><source-name>srbijadanas</source-name><article><article-title>ŠOU U KAZAHSTANU: Đoković PROGOVORIO na RUSKOM (VIDEO) </article-title><article-time>2019-10-24</article-time><article-author>Srbija Danas</article-author><article-text> Novak Đoković, prvi reket sveta, ozrazio je zadovoljstvo što će odmeriti snage sa Rafaelom Nadalom u Kazahstanu. Srbin je prisutne pozdravio na ruskom jeziku, a i Nadal je istakao da je posle svadbe oran za nastavak teniskih obaveza. Podsetimo, početak meča je zakazan za 15 časova. Pogledajte kako izgleda mlada ruska teniserka, Vitalija Dijačenko My Birthday🎀🎈🎁 Thanks to everyone for you messages, calls and wishes, You make this day special😍💖 Vi Спасибо Всем за Поздравления🤗🎂 #2Августа #happybirthday Објава коју дели  Vitalia Diatchenko (@vdiatchenko8) дана 4. Авг 2018. у 8:51 PDT Објава коју дели Vitalia Diatchenko (@vdiatchenko8) дана 13. Дец 2017. у 9:08 PST Chasing the fish🐠🐟🐬🐋🦈👋🏻🎣 Објава коју дели  Vitalia Diatchenko (@vdiatchenko8) дана 16. Дец 2017. у 1:28 PST Привет Москва! Я даже не скучала.. #tbt Сочи😌💭☀️ Објава коју дели  Vitalia Diatchenko (@vdiatchenko8) дана 20. Јул 2017. у 4:10 PDT Објава коју дели Vitalia Diatchenko (@vdiatchenko8) дана 24. Јул 2017. у 7:32 PDT Објава коју дели Vitalia Diatchenko (@vdiatchenko8) дана 22. Сеп 2017. у 10:47 PDT Објава коју дели Vitalia Diatchenko (@vdiatchenko8) дана 9. Сеп 2018. у 6:41 PDT Објава коју дели Vitalia Diatchenko (@vdiatchenko8) дана 12. Јан 2019. у 8:13 PST Објава коју дели Vitalia Diatchenko (@vdiatchenko8) дана 2. Мај 2019. у 5:32 PDT</article-text><article-text-transliterated> Novak Đoković, prvi reket sveta, ozrazio je zadovoljstvo što će odmeriti snage sa Rafaelom Nadalom u Kazahstanu. Srbin je prisutne pozdravio na ruskom jeziku, a i Nadal je istakao da je posle svadbe oran za nastavak teniskih obaveza. Podsetimo, početak meča je zakazan za 15 časova. Pogledajte kako izgleda mlada ruska teniserka, Vitalija Dijačenko My Birthday🎀🎈🎁 Thanks to everyone for you messages, calls and wishes, You make this day special😍💖 Vi Spasibo Vsem za Pozdravleniя🤗🎂 #2Avgusta #happybirthday Objava koju deli  Vitalia Diatchenko (@vdiatchenko8) dana 4. Avg 2018. u 8:51 PDT Objava koju deli Vitalia Diatchenko (@vdiatchenko8) dana 13. Dec 2017. u 9:08 PST Chasing the fish🐠🐟🐬🐋🦈👋🏻🎣 Objava koju deli  Vitalia Diatchenko (@vdiatchenko8) dana 16. Dec 2017. u 1:28 PST Privet Moskva! Я daže ne skučala.. #tbt Soči😌💭☀️ Objava koju deli  Vitalia Diatchenko (@vdiatchenko8) dana 20. Jul 2017. u 4:10 PDT Objava koju deli Vitalia Diatchenko (@vdiatchenko8) dana 24. Jul 2017. u 7:32 PDT Objava koju deli Vitalia Diatchenko (@vdiatchenko8) dana 22. Sep 2017. u 10:47 PDT Objava koju deli Vitalia Diatchenko (@vdiatchenko8) dana 9. Sep 2018. u 6:41 PDT Objava koju deli Vitalia Diatchenko (@vdiatchenko8) dana 12. Jan 2019. u 8:13 PST Objava koju deli Vitalia Diatchenko (@vdiatchenko8) dana 2. Maj 2019. u 5:32 PDT</article-text-transliterated><comment-list /></article><comments><comment-count>0</comment-count></comments></document>