<document global_id="sr-08-268"><url>https://www.srbijadanas.com/vesti/svet/oglasio-se-kremlj-povodom-slucaja-skripalja-moskva-nema-veze-sa-trovanjem-bivseg-spijuna-2018-03-14</url><source-id>08</source-id><local-id>268</local-id><source-name>srbijadanas</source-name><article><article-title>Oglasio se Kremlj povodom slučaja Skripalja: Moskva nema veze sa trovanjem bivšeg špijuna </article-title><article-time>2018-03-14</article-time><article-author>Tanjug</article-author><article-text> Moskva nema nikakve veze sa trovanjem bivšeg špijuna Sergeja Skripalja nervnim gasom u Britaniji, izjavio je danas portparol Kremlja Dmitrij Peskov, poručivši da Rusija ne prihvata jezik ultimatuma. Pročitajte i: On je istakao da Moskva ne prihvata apsolutno neosnovane optužbe protiv Rusije, koje nisu potkrepljene dokazima, kao i da ne prihvata jezik ultimatuma, prenosi Tas s. Na pitanje novinara da li Moskva strahuje da će se naći u međunarodnoj izolaciji zbog ovog slučaja, Peskov odgovara da se Kremlj nada da će prevladati zdrav razum i da će se druge države zamisliti nad tim da li postoje neki dokazi ili ne i koliko mogu biti osnovane bilo kakve optužbe na račun Rusije. Britanska premijerka Tereza Mej optužila je u ponedeljak Rusiju da stoji iza napada. Skripalj (66) i njegova kćerka Julija (33) nađeni su u besvesnom stanju 4. marta na klupi u engleskom gradu Solsberiju i od tada se nalaze u bolnici, a u kritičnom stanju je i policajac koji se našao na licu mesta kada su oni pronađeni.</article-text><article-text-transliterated> Moskva nema nikakve veze sa trovanjem bivšeg špijuna Sergeja Skripalja nervnim gasom u Britaniji, izjavio je danas portparol Kremlja Dmitrij Peskov, poručivši da Rusija ne prihvata jezik ultimatuma. Pročitajte i: On je istakao da Moskva ne prihvata apsolutno neosnovane optužbe protiv Rusije, koje nisu potkrepljene dokazima, kao i da ne prihvata jezik ultimatuma, prenosi Tas s. Na pitanje novinara da li Moskva strahuje da će se naći u međunarodnoj izolaciji zbog ovog slučaja, Peskov odgovara da se Kremlj nada da će prevladati zdrav razum i da će se druge države zamisliti nad tim da li postoje neki dokazi ili ne i koliko mogu biti osnovane bilo kakve optužbe na račun Rusije. Britanska premijerka Tereza Mej optužila je u ponedeljak Rusiju da stoji iza napada. Skripalj (66) i njegova kćerka Julija (33) nađeni su u besvesnom stanju 4. marta na klupi u engleskom gradu Solsberiju i od tada se nalaze u bolnici, a u kritičnom stanju je i policajac koji se našao na licu mesta kada su oni pronađeni.</article-text-transliterated><comment-list /></article><comments><comment-count>0</comment-count></comments></document>