<document global_id="sr-08-236"><url>https://www.srbijadanas.com/vesti/region/deca-umiru-od-raka-ljudi-su-sterilni-vedrana-za-muke-na-balkanu-krivi-jednu-osobu-2017-01-30</url><source-id>08</source-id><local-id>236</local-id><source-name>srbijadanas</source-name><article><article-title>DECA UMIRU OD RAKA, LJUDI SU STERILNI: Vedrana za muke na Balkanu krivi JEDNU OSOBU! </article-title><article-time>2017-01-30</article-time><article-author>rudan.info</article-author><article-text> Kontroverzna hrvatska spisateljica u novom blogu osvrće se na razmišljanja koja joj je potakla knjiga “Hirošima” Džona Herseja. Jasno ističe da joj je muka raznoraznih komentatora lika i dela novog američkog predsednika, koji je po njoj slika i prilika onoga što Amerika zapravo jeste, te da svi treba da se okrenemo činjenici da je Jugoslavija zapravo Hirošima, da ovde od osiromašenog uranijuma ljudi masovno oboljevaju, a da smo pritom svi zaboravili ko je glavni (američki) krivac za sva naša stradanja. U celosti vam prenosimo njenu kolumnu “Hirošima na Balkanu”: “Pročitala sam knjigu “Hirošima” Džona Hersija. Knjiga ima stotinak stranica, a košta 49 kuna. Priča je jednostavna onoliko koliko to može biti samo remek-djelo. Prepisat ću što piše na poleđini knjižice.“Knjigu HIROŠIMA, reportažno remek-djelo legende novinarstva Johna Herseya objavljuemo povodom sedamdesete godišnjice prvog američkog izdanja. Reportaža je u integralnom obliku objavljena u The New Yorkeru 31. kolovoza 1946., što je jedinstven slučaj u povijesti časopisa. Herseyev razoran izvještaj o masovnom uništenju odjeknuo je čitavim planetom. Samo je Albert Einstein kupio tisuću primjeraka New Yorkera kako bi priču o potresnoj istini mogao podijeliti prijateljima. HIROŠIMA je u prijevodu na hrvatski jezik prvi put bila objavljena 1952. godine u izdanju Društva novinara Hrvatske, a novo izdanje u prijevodu Ljudevita Stantića predstavljaju vam Sandorf i Hrvatsko novinarsko društvo.” Maknut ću se od knjige. Svakoga dana slušamo o katastrofi svjetskih razmjera što ju je izazvao izbor Trumpa za predsjednika SAD-a. Nema bića, od holivudskih glumica i glumičica, porno-zvijezda i zvjezdičica, književnika, “analitičara” svjetskih i domaćih, koji nisu zgroženi ukazanjem Hitlera iz Svjetskog Sokaka. Meni drag hrvatski kolumnist piše kako je Trump “naš novi vođa za vrijeme koje dolazi, vrijeme u kojemu dobrota, samilost, velikodušnost, otvorenost i pristojnost neće više značiti ništa.” Dirnula me ova rečenica. Mora da je dobar osjećaj vjerovati da nas je dolazak Trumpa izvukao iz vremena “samilosti, velikodušnosti, otvorenosti i pristojnosti.” Naša poznata jugoslavenska glumica koja trenutno živi u Americi u dirljivom je tekstu opisala užas koji hara njenom dušom a posljedica je ukazanja “narančastog čudovišta” na američkoj političkoj sceni. Nju, kad sleti u grad u kojem živi, sa ogromnog plakata više neće širokim osmijehom pozdraviti Obama nego Zlo u koje ona ne može i neće pogledati. Proći će pokraj ogromne fotke “Čudovišta” ko pokraj turskog groba. Glumica djeluje pristojno. Nikad mi ne bi palo na pamet da bi mogla tako prostačkim rječnikom nazvati predsjednika sad već svoje zemlje. Od mene bi se moglo očekivati da njenog omiljenog predsjednika koji je upravo napustio Kuću nazovem “ušatim crnjom” ogorčena što je pobio i obeskućio milijune ljudi, ali, opće je poznato da ja nisam pristojna i da je za mene zločinac koji je počinio monstrozna zlodjela veće čudovište od onog koje će to možda učiniti, ma koliko ono bilo “narančasto.” U rat protiv “Narančastog” uskočio je i nekad naš dečkić a danas poznati američki pisac. Pa kaže:”Da bismo pisali u Americi moramo biti spremni izgubiti sve, moramo priznati da zapravo nikada nismo imali ono što smo mislili da imamo, moramo napustiti nadu i prihvatiti borbu, moramo se boriti na ulicama i u svojim rečenicama…” Analitičar do analitičarke. Svi su odreda, i svjetski i naši, preko noći su zanemarili činjenicu da već desetljećima živimo u demokratskom fašizmu. Što Trump jest a Merkel nije? Što Trump jest a Bush nije bio, što Trump jest, a EUropske američke sluge nisu? Teze svih analitiča koji pljuju po Trumpu ne držim tezama glupana nego tezama manipulatora. Trump je laka meta jer je protiv njega “civilizirani svijet” koji briše ruke prije jela i poslije svakog ispražnjenja tijela. Za njega su samo glupani koje čak ne uznemiruje ni njegov narančasti ten. Priča je ipak mnogo jednostavnija nego što izgleda. Znamo koliko je Amerika jaka zemlja, svakome je jasno da se Americi ne može “dogoditi Trump” ako to ona ne dozvoli. Kad kažem “Amerika” naravno da mislim na onu nekolicinu ljudi koji vladaju njome i svijetom. Da Trump njima ne odgovara njega bilo ne bi. Ili bi mu na startu rekli da odustane, ili bi ga, ako bi bio nerazumno tvrdoglav, ustrijelili. Ne bi im bilo prvi put. Dakle, Trump je izbor Amerikanaca koji vladaju Amerikom, oni su se odlučili za Golog Amera, neka on govori ono što oni misle, neka se na njega pale glumice, pjevačičice, “analitičari”, “velika pera” i “Dva čela” koja su odbila nastup na njegovoj inauguraciji. Ha, ha. Otkad to svjetski glumci, pjevači i svirači imaju pravo odlučivati o bilo čemu. Njihovi ugovori su tako čvrsti da ne odlučuju ni o frizuri svog međunožja. Vraćam se “Hirošimi.” U The New Yorkeru” je John Hersey 1946. godine objavio esej o američkom Zločinu. Bomba na Hirošimu bačena je točno u osam sati i petnaest minuta ujutro, 6. kolovoza 1945. godine po japanskom vremenu. Kužite koliko je vremena trebalo da Hersey skuži što je Zločin? Postavljam pitanje našim glumicama, pjevačičicama, filozofima, kolumnistima, velikom američkom piscu koji je nekad bio naš dječak, u koliko je točno sati i minuta, koga dana i koje godine bačena prva bomba sa osiromašenim uranom na Beograd? U koliko sati i koliko minuta i kojih dana su krenule iduće? Sigurna sam od od tisuću “naših” mrzitelja Trumpa ni jedan, ni jedna, ne znaju odgovor na ovo pitanje. A JUGOSLAVIJA jest HIROŠIMA, a Hirošimom je nije učinio Trump nego Klinton koji je u percepciji junaka moje priče Je*ač a ne Zločinac. Moram razjasniti, JUGOSLAVIJA nije samo Beograd, JUGOSLAVIJA su i Split i Sarajevo i Priština i Opatija i Zagreb i Mošćenička Draga i Jadransko more i... Trumpa volim jer je Amerika. Čista. Esencijalna. Bez fige u džepu. On je ono što je Amerika već nekoliko desetljeća jest, spodoba, ovaj put, neogrnuta demokratskim fašizmom. Ne bih pisala ovaj besmisleni tekst da nisam pročitala HIROŠIMU. Jednostavno, srce mi puca dok oko sebe gledam kako masovno od raka umiru dječica, mlade majke, dečki su sterilni, bebe se rađaju sa tri raka, Clinton, taj nasmiješeni dečko, uništio je živote svih nas na ovim prostorima za idućih 1200 godina, a nikome na pamet ne pada da napiše knjižicu JUGOSLAVIJA.</article-text><article-text-transliterated> Kontroverzna hrvatska spisateljica u novom blogu osvrće se na razmišljanja koja joj je potakla knjiga “Hirošima” Džona Herseja. Jasno ističe da joj je muka raznoraznih komentatora lika i dela novog američkog predsednika, koji je po njoj slika i prilika onoga što Amerika zapravo jeste, te da svi treba da se okrenemo činjenici da je Jugoslavija zapravo Hirošima, da ovde od osiromašenog uranijuma ljudi masovno oboljevaju, a da smo pritom svi zaboravili ko je glavni (američki) krivac za sva naša stradanja. U celosti vam prenosimo njenu kolumnu “Hirošima na Balkanu”: “Pročitala sam knjigu “Hirošima” Džona Hersija. Knjiga ima stotinak stranica, a košta 49 kuna. Priča je jednostavna onoliko koliko to može biti samo remek-djelo. Prepisat ću što piše na poleđini knjižice.“Knjigu HIROŠIMA, reportažno remek-djelo legende novinarstva Johna Herseya objavljuemo povodom sedamdesete godišnjice prvog američkog izdanja. Reportaža je u integralnom obliku objavljena u The New Yorkeru 31. kolovoza 1946., što je jedinstven slučaj u povijesti časopisa. Herseyev razoran izvještaj o masovnom uništenju odjeknuo je čitavim planetom. Samo je Albert Einstein kupio tisuću primjeraka New Yorkera kako bi priču o potresnoj istini mogao podijeliti prijateljima. HIROŠIMA je u prijevodu na hrvatski jezik prvi put bila objavljena 1952. godine u izdanju Društva novinara Hrvatske, a novo izdanje u prijevodu Ljudevita Stantića predstavljaju vam Sandorf i Hrvatsko novinarsko društvo.” Maknut ću se od knjige. Svakoga dana slušamo o katastrofi svjetskih razmjera što ju je izazvao izbor Trumpa za predsjednika SAD-a. Nema bića, od holivudskih glumica i glumičica, porno-zvijezda i zvjezdičica, književnika, “analitičara” svjetskih i domaćih, koji nisu zgroženi ukazanjem Hitlera iz Svjetskog Sokaka. Meni drag hrvatski kolumnist piše kako je Trump “naš novi vođa za vrijeme koje dolazi, vrijeme u kojemu dobrota, samilost, velikodušnost, otvorenost i pristojnost neće više značiti ništa.” Dirnula me ova rečenica. Mora da je dobar osjećaj vjerovati da nas je dolazak Trumpa izvukao iz vremena “samilosti, velikodušnosti, otvorenosti i pristojnosti.” Naša poznata jugoslavenska glumica koja trenutno živi u Americi u dirljivom je tekstu opisala užas koji hara njenom dušom a posljedica je ukazanja “narančastog čudovišta” na američkoj političkoj sceni. Nju, kad sleti u grad u kojem živi, sa ogromnog plakata više neće širokim osmijehom pozdraviti Obama nego Zlo u koje ona ne može i neće pogledati. Proći će pokraj ogromne fotke “Čudovišta” ko pokraj turskog groba. Glumica djeluje pristojno. Nikad mi ne bi palo na pamet da bi mogla tako prostačkim rječnikom nazvati predsjednika sad već svoje zemlje. Od mene bi se moglo očekivati da njenog omiljenog predsjednika koji je upravo napustio Kuću nazovem “ušatim crnjom” ogorčena što je pobio i obeskućio milijune ljudi, ali, opće je poznato da ja nisam pristojna i da je za mene zločinac koji je počinio monstrozna zlodjela veće čudovište od onog koje će to možda učiniti, ma koliko ono bilo “narančasto.” U rat protiv “Narančastog” uskočio je i nekad naš dečkić a danas poznati američki pisac. Pa kaže:”Da bismo pisali u Americi moramo biti spremni izgubiti sve, moramo priznati da zapravo nikada nismo imali ono što smo mislili da imamo, moramo napustiti nadu i prihvatiti borbu, moramo se boriti na ulicama i u svojim rečenicama…” Analitičar do analitičarke. Svi su odreda, i svjetski i naši, preko noći su zanemarili činjenicu da već desetljećima živimo u demokratskom fašizmu. Što Trump jest a Merkel nije? Što Trump jest a Bush nije bio, što Trump jest, a EUropske američke sluge nisu? Teze svih analitiča koji pljuju po Trumpu ne držim tezama glupana nego tezama manipulatora. Trump je laka meta jer je protiv njega “civilizirani svijet” koji briše ruke prije jela i poslije svakog ispražnjenja tijela. Za njega su samo glupani koje čak ne uznemiruje ni njegov narančasti ten. Priča je ipak mnogo jednostavnija nego što izgleda. Znamo koliko je Amerika jaka zemlja, svakome je jasno da se Americi ne može “dogoditi Trump” ako to ona ne dozvoli. Kad kažem “Amerika” naravno da mislim na onu nekolicinu ljudi koji vladaju njome i svijetom. Da Trump njima ne odgovara njega bilo ne bi. Ili bi mu na startu rekli da odustane, ili bi ga, ako bi bio nerazumno tvrdoglav, ustrijelili. Ne bi im bilo prvi put. Dakle, Trump je izbor Amerikanaca koji vladaju Amerikom, oni su se odlučili za Golog Amera, neka on govori ono što oni misle, neka se na njega pale glumice, pjevačičice, “analitičari”, “velika pera” i “Dva čela” koja su odbila nastup na njegovoj inauguraciji. Ha, ha. Otkad to svjetski glumci, pjevači i svirači imaju pravo odlučivati o bilo čemu. Njihovi ugovori su tako čvrsti da ne odlučuju ni o frizuri svog međunožja. Vraćam se “Hirošimi.” U The New Yorkeru” je John Hersey 1946. godine objavio esej o američkom Zločinu. Bomba na Hirošimu bačena je točno u osam sati i petnaest minuta ujutro, 6. kolovoza 1945. godine po japanskom vremenu. Kužite koliko je vremena trebalo da Hersey skuži što je Zločin? Postavljam pitanje našim glumicama, pjevačičicama, filozofima, kolumnistima, velikom američkom piscu koji je nekad bio naš dječak, u koliko je točno sati i minuta, koga dana i koje godine bačena prva bomba sa osiromašenim uranom na Beograd? U koliko sati i koliko minuta i kojih dana su krenule iduće? Sigurna sam od od tisuću “naših” mrzitelja Trumpa ni jedan, ni jedna, ne znaju odgovor na ovo pitanje. A JUGOSLAVIJA jest HIROŠIMA, a Hirošimom je nije učinio Trump nego Klinton koji je u percepciji junaka moje priče Je*ač a ne Zločinac. Moram razjasniti, JUGOSLAVIJA nije samo Beograd, JUGOSLAVIJA su i Split i Sarajevo i Priština i Opatija i Zagreb i Mošćenička Draga i Jadransko more i... Trumpa volim jer je Amerika. Čista. Esencijalna. Bez fige u džepu. On je ono što je Amerika već nekoliko desetljeća jest, spodoba, ovaj put, neogrnuta demokratskim fašizmom. Ne bih pisala ovaj besmisleni tekst da nisam pročitala HIROŠIMU. Jednostavno, srce mi puca dok oko sebe gledam kako masovno od raka umiru dječica, mlade majke, dečki su sterilni, bebe se rađaju sa tri raka, Clinton, taj nasmiješeni dečko, uništio je živote svih nas na ovim prostorima za idućih 1200 godina, a nikome na pamet ne pada da napiše knjižicu JUGOSLAVIJA.</article-text-transliterated><comment-list><comments comment-id="1"><comment-parent-id>empty</comment-parent-id><comment-text>Bravo!</comment-text><comment-text-transliterated>Bravo!</comment-text-transliterated></comments></comment-list></article><comments><comment-count>1</comment-count></comments></document>