<document global_id="sr-08-267"><url>https://www.srbijadanas.com/sport/kosarka/ne-moze-da-prezali-samarado-samjuels-je-za-ovo-optuzio-partizan-2018-03-15</url><source-id>08</source-id><local-id>267</local-id><source-name>srbijadanas</source-name><article><article-title>NE MOŽE DA PREŽALI: Samаrdo Samjuels je za OVO optužio Partizan </article-title><article-time>2018-03-15</article-time><article-author>Srbija Danas</article-author><article-text> Samardo Samjuels kratko se zadržao u Partizanu i teško da će ostati u lepom sećanju navijačima crno-belih. Centar poreklom sa Jamajke ušao je u sukom sa tadašnjim trenerom Partizana Miroslavom Nikolićem, a problem je nastao i zbog Samjuelsove aktivnosti na društvenim mrežama. Slične probleme je Samjuels imao i u Betisu pre nego što je došao u Partizan, ali je centar naglasio da je u oba slučaja pogrešno shvaćen i da njegove objave na društvenim mrežama nemaju veze sa igranjem košarke.  - U Betisu sam bio najbolji igrač tokom priprema. Možda sam imao nesuglasice sa trenerom, možda sam mu nešto i rekao, ali konačnu odluku doneo je prvi čovek kluba, ne trener. Isto mi se dogodilo i u Partizanu sa objavama na društvenim mrežama, Instagram i košarka ne idu zajedno. Znam da je javno sve što objavim na društvenim mrežama i znam da su svi mogli da vide moj profil. Ali moja je stvar šta ja radim u slobodno vreme i u privatnom životu. Mogao sam da stavim šta ja hoću, sve dok to ne šteti Partizanu. Sve je bilo van moje kontrole. Od svih vesti koje su se pojavile o meni, nijedna prethodno nije došla do mene, kako bi se čula moja strana priče. Kako o nekome s kim nikada niste razgovarali, ko pritom ne razume vaš jezik, možete da pišete da je ser…a - rekao je Samjuels. Jamajčanin je posebno istakao da je pre igranja za Betis i Partizan imao odličnu karijeru.  - Celu karijeru gradite na jedan način, a onda zbog nekih dešavanja može da se uništi sve što sam uradio još od svog četrnaestog rođendana. Recite mi, šta se dešavalo u Barseloni, Milanu, Klivlendu, Lujvilu. Na svim tim mestima nije bilo nijednog problema. Kada sam otišao iz Partizana, počeli su da se pojavljuju članci u novinama gde piše da je klub bio u velikom problemu, u finansijskoj krizi, da duguje sedam miliona evra. Betis se i pored svih poteškoća otarasio igrača kakav je Dontej Drejper. Nije ni čudo šta se sve dogodilo takvom klubu - smatra Samjuels. Vrhunac svega je što je Samjuels, koji trenutno igra za francuski Limož, optužio Betis i Partizan da su mu uništili karijeru. Sve najnovije sportske vesti možete da pročitate OVDE.</article-text><article-text-transliterated> Samardo Samjuels kratko se zadržao u Partizanu i teško da će ostati u lepom sećanju navijačima crno-belih. Centar poreklom sa Jamajke ušao je u sukom sa tadašnjim trenerom Partizana Miroslavom Nikolićem, a problem je nastao i zbog Samjuelsove aktivnosti na društvenim mrežama. Slične probleme je Samjuels imao i u Betisu pre nego što je došao u Partizan, ali je centar naglasio da je u oba slučaja pogrešno shvaćen i da njegove objave na društvenim mrežama nemaju veze sa igranjem košarke.  - U Betisu sam bio najbolji igrač tokom priprema. Možda sam imao nesuglasice sa trenerom, možda sam mu nešto i rekao, ali konačnu odluku doneo je prvi čovek kluba, ne trener. Isto mi se dogodilo i u Partizanu sa objavama na društvenim mrežama, Instagram i košarka ne idu zajedno. Znam da je javno sve što objavim na društvenim mrežama i znam da su svi mogli da vide moj profil. Ali moja je stvar šta ja radim u slobodno vreme i u privatnom životu. Mogao sam da stavim šta ja hoću, sve dok to ne šteti Partizanu. Sve je bilo van moje kontrole. Od svih vesti koje su se pojavile o meni, nijedna prethodno nije došla do mene, kako bi se čula moja strana priče. Kako o nekome s kim nikada niste razgovarali, ko pritom ne razume vaš jezik, možete da pišete da je ser…a - rekao je Samjuels. Jamajčanin je posebno istakao da je pre igranja za Betis i Partizan imao odličnu karijeru.  - Celu karijeru gradite na jedan način, a onda zbog nekih dešavanja može da se uništi sve što sam uradio još od svog četrnaestog rođendana. Recite mi, šta se dešavalo u Barseloni, Milanu, Klivlendu, Lujvilu. Na svim tim mestima nije bilo nijednog problema. Kada sam otišao iz Partizana, počeli su da se pojavljuju članci u novinama gde piše da je klub bio u velikom problemu, u finansijskoj krizi, da duguje sedam miliona evra. Betis se i pored svih poteškoća otarasio igrača kakav je Dontej Drejper. Nije ni čudo šta se sve dogodilo takvom klubu - smatra Samjuels. Vrhunac svega je što je Samjuels, koji trenutno igra za francuski Limož, optužio Betis i Partizan da su mu uništili karijeru. Sve najnovije sportske vesti možete da pročitate OVDE.</article-text-transliterated><comment-list /></article><comments><comment-count>0</comment-count></comments></document>