<document global_id="sr-08-282"><url>https://www.srbijadanas.com/it/vesti/korisna-novina-gugl-maps-od-sada-i-na-srpskom-jeziku-2018-03-28</url><source-id>08</source-id><local-id>282</local-id><source-name>srbijadanas</source-name><article><article-title>KORISNA NOVINA: Gugl "Maps" od sada i na srpskom jeziku </article-title><article-time>2018-03-28</article-time><article-author>Srbija Danas</article-author><article-text> "Gugl" je odlučio da dodatno poboljša svoj popularni servis "Maps". Ovoga puta ne nekom novom funkcijom koja, na primer pomaže u traženju najkraće rute do odredišta ili najbližeg restorana, već je dodata i podrška za nove jezike unutar samog servisa. Iz IT giganta su odlučili da u "Google maps" dodaju podršku za 39 novih jezika kojima se služi oko 1,25 milijardi ljudi u celom svetu, a među njima se nalazi i srpski jezik. Od ostalih jezika tu su i bosanski, hrvatski, slovenački, danski, turski, finski, filipinski, rumunski, češki, slovački i drugi. Celu listu dodatih jezika možete da pogledate na "Guglovoj" internet stranici. Inače, "Gugl" ističe kako "Google maps" koristi više od milijardu korisnika, a sam servis dostupan je za iOS i Android mobilne uređaje.</article-text><article-text-transliterated> "Gugl" je odlučio da dodatno poboljša svoj popularni servis "Maps". Ovoga puta ne nekom novom funkcijom koja, na primer pomaže u traženju najkraće rute do odredišta ili najbližeg restorana, već je dodata i podrška za nove jezike unutar samog servisa. Iz IT giganta su odlučili da u "Google maps" dodaju podršku za 39 novih jezika kojima se služi oko 1,25 milijardi ljudi u celom svetu, a među njima se nalazi i srpski jezik. Od ostalih jezika tu su i bosanski, hrvatski, slovenački, danski, turski, finski, filipinski, rumunski, češki, slovački i drugi. Celu listu dodatih jezika možete da pogledate na "Guglovoj" internet stranici. Inače, "Gugl" ističe kako "Google maps" koristi više od milijardu korisnika, a sam servis dostupan je za iOS i Android mobilne uređaje.</article-text-transliterated><comment-list /></article><comments><comment-count>0</comment-count></comments></document>