<document global_id="sr-08-125"><url>https://www.srbijadanas.com/clanak/vucic-odlucio-definitivno-cu-ici-na-komemoraciju-u-potocare-09-07-2015</url><source-id>08</source-id><local-id>125</local-id><source-name>srbijadanas</source-name><article><article-title>VUČIĆ ODLUČIO: Definitivno ću ići na komemoraciju u Potočare </article-title><article-time>09-07-2015</article-time><article-author>Tanjug</article-author><article-text> "Bezbednosne procene me nikad nisu zanimale", rekao je Vučić novinarima nakon susreta sa predsednikom Evropske komisije Žan Klod Junkerom u Brisleu. On je kazao da ga ne zanimaju ni pojedine uvredljive izjave na račun Srbije. "Sto puta sam se ugrizao za jezik da ne bih odgovarao na provokacije i uvrede", rekao je Vučić i dodao da je jedino što je važno da se između srpskog i bošnjačkog naroda izgradi bolji i iskreniji odnos. Upitan da prokomentariše današnju rezoluciju o Srebrenici koju je doneo Evropski parlament, Vučić je kazao da je primetio da su vodeću ulogu u tome imali hrvatski poslanici. "Neću ništa više da kažem i sad će se sto prvi put ugristi za jezik", rekao je premijer Srbije. Predsednik Vlade Srbije Aleksandar Vučić izjavio je danas da Junker iskreno podržava reforme u Srbiji i što ranije otvaranje poglavlja u pregovorima o proširenju. Predsednik Evropske komisije Žan-Klod Junker trebalo bi da poseti Srbiju u oktobru, što bi mogla da bude dobra vest za našu zemlju, pre svega kada je reč o otvaranju pregovaračkih poglavlja za članstvo Srbije u Evropskoj uniji, izjavio je danas srpski premijer . Vučić je kazao da, kao i nemačka kancelarka Angela Merkel, i Junker podržava što skorije otvaranje pregovaračkih poglavlja i da je u tom smislu dobio nedvosmislena uveravanja. "Kao i sinoć, kada su razgovori sa nemačkom kancelarkom Angelom Merkel trajali sat duže nego što je bilo predviđeno, i ovaj razgovor je probio termin", rekao je Vučić novinarima u Briselu. On je naglasio da je veoma zadovoljan atmosferom današnjih razgovora i da se uverio da će Srbija od Junkera dobiti i ličnu i institucionalnu podršku na evropskom putu. "Razgovarali smo o tome šta sve treba da uradimo u vezi sa akcionim planom za poglavlje 23, ali i o odnosima u regionu", kazao je srpski premijer. Vučić je rekao da je, pored toga, bilo reči i o ekonomskim reformama u Srbiji, koje je predsednik EK pohvalio. "Dobili smo mnoge pohvale, i teške mere koje smo preduzeli već počinju da daju rezultate", rekao je premijer. Pogledajte i:</article-text><article-text-transliterated> "Bezbednosne procene me nikad nisu zanimale", rekao je Vučić novinarima nakon susreta sa predsednikom Evropske komisije Žan Klod Junkerom u Brisleu. On je kazao da ga ne zanimaju ni pojedine uvredljive izjave na račun Srbije. "Sto puta sam se ugrizao za jezik da ne bih odgovarao na provokacije i uvrede", rekao je Vučić i dodao da je jedino što je važno da se između srpskog i bošnjačkog naroda izgradi bolji i iskreniji odnos. Upitan da prokomentariše današnju rezoluciju o Srebrenici koju je doneo Evropski parlament, Vučić je kazao da je primetio da su vodeću ulogu u tome imali hrvatski poslanici. "Neću ništa više da kažem i sad će se sto prvi put ugristi za jezik", rekao je premijer Srbije. Predsednik Vlade Srbije Aleksandar Vučić izjavio je danas da Junker iskreno podržava reforme u Srbiji i što ranije otvaranje poglavlja u pregovorima o proširenju. Predsednik Evropske komisije Žan-Klod Junker trebalo bi da poseti Srbiju u oktobru, što bi mogla da bude dobra vest za našu zemlju, pre svega kada je reč o otvaranju pregovaračkih poglavlja za članstvo Srbije u Evropskoj uniji, izjavio je danas srpski premijer . Vučić je kazao da, kao i nemačka kancelarka Angela Merkel, i Junker podržava što skorije otvaranje pregovaračkih poglavlja i da je u tom smislu dobio nedvosmislena uveravanja. "Kao i sinoć, kada su razgovori sa nemačkom kancelarkom Angelom Merkel trajali sat duže nego što je bilo predviđeno, i ovaj razgovor je probio termin", rekao je Vučić novinarima u Briselu. On je naglasio da je veoma zadovoljan atmosferom današnjih razgovora i da se uverio da će Srbija od Junkera dobiti i ličnu i institucionalnu podršku na evropskom putu. "Razgovarali smo o tome šta sve treba da uradimo u vezi sa akcionim planom za poglavlje 23, ali i o odnosima u regionu", kazao je srpski premijer. Vučić je rekao da je, pored toga, bilo reči i o ekonomskim reformama u Srbiji, koje je predsednik EK pohvalio. "Dobili smo mnoge pohvale, i teške mere koje smo preduzeli već počinju da daju rezultate", rekao je premijer. Pogledajte i:</article-text-transliterated><comment-list /></article><comments><comment-count>0</comment-count></comments></document>