<document global_id="sr-08-284"><url>https://www.srbijadanas.com/vesti/drustvo/comski-potpisao-deklaraciju-o-zajednickom-jeziku-srba-hrvata-crnogoraca-i-bosnjaka-2018-03-27</url><source-id>08</source-id><local-id>284</local-id><source-name>srbijadanas</source-name><article><article-title>Čomski potpisao Deklaraciju o zajedničkom jeziku Srba, Hrvata, Crnogoraca i Bošnjaka </article-title><article-time>2018-03-27</article-time><article-author>Tanjug</article-author><article-text> Američki lingvista i filozof, Noam Čomski, potpisao je Deklaraciju o zajedničkom jeziku, koju su prošle godine sastavili lingvisti i eksperti za jezik iz BiH, Srbije, Hrvatske i Crne Gore.  Pročitajte i: Više od 200 stručnjaka iz lingvistike i drugih društvenih nauka potpisalo je 28. marta prošle godine Deklaraciju o zajedničkom jeziku, nakon što je održana serija regionalnih konferencija u Podgorici, Splitu, Beogradu i Sarajevu. Čomski, koji je jedan od najistaknutijih društveno angažovanih autora današnjice, na pitanje, ima li nešto što bi dodao Deklaraciji, odgovorio je da nema ništa interesantno što bi dodao onome što je već napisano. Kako je saopšteno, potpisnici Deklaracije navode da se jezik i narod ne moraju podudarati, da svaki nacionalni kolektiv može svoju varijantu samostalno normirati i da su one međusobno ravnopravne. Takođe, pozivaju na prestanak razdvajanja dece po nacionalnoj osnovi u školama u ime toga što navodno govore drugim jezikom, a potpisnici se u Deklaraciji zalažu za slobodu jezičnog izražavanja svakog pojedinca. Deklaracija je, kako se navodi, srušila poslednji tabu i pružila javnosti lingvistički utemeljeno objašnjenje da se radi o zajedničkom jeziku. Čomski je, kako je saopšteno, Deklaraciju o zajedničkom jeziku potpisao na poziv lingvistkinje Snježane Kordić, kojoj je istoga dana odgovorio da svojim potpisom podržava tekst Deklaracije. Deklaraciju su između ostalih potpisali Rade Šerbedžija, Boris Dežulović, Igor Štiks, Mirjana Karanović, Marko Tomaš, Nenad Veličković, Teofil Pančić, Rajko Grlić, Filip David, Borka Pavićević, Jasmila Žbanić, Dragan Markovina i Boris Buden. Potpisnici su i Viktor Ivančić, Biljana Srbljanović, Ranko Bugarski, Balša Brković i Snježana Kordić.</article-text><article-text-transliterated> Američki lingvista i filozof, Noam Čomski, potpisao je Deklaraciju o zajedničkom jeziku, koju su prošle godine sastavili lingvisti i eksperti za jezik iz BiH, Srbije, Hrvatske i Crne Gore.  Pročitajte i: Više od 200 stručnjaka iz lingvistike i drugih društvenih nauka potpisalo je 28. marta prošle godine Deklaraciju o zajedničkom jeziku, nakon što je održana serija regionalnih konferencija u Podgorici, Splitu, Beogradu i Sarajevu. Čomski, koji je jedan od najistaknutijih društveno angažovanih autora današnjice, na pitanje, ima li nešto što bi dodao Deklaraciji, odgovorio je da nema ništa interesantno što bi dodao onome što je već napisano. Kako je saopšteno, potpisnici Deklaracije navode da se jezik i narod ne moraju podudarati, da svaki nacionalni kolektiv može svoju varijantu samostalno normirati i da su one međusobno ravnopravne. Takođe, pozivaju na prestanak razdvajanja dece po nacionalnoj osnovi u školama u ime toga što navodno govore drugim jezikom, a potpisnici se u Deklaraciji zalažu za slobodu jezičnog izražavanja svakog pojedinca. Deklaracija je, kako se navodi, srušila poslednji tabu i pružila javnosti lingvistički utemeljeno objašnjenje da se radi o zajedničkom jeziku. Čomski je, kako je saopšteno, Deklaraciju o zajedničkom jeziku potpisao na poziv lingvistkinje Snježane Kordić, kojoj je istoga dana odgovorio da svojim potpisom podržava tekst Deklaracije. Deklaraciju su između ostalih potpisali Rade Šerbedžija, Boris Dežulović, Igor Štiks, Mirjana Karanović, Marko Tomaš, Nenad Veličković, Teofil Pančić, Rajko Grlić, Filip David, Borka Pavićević, Jasmila Žbanić, Dragan Markovina i Boris Buden. Potpisnici su i Viktor Ivančić, Biljana Srbljanović, Ranko Bugarski, Balša Brković i Snježana Kordić.</article-text-transliterated><comment-list /></article><comments><comment-count>0</comment-count></comments></document>