<document global_id="sr-08-172"><url>https://www.srbijadanas.com/vesti/region/makedonija-pod-pritiskom-svaki-novi-izbori-su-prilika-za-albance-2016-12-11</url><source-id>08</source-id><local-id>172</local-id><source-name>srbijadanas</source-name><article><article-title>DAN D U MAKEDONIJI: Posle izbora - Makedonija ili "Velika Albanijia" </article-title><article-time>2016-12-11</article-time><article-author>Srbija Danas/Sputniknews</article-author><article-text> Nesumnjivo je da bi eventualnom pobedom SDSM-a i opozicije na izborima mogla da se očekuje promena u pravcu većih prava Albanaca u zemlji, ali jasne, nedvosmislene i čvrste stavove o tome nije predočila ni vlast, ni opozicija. Sve su glasniji oni koji su uvereni da će Albanci, a ne Makedonci „krojiti“ sudbinu Makedonije. Parlamentarni izbori #Makedonija #Macedonia pic.twitter.com/HNVXQjm8PG Politikolozi iz Skoplja upozoravaju da bi potencijalna promena Ustava Makedonije i „širenje“ Ohridskog sporazuma, o čemu opozicija naveliko priča, Albancima omogućili da na legalan način deo makedonske teritorije nastanjene Albancima proglase u nekom trenutku - autonomijom - što bi bio prvi korak koji bi vodio ka, ako ne istom, onda sličnom - kosovskom scenariju. I ne samo to. Većina analitičara strahuje da bi ishod izbora mogao da dovede do još veće političke nestabilnosti u Makedoniji, koji je ne bi vodio u predvorje EU, nego u zaokružavanje ideje takozvane Velike Albanije. Da li ovi izbori mogu biti uvod u ostvarenje secesionističkih snova Albanaca u Makedoniji i koliko im brojno stanje ide na ruku? Albanci na izbore idu samostalno, razvrstani u tri stranke i jednu koaliciju: Demokratska unija Albanaca za integraciju (DUI), „Besa“ i Demokratska partija Albanaca (DPK) i albansko telo objedinjeno u koaliciju „Albanska alijansa za Makedoniju“. #Macedonia election: #Ohrid is voting for change. Fingers crossed. #избори2016 pic.twitter.com/JTMVvi5mBR Demografski podaci pokazuju da je skoro cela severozapadna Makedonija naseljena većinom albanskim stanovništvom, a po broju Albanaca prednjače Tetovo, Gostivar i Struga, s tim da je u Strugi uočena stalna tendecija povećanja broja Albanaca. U opštinama Lipkovo, koje je na granici sa Srbijom (97 odsto Albanaca) i Kičevo, koje se nalazi između Gostivara i Struge, u poslednjih nekoliko godina zabeležen je rast žitelja albanske nacionalnosti, pa je tako za 13 godina taj broj porastao za pet do sedam procenata u odnosu na 30 odsto, koliko ih je u ove dve opštine bilo po popisu iz 2002. godine. Taj deo je inače bio naseljen većinski makedonskim življem, ali zbog pritiska Albanaca Makedonci sve više prodaju kuće Albancima i odlaze u drugi kraj. U poslednjih nekoliko godina i makedonskoj prestonici Skoplju situacija preti da postane kritična, s obzirom da se broj Albanaca iz godine u godinu povećava. Osim usled doseljavanja, broj Albanaca se povećava i zbog velikog prirodnog priraštaja. Knežević za Sputnjik kaže da ovo nije ništa novo. Pozivajući se na popise iz 1921. i 1931, uz napomenu da nijedan nije obuhvatio direktno pitanje o nacionalnoj pripadnosti, već po maternjem jeziku i veroispovesti. Broj Albanaca, gledano po teritorijalnom razmeštaju u tadašnjih sedam okruga, a koji su u to vreme administrativno pripadali južnoj Srbiji, govore da je u Kumanovu, Ohridu, Tetovu, Bitolju i Skoplju živelo iznad deset odsto Albanaca, tj. onih kojima je albanski bio maternji jezik. For live coverage of today's elections in #Macedonia: https://t.co/Twcf7TPzFA pic.twitter.com/x0hW4v0ZND Po njegovim rečima, pitanja o nacionalnoj pripadnosti postoje od 1948. godine i od tada redovna statistička istraživanja pokazuju stalni porast albanskog stanovništva u Makedoniji. Naš sagovornik ističe i uticaj migracije koje su intenzivirane posle agresije NATO-a na SRJ, kad je veliki broj Albanaca sa Kosova i Metohije otišao u Makedoniju. Prema nekim procena UN a i drugih, tada je u Makedoniju ušlo oko 300.000 Albanaca, ali izgleda da je trajno utočište u Makedoniji, od tada do danas, našlo oko 150.000 koji su dobili i makedonsko državljanstvo. To se naravno moralo odraziti i na etničku strukturu Makedonije. Treba napomenuti da je svaki popis stanovništa do danas u Makedoniji bio predmet velikih političkih sporenja, pre svega nacionalnih stranaka, navodi naš sagovornik, postavljajući pitanje šta nude stranke sa nacionalnog predznakom – osim nacionalnog. Ako se može suditi po rezultatima lokalnih izbora iz 2013. godine, ima razloga za brigu. Samo u zapadnom delu Makedonije čak u sedam opština koje su inače zacrtane u famoznom projektu pod imenom „Velika Albanija“ (Prizrenska liga) pobedila je najveća albanska stranka u Makedoniji - Demokratska unija Albanaca za integraciju (DUI), koju predvodi Ali Ahmeti, bivši politički predstavnik „Oslobodilačke narodne Armije“ (ONA), koja je 2001. godine bila u višemesečnim sukobima sa legitimnom vojskom Makedonije, a koji se završio potpisivanjem Ohridskog sporazuma. Ahmeti je inače veoma blizak sa predsednikom Kosova Hašimom Tačijem, bivšim komandantom OVK zvanim „Zmija“. Ono čega se poznavaoci prilika u Makedoniji pribojavaju i u šta uopšte ne sumnjaju da će se desiti ako buduća vlada Makedonije bude zavisila od Albanaca, jeste da će makedonski Albanci pojačati pritisak na Makedoniju.Analitičar Boris Nikolevski, međutim, smatra da su evroatlantskom integracijom, kao glavnim deklarativnim strateškim ciljem makedonske politike, osujećeni svi nacionalistički planovi, ideje i teritorijalne pretenzije bez obzira na tabor iz kog dolaze. Naš sagovonik kaže da je nesumnjivo da bi se eventualnim dolaskom SDSM-a i opozicije na vlast mogle očekivati promene u pravcu većih prava Albanaca u zemlji, ali dodaje i da je takođe nesporno da jasne, nedvosmislene i čvrste stavova o tome niko nigde nije predočio, niti vlast, niti opozicija. Zbog toga Nikolovski kaže da „zadržava pravo da lično misli, čak i ako je pogrešno, da sve što je do sada viđeno rezultat predizbornih aktivnosti. Makedonski parlament ima 123 poslanika, a da bi neko formirao vladu potrebna mu je većina od 63 poslanika. Albansko telo nema garantovana mesta u parlamentu, jer je u Makedoniji proporcionalni izborni sistem. Makedonija je podeljena na šest izbornih jedinica, i svaka jedinica daje po 20 poslanika. Koliko će Albanci imati poslanika zavisi od toga koliko će osvojiti glasova u Skoplju, Tetovu... Dosadašnja praksa je pokazala da broj albanskih poslanika varira između 25 i 27. U ovoj situaciji, ovaj broj može da makedonskoj partiji koja bude gubitnik na izborima, i osvoji recimo 40 mandata, dâ podršku i omogući formiranje vlade, uz prihvatanje njihovih uslova.</article-text><article-text-transliterated> Nesumnjivo je da bi eventualnom pobedom SDSM-a i opozicije na izborima mogla da se očekuje promena u pravcu većih prava Albanaca u zemlji, ali jasne, nedvosmislene i čvrste stavove o tome nije predočila ni vlast, ni opozicija. Sve su glasniji oni koji su uvereni da će Albanci, a ne Makedonci „krojiti“ sudbinu Makedonije. Parlamentarni izbori #Makedonija #Macedonia pic.twitter.com/HNVXQjm8PG Politikolozi iz Skoplja upozoravaju da bi potencijalna promena Ustava Makedonije i „širenje“ Ohridskog sporazuma, o čemu opozicija naveliko priča, Albancima omogućili da na legalan način deo makedonske teritorije nastanjene Albancima proglase u nekom trenutku - autonomijom - što bi bio prvi korak koji bi vodio ka, ako ne istom, onda sličnom - kosovskom scenariju. I ne samo to. Većina analitičara strahuje da bi ishod izbora mogao da dovede do još veće političke nestabilnosti u Makedoniji, koji je ne bi vodio u predvorje EU, nego u zaokružavanje ideje takozvane Velike Albanije. Da li ovi izbori mogu biti uvod u ostvarenje secesionističkih snova Albanaca u Makedoniji i koliko im brojno stanje ide na ruku? Albanci na izbore idu samostalno, razvrstani u tri stranke i jednu koaliciju: Demokratska unija Albanaca za integraciju (DUI), „Besa“ i Demokratska partija Albanaca (DPK) i albansko telo objedinjeno u koaliciju „Albanska alijansa za Makedoniju“. #Macedonia election: #Ohrid is voting for change. Fingers crossed. #izbori2016 pic.twitter.com/JTMVvi5mBR Demografski podaci pokazuju da je skoro cela severozapadna Makedonija naseljena većinom albanskim stanovništvom, a po broju Albanaca prednjače Tetovo, Gostivar i Struga, s tim da je u Strugi uočena stalna tendecija povećanja broja Albanaca. U opštinama Lipkovo, koje je na granici sa Srbijom (97 odsto Albanaca) i Kičevo, koje se nalazi između Gostivara i Struge, u poslednjih nekoliko godina zabeležen je rast žitelja albanske nacionalnosti, pa je tako za 13 godina taj broj porastao za pet do sedam procenata u odnosu na 30 odsto, koliko ih je u ove dve opštine bilo po popisu iz 2002. godine. Taj deo je inače bio naseljen većinski makedonskim življem, ali zbog pritiska Albanaca Makedonci sve više prodaju kuće Albancima i odlaze u drugi kraj. U poslednjih nekoliko godina i makedonskoj prestonici Skoplju situacija preti da postane kritična, s obzirom da se broj Albanaca iz godine u godinu povećava. Osim usled doseljavanja, broj Albanaca se povećava i zbog velikog prirodnog priraštaja. Knežević za Sputnjik kaže da ovo nije ništa novo. Pozivajući se na popise iz 1921. i 1931, uz napomenu da nijedan nije obuhvatio direktno pitanje o nacionalnoj pripadnosti, već po maternjem jeziku i veroispovesti. Broj Albanaca, gledano po teritorijalnom razmeštaju u tadašnjih sedam okruga, a koji su u to vreme administrativno pripadali južnoj Srbiji, govore da je u Kumanovu, Ohridu, Tetovu, Bitolju i Skoplju živelo iznad deset odsto Albanaca, tj. onih kojima je albanski bio maternji jezik. For live coverage of today's elections in #Macedonia: https://t.co/Twcf7TPzFA pic.twitter.com/x0hW4v0ZND Po njegovim rečima, pitanja o nacionalnoj pripadnosti postoje od 1948. godine i od tada redovna statistička istraživanja pokazuju stalni porast albanskog stanovništva u Makedoniji. Naš sagovornik ističe i uticaj migracije koje su intenzivirane posle agresije NATO-a na SRJ, kad je veliki broj Albanaca sa Kosova i Metohije otišao u Makedoniju. Prema nekim procena UN a i drugih, tada je u Makedoniju ušlo oko 300.000 Albanaca, ali izgleda da je trajno utočište u Makedoniji, od tada do danas, našlo oko 150.000 koji su dobili i makedonsko državljanstvo. To se naravno moralo odraziti i na etničku strukturu Makedonije. Treba napomenuti da je svaki popis stanovništa do danas u Makedoniji bio predmet velikih političkih sporenja, pre svega nacionalnih stranaka, navodi naš sagovornik, postavljajući pitanje šta nude stranke sa nacionalnog predznakom – osim nacionalnog. Ako se može suditi po rezultatima lokalnih izbora iz 2013. godine, ima razloga za brigu. Samo u zapadnom delu Makedonije čak u sedam opština koje su inače zacrtane u famoznom projektu pod imenom „Velika Albanija“ (Prizrenska liga) pobedila je najveća albanska stranka u Makedoniji - Demokratska unija Albanaca za integraciju (DUI), koju predvodi Ali Ahmeti, bivši politički predstavnik „Oslobodilačke narodne Armije“ (ONA), koja je 2001. godine bila u višemesečnim sukobima sa legitimnom vojskom Makedonije, a koji se završio potpisivanjem Ohridskog sporazuma. Ahmeti je inače veoma blizak sa predsednikom Kosova Hašimom Tačijem, bivšim komandantom OVK zvanim „Zmija“. Ono čega se poznavaoci prilika u Makedoniji pribojavaju i u šta uopšte ne sumnjaju da će se desiti ako buduća vlada Makedonije bude zavisila od Albanaca, jeste da će makedonski Albanci pojačati pritisak na Makedoniju.Analitičar Boris Nikolevski, međutim, smatra da su evroatlantskom integracijom, kao glavnim deklarativnim strateškim ciljem makedonske politike, osujećeni svi nacionalistički planovi, ideje i teritorijalne pretenzije bez obzira na tabor iz kog dolaze. Naš sagovonik kaže da je nesumnjivo da bi se eventualnim dolaskom SDSM-a i opozicije na vlast mogle očekivati promene u pravcu većih prava Albanaca u zemlji, ali dodaje i da je takođe nesporno da jasne, nedvosmislene i čvrste stavova o tome niko nigde nije predočio, niti vlast, niti opozicija. Zbog toga Nikolovski kaže da „zadržava pravo da lično misli, čak i ako je pogrešno, da sve što je do sada viđeno rezultat predizbornih aktivnosti. Makedonski parlament ima 123 poslanika, a da bi neko formirao vladu potrebna mu je većina od 63 poslanika. Albansko telo nema garantovana mesta u parlamentu, jer je u Makedoniji proporcionalni izborni sistem. Makedonija je podeljena na šest izbornih jedinica, i svaka jedinica daje po 20 poslanika. Koliko će Albanci imati poslanika zavisi od toga koliko će osvojiti glasova u Skoplju, Tetovu... Dosadašnja praksa je pokazala da broj albanskih poslanika varira između 25 i 27. U ovoj situaciji, ovaj broj može da makedonskoj partiji koja bude gubitnik na izborima, i osvoji recimo 40 mandata, dâ podršku i omogući formiranje vlade, uz prihvatanje njihovih uslova.</article-text-transliterated><comment-list /></article><comments><comment-count>0</comment-count></comments></document>