<document global_id="sr-08-22"><url>https://www.srbijadanas.com/sport/fudbal/novi-preokret-nakon-sto-su-mu-propali-pregovori-sa-perudom-i-ufom-rajkovic-ipak-oblaci-crno-belo-2020-01-14</url><source-id>08</source-id><local-id>22</local-id><source-name>srbijadanas</source-name><article><article-title>NOVI PREOKRET: Nakon što su mu propali pregovori sa Peruđom i Ufom, Rajković ipak oblači crno-belo? </article-title><article-time>2020-01-14</article-time><article-author>Srbija Danas</article-author><article-text> Italijanski mediji preneli su informaciju da je član Serije A Udineze zainteresovan da u svoje redove dovede Slobodana Rajkovića koji je bio na meti Partizana. Bivši srpski reprezentativac je tokom jeseni održavao formu trenirajući sa Partizanom, ali u zimskom prelaznom roku sa crno-belima nije našao zajednički jezik kada su seli za pregovarački sto. Posle toga, snažni štoper je pokušao da se dogovri sa italijanskom Peruđom i ruskom Ufom oko uslova, ali je i to propalo. Međutim, Rajković bi na kraju mogao ipak da obuče crno-beli dres, ali ne Partizanov već Udinezeov. Na polovini sezone u Seriji A Udineze zauzima 12. poziciju na tabeli sa 24 osvojena boda. Pogledajte kako izgleda Aura Ruiz, bivša devojka Hesea Rodrigeza. “Nos prendemos en llamas y tú gateando en mi cama 🔥🎶😈” #aurahruiz #undiamasundiamenos #malditosweet #beautiful #boat #puertorico #canarias #spain #blessed #timetotime A post shared by  AURA Blessed (@aurah.ruiz) on Feb 27, 2019 at 2:57pm PST A post shared by  AURA Blessed (@aurah.ruiz) on Aug 15, 2018 at 11:57am PDT A post shared by  AURA Blessed (@aurah.ruiz) on Jan 5, 2019 at 11:21am PST “ no dejes que nada ni nadie apague tu brillo “ 💖 #aurahruiz #granhermanovip #madrid#españa#ghvip6 #debate#telecinco#mediaset#undiamasundiamenos #beautiful # susauristas #auristas #susoganador A post shared by  AURA Blessed (@aurah.ruiz) on Dec 3, 2018 at 6:06am PST “ a los que andan por la vida arruinando la de otros, y luego siguen como si nada.. recuerden la vida es un círculo m, todo vuelve y te pega donde más te duele “ ♻️💟 (👗 @zoeshop_chicas ) #undiamasundiamenos #aurahruiz #ghvip6 #siganastuganael #ghvip28s A post shared by  AURA Blessed (@aurah.ruiz) on Sep 28, 2018 at 10:00am PDT Lo que más le gusta sin duda, ☀️🏝 #aurahruiz #ghvip6 #siganastuganael #undiamasundiamenos 👙 @malditosweet_official A post shared by  AURA Blessed (@aurah.ruiz) on Sep 25, 2018 at 7:05am PDT A post shared by  AURA Blessed (@aurah.ruiz) on Sep 10, 2018 at 8:35am PDT A post shared by  AURA Blessed (@aurah.ruiz) on Aug 28, 2018 at 11:10am PDT “Enjoy the moment “ 🍷💄 #aurahruiz#momwarrior#undiamasundiamenos#timetotime#enalgunlugardelmundo #influencer#karma#canaryislands#spain#marbella#puertobanus A post shared by  AURA Blessed (@aurah.ruiz) on Jul 29, 2018 at 2:32pm PDT “ life travel experience “. 👐🏼🚀 #aurahruiz#influencer #undiamasundiamenos#timetotime#canarias#madrid#fé A post shared by  AURA Blessed (@aurah.ruiz) on Jul 25, 2018 at 6:14am PDT “Yo soy más fuerte que mis miedos. Mis fuerzas son mayores que mis dudas. Aunque mi mente esté confundida Mi corazón siempre sabe la respuesta. Con el tiempo, lo que hoy es difícil, Mañana será una conquista. Tengo la virtud de saber esperar, Porque... todo lo que tiene que ser será.” 🙏🏽#timetotime#aurahruiz#undiamasundiamenos#momwarrior#influencer#canarias#ilove#happy#smile A post shared by  AURA Blessed (@aurah.ruiz) on May 21, 2018 at 11:03am PDT</article-text><article-text-transliterated> Italijanski mediji preneli su informaciju da je član Serije A Udineze zainteresovan da u svoje redove dovede Slobodana Rajkovića koji je bio na meti Partizana. Bivši srpski reprezentativac je tokom jeseni održavao formu trenirajući sa Partizanom, ali u zimskom prelaznom roku sa crno-belima nije našao zajednički jezik kada su seli za pregovarački sto. Posle toga, snažni štoper je pokušao da se dogovri sa italijanskom Peruđom i ruskom Ufom oko uslova, ali je i to propalo. Međutim, Rajković bi na kraju mogao ipak da obuče crno-beli dres, ali ne Partizanov već Udinezeov. Na polovini sezone u Seriji A Udineze zauzima 12. poziciju na tabeli sa 24 osvojena boda. Pogledajte kako izgleda Aura Ruiz, bivša devojka Hesea Rodrigeza. “Nos prendemos en llamas y tú gateando en mi cama 🔥🎶😈” #aurahruiz #undiamasundiamenos #malditosweet #beautiful #boat #puertorico #canarias #spain #blessed #timetotime A post shared by  AURA Blessed (@aurah.ruiz) on Feb 27, 2019 at 2:57pm PST A post shared by  AURA Blessed (@aurah.ruiz) on Aug 15, 2018 at 11:57am PDT A post shared by  AURA Blessed (@aurah.ruiz) on Jan 5, 2019 at 11:21am PST “ no dejes que nada ni nadie apague tu brillo “ 💖 #aurahruiz #granhermanovip #madrid#españa#ghvip6 #debate#telecinco#mediaset#undiamasundiamenos #beautiful # susauristas #auristas #susoganador A post shared by  AURA Blessed (@aurah.ruiz) on Dec 3, 2018 at 6:06am PST “ a los que andan por la vida arruinando la de otros, y luego siguen como si nada.. recuerden la vida es un círculo m, todo vuelve y te pega donde más te duele “ ♻️💟 (👗 @zoeshop_chicas ) #undiamasundiamenos #aurahruiz #ghvip6 #siganastuganael #ghvip28s A post shared by  AURA Blessed (@aurah.ruiz) on Sep 28, 2018 at 10:00am PDT Lo que más le gusta sin duda, ☀️🏝 #aurahruiz #ghvip6 #siganastuganael #undiamasundiamenos 👙 @malditosweet_official A post shared by  AURA Blessed (@aurah.ruiz) on Sep 25, 2018 at 7:05am PDT A post shared by  AURA Blessed (@aurah.ruiz) on Sep 10, 2018 at 8:35am PDT A post shared by  AURA Blessed (@aurah.ruiz) on Aug 28, 2018 at 11:10am PDT “Enjoy the moment “ 🍷💄 #aurahruiz#momwarrior#undiamasundiamenos#timetotime#enalgunlugardelmundo #influencer#karma#canaryislands#spain#marbella#puertobanus A post shared by  AURA Blessed (@aurah.ruiz) on Jul 29, 2018 at 2:32pm PDT “ life travel experience “. 👐🏼🚀 #aurahruiz#influencer #undiamasundiamenos#timetotime#canarias#madrid#fé A post shared by  AURA Blessed (@aurah.ruiz) on Jul 25, 2018 at 6:14am PDT “Yo soy más fuerte que mis miedos. Mis fuerzas son mayores que mis dudas. Aunque mi mente esté confundida Mi corazón siempre sabe la respuesta. Con el tiempo, lo que hoy es difícil, Mañana será una conquista. Tengo la virtud de saber esperar, Porque... todo lo que tiene que ser será.” 🙏🏽#timetotime#aurahruiz#undiamasundiamenos#momwarrior#influencer#canarias#ilove#happy#smile A post shared by  AURA Blessed (@aurah.ruiz) on May 21, 2018 at 11:03am PDT</article-text-transliterated><comment-list /></article><comments><comment-count>0</comment-count></comments></document>