<document global_id="sr-08-155"><url>https://www.srbijadanas.com/muskarac/ludo-burazeru/usrecite-je-ovi-saveti-ucinice-vas-genijem-orala-video-2016-11-30</url><source-id>08</source-id><local-id>155</local-id><source-name>srbijadanas</source-name><article><article-title>USREĆITE JE: Ovi saveti učiniće vas GENIJEM ORALA! (VIDEO) </article-title><article-time>2016-11-30</article-time><article-author>Srbija Danas</article-author><article-text> Oralno zadovoljavanje vaše partnerke ne samo da može da bude odlična uvertira za dobar seks, već je pomoću njega možete pružiti pregršt sjajnih orgazama i užitaka. Sledeći saveti će vam pomoći da postanete vrlo dobri u oralnom seksu, ali najvažniji je definitivno peti, na kojeg treba da obratite posebnu pažnju - može se desiti da vam potpuno promeni doživljaj ove važne i uzbudljive seksi discipline: 1. Nemojte ukrutiti jezik! Umesto da ukrutite jezik, isprobajte snažne poteze preko klitorisa opuštenim jezikom. To će dati daleko bolje rezultate. UF, BAŠ RASTEGLJIVA: Ona je pilot, ali njene S*KSI POZE ostaviće vas bez daha! (FOTO GALERIJA) 2. Koristite se i prstima. Osim što radite jezikom, pustite i vaše prste da uđu u vaginu, a stimulišite i klitoris. Neke žene vole i da im stavite dlan na stomak. Nemojte da vam ruke budu besposlene! 3. Pomozite se i igračkama. Seksi igračke nisu rezervisane samo za žene. Možete i vi njima da se poslužite. Ovo može da osveži vaš seksualni život ako ste dugo u vezi. 4. Vodite računa o njenim reakcijama. Niste na poslu ili u teretani. Usporite, i obratite pažnju na njene reakcije. Radite ono što joj prija, a kad joj se uzbuđenje povećava, onda ubrzavajte! 5. Zaboravite sve savete koje ste čuli i osetite trenutak! Njenom klitorisu ne treba da pišete mejlove, pa da čekate odgovor. Važno je samo da osetite šta joj prija, i da učinite da oboje uživate u ovom čarobnom trenutku! Ovaj savet je vrlo važan, a slobodno ga možete primeniti i na sve ostalo što radite tokom seksa. Ako uspete da se potpuno opustite i sledite svoja tela - imaćete vrhunski seks.</article-text><article-text-transliterated> Oralno zadovoljavanje vaše partnerke ne samo da može da bude odlična uvertira za dobar seks, već je pomoću njega možete pružiti pregršt sjajnih orgazama i užitaka. Sledeći saveti će vam pomoći da postanete vrlo dobri u oralnom seksu, ali najvažniji je definitivno peti, na kojeg treba da obratite posebnu pažnju - može se desiti da vam potpuno promeni doživljaj ove važne i uzbudljive seksi discipline: 1. Nemojte ukrutiti jezik! Umesto da ukrutite jezik, isprobajte snažne poteze preko klitorisa opuštenim jezikom. To će dati daleko bolje rezultate. UF, BAŠ RASTEGLJIVA: Ona je pilot, ali njene S*KSI POZE ostaviće vas bez daha! (FOTO GALERIJA) 2. Koristite se i prstima. Osim što radite jezikom, pustite i vaše prste da uđu u vaginu, a stimulišite i klitoris. Neke žene vole i da im stavite dlan na stomak. Nemojte da vam ruke budu besposlene! 3. Pomozite se i igračkama. Seksi igračke nisu rezervisane samo za žene. Možete i vi njima da se poslužite. Ovo može da osveži vaš seksualni život ako ste dugo u vezi. 4. Vodite računa o njenim reakcijama. Niste na poslu ili u teretani. Usporite, i obratite pažnju na njene reakcije. Radite ono što joj prija, a kad joj se uzbuđenje povećava, onda ubrzavajte! 5. Zaboravite sve savete koje ste čuli i osetite trenutak! Njenom klitorisu ne treba da pišete mejlove, pa da čekate odgovor. Važno je samo da osetite šta joj prija, i da učinite da oboje uživate u ovom čarobnom trenutku! Ovaj savet je vrlo važan, a slobodno ga možete primeniti i na sve ostalo što radite tokom seksa. Ako uspete da se potpuno opustite i sledite svoja tela - imaćete vrhunski seks.</article-text-transliterated><comment-list /></article><comments><comment-count>0</comment-count></comments></document>