<document global_id="sr-08-203"><url>https://www.srbijadanas.com/sport/kosarka/zimske-carolije-veseli-objavio-sliku-sa-devojkom-ali-je-ipak-neko-drugi-u-centru-paznje-foto-2017-01-09</url><source-id>08</source-id><local-id>203</local-id><source-name>srbijadanas</source-name><article><article-title>ZIMSKE ČAROLIJE: Veseli objavio sliku sa devojkom ali je ipak neko drugi u centru pažnje (FOTO) </article-title><article-time>2017-01-09</article-time><article-author>Srbija Danas</article-author><article-text> Bivši košarkaš Partizana Jan Veseli, odlično se snalazi u dresu turskog Fenerbahčea. Zavoleli su navijači sjajnog Čeha pa im je teško palo kad je napustio crno-bele. Iako je Srbiju zamenio Amerikom, posle tri godine je rešio da se vrati u Evropu i obuče dres Fenerbahčea, koji predvodi naš Željko Obradović. Zimski dani su kao stvoreni za romantiku, pa je tako iskoristio dan posle utakmice sa Bešiktašem da se odmori uz lepšu polovinu. Veseli je sa devojkom rešio da po izuzetno hladnom vremenu, izađe iz kuće I upusti se u zimske čarolije i vrati u detinjstvo te je napravio Sneška Belića.  #snowman #sneškobelić #sněhulák A photo posted by Jan Vesely (@24janvesely) on Jan 9, 2017 at 5:59am PST Interesantno je da je u opis fotografije upotrebio i srpski jezik.</article-text><article-text-transliterated> Bivši košarkaš Partizana Jan Veseli, odlično se snalazi u dresu turskog Fenerbahčea. Zavoleli su navijači sjajnog Čeha pa im je teško palo kad je napustio crno-bele. Iako je Srbiju zamenio Amerikom, posle tri godine je rešio da se vrati u Evropu i obuče dres Fenerbahčea, koji predvodi naš Željko Obradović. Zimski dani su kao stvoreni za romantiku, pa je tako iskoristio dan posle utakmice sa Bešiktašem da se odmori uz lepšu polovinu. Veseli je sa devojkom rešio da po izuzetno hladnom vremenu, izađe iz kuće I upusti se u zimske čarolije i vrati u detinjstvo te je napravio Sneška Belića.  #snowman #sneškobelić #sněhulák A photo posted by Jan Vesely (@24janvesely) on Jan 9, 2017 at 5:59am PST Interesantno je da je u opis fotografije upotrebio i srpski jezik.</article-text-transliterated><comment-list /></article><comments><comment-count>0</comment-count></comments></document>