<document global_id="sr-08-72"><url>https://www.srbijadanas.com/vesti/region/makedonski-jezik-ne-postoji-bugari-provociraju-onda-je-zoran-zaev-odbrusio-2019-12-12</url><source-id>08</source-id><local-id>72</local-id><source-name>srbijadanas</source-name><article><article-title>''MAKEDONSKI JEZIK NE POSTOJI'' Bugari ISPROVOCIRALI Zaeva, a premijer im je EKSPRESNO ODGOVORIO! </article-title><article-time>2019-12-12</article-time><article-author>Tanjug</article-author><article-text> Akademija nauka Bugarske ističe da se "tvrdnjom da postoji makedonski jezik, narušavaju odnosi između dve zemlje". Bugarski akademici su ocenili makedonski jezik lažnim nakon usvajanja Povelje o makedonskom jeziku Makedonske akademije nauka i umetnosti, 3. decembra. Stav bugarskih akademika je na istoj liniji sa deklaracijom koju je 9. oktobra usvojila bugarska vlada, a nakon toga i bugarski parlament, u kojoj se naglašava da "u dokumentima Evropske unije ne sme da se pominje makedonski jazik". Sobranje Makedonske akademije nauka i umetnosti 3. decembra ove godine usvojilo je "Povelju o makedonskom jeziku", u kojoj stoje, kako je navedeno, naučno priznate činjenice o makedonskom jeziku. Inače, Bugarska i Severna Makedonija 1. avgusta 2017. godine potpisale su Sporazum o prijateljstvu koji predviđa i rešavanje pitanja zajedničke istorije. Rad zajedničke makedonsko-bugarske komisije o istorijskim pitanjima bavi se udzbenicima istorije u osnovnim i srednjim školama u te dve zemlje, kao i obeležavanjem zajedničkih ličnosti kroz istoriju. Premijer Severne Makedonije Zoran Zaev kaže da Bugarska nije načisto sa priznanjem makedonskog jezika i očekuje da ta zemlja prevaziđe to pitanje i prizna postojanje makedonskog jezika. Takav stav makedonskog premijera dolazi nakon što je Bugarska akademija nauka i umetnosti reagovala na usvajanje Povelje o makedonskom jeziku Makedonske akademije nauka i umetnosti. Bugarska akademija, naime, smatra da Povelju koju je usvojila MANU sadrži netačne i neprihvatljive pozicije koje štete odnosima između dve susedne zemlje. "U sporazumu o prijateljstvu koji je Severna Makedonija potpisala sa Bugarskom ispisana su oba naroda zbog identitetskog pitanja, ali su potpisani na makedonskom i bugarskom jeziku u skladu sa ustavima obe zemlje. To jasno pokazuje da Bugarska nije načisto sa priznavanjem makedonskog jezika. To je pitanje koje kroz sprovođenje sporazuma treba da rešimo", kazao je Zaev. Napominje da on kao političar ne može da prekine sve odnose sa Bugarskom i poručuje da očekuje da se pitanje jezika reči. "Ako su Evropljani, ako se zalažemo za evropsku demokratiju, vrednosti prava, to pitanje treba što pre da rešimo. Ja mogu da kažem gotovo je, prekidamo sve, ali nisam takav političar. To nije politika koju vodim. Kroz politiku prijateljstva načićemo rešenje. Ali, mi smo Makedonci koji govore makedonski jezik. Svakako mi smo i multietnička zemlja. Očekujem da ovo pitanje rešimo sa prijateljskom Bugarskom zajedno sa drugim pitanjima koja se rešavaju", objašnjava Zaev.</article-text><article-text-transliterated> Akademija nauka Bugarske ističe da se "tvrdnjom da postoji makedonski jezik, narušavaju odnosi između dve zemlje". Bugarski akademici su ocenili makedonski jezik lažnim nakon usvajanja Povelje o makedonskom jeziku Makedonske akademije nauka i umetnosti, 3. decembra. Stav bugarskih akademika je na istoj liniji sa deklaracijom koju je 9. oktobra usvojila bugarska vlada, a nakon toga i bugarski parlament, u kojoj se naglašava da "u dokumentima Evropske unije ne sme da se pominje makedonski jazik". Sobranje Makedonske akademije nauka i umetnosti 3. decembra ove godine usvojilo je "Povelju o makedonskom jeziku", u kojoj stoje, kako je navedeno, naučno priznate činjenice o makedonskom jeziku. Inače, Bugarska i Severna Makedonija 1. avgusta 2017. godine potpisale su Sporazum o prijateljstvu koji predviđa i rešavanje pitanja zajedničke istorije. Rad zajedničke makedonsko-bugarske komisije o istorijskim pitanjima bavi se udzbenicima istorije u osnovnim i srednjim školama u te dve zemlje, kao i obeležavanjem zajedničkih ličnosti kroz istoriju. Premijer Severne Makedonije Zoran Zaev kaže da Bugarska nije načisto sa priznanjem makedonskog jezika i očekuje da ta zemlja prevaziđe to pitanje i prizna postojanje makedonskog jezika. Takav stav makedonskog premijera dolazi nakon što je Bugarska akademija nauka i umetnosti reagovala na usvajanje Povelje o makedonskom jeziku Makedonske akademije nauka i umetnosti. Bugarska akademija, naime, smatra da Povelju koju je usvojila MANU sadrži netačne i neprihvatljive pozicije koje štete odnosima između dve susedne zemlje. "U sporazumu o prijateljstvu koji je Severna Makedonija potpisala sa Bugarskom ispisana su oba naroda zbog identitetskog pitanja, ali su potpisani na makedonskom i bugarskom jeziku u skladu sa ustavima obe zemlje. To jasno pokazuje da Bugarska nije načisto sa priznavanjem makedonskog jezika. To je pitanje koje kroz sprovođenje sporazuma treba da rešimo", kazao je Zaev. Napominje da on kao političar ne može da prekine sve odnose sa Bugarskom i poručuje da očekuje da se pitanje jezika reči. "Ako su Evropljani, ako se zalažemo za evropsku demokratiju, vrednosti prava, to pitanje treba što pre da rešimo. Ja mogu da kažem gotovo je, prekidamo sve, ali nisam takav političar. To nije politika koju vodim. Kroz politiku prijateljstva načićemo rešenje. Ali, mi smo Makedonci koji govore makedonski jezik. Svakako mi smo i multietnička zemlja. Očekujem da ovo pitanje rešimo sa prijateljskom Bugarskom zajedno sa drugim pitanjima koja se rešavaju", objašnjava Zaev.</article-text-transliterated><comment-list><comments comment-id="1"><comment-parent-id>empty</comment-parent-id><comment-text>bugari mu rekli istinu bas kao i grci. odvojili su se od bugarske 1913god, doselili na balkan 1000god posle aleksandra makedonskog (a on, kao sto je poznato, bio je sve ali ne slaven !!), u jugoslaviji nisu smetali nikom ma kako got da su sebe zvali al od kako su postali nezavisni- hoce, nece moraju priznati da kradu tudje a svoga se odricu.</comment-text><comment-text-transliterated>bugari mu rekli istinu bas kao i grci. odvojili su se od bugarske 1913god, doselili na balkan 1000god posle aleksandra makedonskog (a on, kao sto je poznato, bio je sve ali ne slaven !!), u jugoslaviji nisu smetali nikom ma kako got da su sebe zvali al od kako su postali nezavisni- hoce, nece moraju priznati da kradu tudje a svoga se odricu.</comment-text-transliterated></comments></comment-list></article><comments><comment-count>1</comment-count></comments></document>