<document global_id="sr-08-208"><url>https://www.srbijadanas.com/muskarac/ludo-burazeru/muz-se-nece-ljutiti-decko-lize-grudi-karleusi-ona-se-hvali-na-internetu-foto-2017-01-15</url><source-id>08</source-id><local-id>208</local-id><source-name>srbijadanas</source-name><article><article-title>MUŽ SE NEĆE LJUTITI! Dečko "liže" GRUDI Karleuši, a ona se hvali na Internetu! (FOTO) </article-title><article-time>2017-01-15</article-time><article-author>Srbija Danas</article-author><article-text> Pevačica Jelena Karleuša zna da provocira javnost, a sada je odlučila da se na društvenim mrežama pohvali jednom, da kažemo, duhovitom fotografijom. Na njoj možete videti mladića koji joj "liže" grudi, preciznije, isplazio je jezik ispred televizora na kojem se vidi Karleuša sa dubokim dekolteom. Sama Jelena je objavila fotografiju, uz komentar "Kako obožavati boginju: korak 1". Pretpostavljamo da se njen muž, fudbaler Duško Tošić, neće ljutiti zbog toga, u pitanju je samo šala.  U stvari, nije poznato da li se momak samo šalio, ili je stvarno veliki obožavalac Karleuše, pa joj na taj način odaje počast. I pretpostavljamo da ženama prija kad neko želi da im liže grudi, pa čak i neznanac, što je i razlog Karleušine objave. Uostalom, procenite sami da li je sve to u redu: How to worship a goddess: Step 1 pic.twitter.com/s3CX0FLLvw Pogledajte OVDE kako je Kristijan Golubović žestoko napao Ljubu Pantović, majku učesnice rijalitija "Parovi", Aleksandre Subotić. </article-text><article-text-transliterated> Pevačica Jelena Karleuša zna da provocira javnost, a sada je odlučila da se na društvenim mrežama pohvali jednom, da kažemo, duhovitom fotografijom. Na njoj možete videti mladića koji joj "liže" grudi, preciznije, isplazio je jezik ispred televizora na kojem se vidi Karleuša sa dubokim dekolteom. Sama Jelena je objavila fotografiju, uz komentar "Kako obožavati boginju: korak 1". Pretpostavljamo da se njen muž, fudbaler Duško Tošić, neće ljutiti zbog toga, u pitanju je samo šala.  U stvari, nije poznato da li se momak samo šalio, ili je stvarno veliki obožavalac Karleuše, pa joj na taj način odaje počast. I pretpostavljamo da ženama prija kad neko želi da im liže grudi, pa čak i neznanac, što je i razlog Karleušine objave. Uostalom, procenite sami da li je sve to u redu: How to worship a goddess: Step 1 pic.twitter.com/s3CX0FLLvw Pogledajte OVDE kako je Kristijan Golubović žestoko napao Ljubu Pantović, majku učesnice rijalitija "Parovi", Aleksandre Subotić. </article-text-transliterated><comment-list /></article><comments><comment-count>0</comment-count></comments></document>