<document global_id="sr-08-100"><url>https://www.srbijadanas.com/vesti/drustvo/na-stolu-su-dve-opcije-moguce-odlaganje-uvodenja-drzavne-mature-evo-i-zasto-2019-10-24</url><source-id>08</source-id><local-id>100</local-id><source-name>srbijadanas</source-name><article><article-title>Na stolu su dve opcije: Moguće odlaganje uvođenja državne mature, a evo i zašto! </article-title><article-time>2019-10-24</article-time><article-author>Tanjug</article-author><article-text> 
Uvođenje i polaganje državne mature u srednjim školama koje je bilo planirano za kraj školske 2020/21. godine, možda će biti odloženo za godinu dana.
Ako uzmete keš kredit u Addiko banci, čeka vas pametni telefon! 
Ako uzmete keš kredit u Addiko banci, čeka vas pametni telefon! 

Baka Prase otkrio koliko je PARA ZARADIO OD "DRAME"! Doniraće OGROMAN novac deci oboleloj od raka, ali jednom porukom ZABRINUO je sve fanove
Baka Prase otkrio koliko je PARA ZARADIO OD "DRAME"! Doniraće OGROMAN novac deci oboleloj od raka, ali jednom porukom ZABRINUO je sve fanove

U nedelju počinje zimsko računanje vremena
U nedelju počinje zimsko računanje vremena

O pomeranju datuma prve državne mature se razmišlja u Ministarstvu prosvete, jer generacija koja je prvobitno planirana da je polaže nije obuhvaćena novim nastavnim planom i programom.
Na stolu su dve opcije, da matura bude održana kako je planirano ili da bude održana samo simulacija, ali njeni rezultati ne bi važili prilikom upisa na fakultete već bi se računali kao jedna od ključnih ocena.
Kako je najavljeno, ispiti iz maternjeg jezika biće obavezni deo nacionalne mature za sve đake, dok će zadatke iz matematike polagati oni koji su taj predmet slušali duže od dve godine.
U trećem delu, učenici gimnazija biraće sa liste između biologije, hemije, fizike istorije, geografije, stranih jezika, dok će oni iz stručnih i umetničkih škola imati stručne predmete.
I danas SUNČANO i toplo, evo kada stiže zahlađenje sa PADAVINAMA
I danas SUNČANO i toplo, evo kada stiže zahlađenje sa PADAVINAMA

Po ovim stvarima će Srbija pamtiti novinarku Draganu Tripić
Po ovim stvarima će Srbija pamtiti novinarku Draganu Tripić

Mučena je, a onda RASTRGNUTA KONJIMA! Ovako izgledaju mošti srpske mučenice Bosiljke KOJA BDI NAD KOSOVOM (FOTO)
Mučena je, a onda RASTRGNUTA KONJIMA! Ovako izgledaju mošti srpske mučenice Bosiljke KOJA BDI NAD KOSOVOM (FOTO)

NIKAD NE BISTE POGODILI: Svetska čast za OVU SRPSKU NAMIRNICU!
NIKAD NE BISTE POGODILI: Svetska čast za OVU SRPSKU NAMIRNICU!

RADOVI USPORILI SAOBRAĆAJ: Kamioni na Batrovcima čekaju i po 12 sati!
RADOVI USPORILI SAOBRAĆAJ: Kamioni na Batrovcima čekaju i po 12 sati!

 
 Uvođenje i polaganje državne mature u srednjim školama koje je bilo planirano za kraj školske 2020/21. godine, možda će biti odloženo za godinu dana. O pomeranju datuma prve državne mature se razmišlja u Ministarstvu prosvete, jer generacija koja je prvobitno planirana da je polaže nije obuhvaćena novim nastavnim planom i programom. Na stolu su dve opcije, da matura bude održana kako je planirano ili da bude održana samo simulacija, ali njeni rezultati ne bi važili prilikom upisa na fakultete već bi se računali kao jedna od ključnih ocena. Kako je najavljeno, ispiti iz maternjeg jezika biće obavezni deo nacionalne mature za sve đake, dok će zadatke iz matematike polagati oni koji su taj predmet slušali duže od dve godine. U trećem delu, učenici gimnazija biraće sa liste između biologije, hemije, fizike istorije, geografije, stranih jezika, dok će oni iz stručnih i umetničkih škola imati stručne predmete.</article-text><article-text-transliterated> 
Uvođenje i polaganje državne mature u srednjim školama koje je bilo planirano za kraj školske 2020/21. godine, možda će biti odloženo za godinu dana.
Ako uzmete keš kredit u Addiko banci, čeka vas pametni telefon! 
Ako uzmete keš kredit u Addiko banci, čeka vas pametni telefon! 

Baka Prase otkrio koliko je PARA ZARADIO OD "DRAME"! Doniraće OGROMAN novac deci oboleloj od raka, ali jednom porukom ZABRINUO je sve fanove
Baka Prase otkrio koliko je PARA ZARADIO OD "DRAME"! Doniraće OGROMAN novac deci oboleloj od raka, ali jednom porukom ZABRINUO je sve fanove

U nedelju počinje zimsko računanje vremena
U nedelju počinje zimsko računanje vremena

O pomeranju datuma prve državne mature se razmišlja u Ministarstvu prosvete, jer generacija koja je prvobitno planirana da je polaže nije obuhvaćena novim nastavnim planom i programom.
Na stolu su dve opcije, da matura bude održana kako je planirano ili da bude održana samo simulacija, ali njeni rezultati ne bi važili prilikom upisa na fakultete već bi se računali kao jedna od ključnih ocena.
Kako je najavljeno, ispiti iz maternjeg jezika biće obavezni deo nacionalne mature za sve đake, dok će zadatke iz matematike polagati oni koji su taj predmet slušali duže od dve godine.
U trećem delu, učenici gimnazija biraće sa liste između biologije, hemije, fizike istorije, geografije, stranih jezika, dok će oni iz stručnih i umetničkih škola imati stručne predmete.
I danas SUNČANO i toplo, evo kada stiže zahlađenje sa PADAVINAMA
I danas SUNČANO i toplo, evo kada stiže zahlađenje sa PADAVINAMA

Po ovim stvarima će Srbija pamtiti novinarku Draganu Tripić
Po ovim stvarima će Srbija pamtiti novinarku Draganu Tripić

Mučena je, a onda RASTRGNUTA KONJIMA! Ovako izgledaju mošti srpske mučenice Bosiljke KOJA BDI NAD KOSOVOM (FOTO)
Mučena je, a onda RASTRGNUTA KONJIMA! Ovako izgledaju mošti srpske mučenice Bosiljke KOJA BDI NAD KOSOVOM (FOTO)

NIKAD NE BISTE POGODILI: Svetska čast za OVU SRPSKU NAMIRNICU!
NIKAD NE BISTE POGODILI: Svetska čast za OVU SRPSKU NAMIRNICU!

RADOVI USPORILI SAOBRAĆAJ: Kamioni na Batrovcima čekaju i po 12 sati!
RADOVI USPORILI SAOBRAĆAJ: Kamioni na Batrovcima čekaju i po 12 sati!

 
 Uvođenje i polaganje državne mature u srednjim školama koje je bilo planirano za kraj školske 2020/21. godine, možda će biti odloženo za godinu dana. O pomeranju datuma prve državne mature se razmišlja u Ministarstvu prosvete, jer generacija koja je prvobitno planirana da je polaže nije obuhvaćena novim nastavnim planom i programom. Na stolu su dve opcije, da matura bude održana kako je planirano ili da bude održana samo simulacija, ali njeni rezultati ne bi važili prilikom upisa na fakultete već bi se računali kao jedna od ključnih ocena. Kako je najavljeno, ispiti iz maternjeg jezika biće obavezni deo nacionalne mature za sve đake, dok će zadatke iz matematike polagati oni koji su taj predmet slušali duže od dve godine. U trećem delu, učenici gimnazija biraće sa liste između biologije, hemije, fizike istorije, geografije, stranih jezika, dok će oni iz stručnih i umetničkih škola imati stručne predmete.</article-text-transliterated><comment-list /></article><comments><comment-count>0</comment-count></comments></document>