<document global_id="sr-08-15"><url>https://www.srbijadanas.com/vesti/info/milo-lopove-2020-01-26</url><source-id>08</source-id><local-id>15</local-id><source-name>srbijadanas</source-name><article><article-title>ČUVENI AFRIČKI RATNICI PODRŽALI SRBE! Snimak ODUŠEVIO SVE, pleme Masai poručuje: "MILO LOPOVE" (VIDEO) </article-title><article-time>2020-01-26</article-time><article-author>Srbija Danas</article-author><article-text> Podrška srpskom narodu koji se u Crnoj Gori bori za svoja elementarna prava i odbranu drevnih svetinja stiže iz celog sveta. Od Njujorka i Milana, do Slovenije i Ženeve, naši ljudi i svi koji podržavaju pravdu jasno su iskazali svoje stavove.  Međutim, podrška stiže i iz egzotičnih krajeva - od pripadnika čuvenog ratobornog plemena Masai iz istočne Afrike. Na internetu se pojavio snimak koji je po svoj prilici snimio naš čovek, koji svojim uvodom daje kontekst ovom video materijalu. Masai je narod istočno-sudanske porodice naroda. Prema procenama ih ima oko 900 hiljada od čega je gotovo polovina nastanjena u Keniji i u Tanzaniji. Izvorno su polunomadski pastirski narod, koji su se radi ispaše kretali sa svojom stokom.  Za teritoriju na kojoj žive koristi se naziv Masailend, a na tom prostoru se nalaze i Serengeti, Masai-Mara, Amboseli i Cavo. U ovom slavnom plemenu postoji jak kult ratnika, kojima je glavni posao da štite pleme. Oni ne smeju da se žene dok ne napuste svoju "vojnu službu". Masai govore jezik Maa, koji pripada grupi nilo-saharskih jezika. Njihova religija je monoteistička, a bog se naziva Ngai.</article-text><article-text-transliterated> Podrška srpskom narodu koji se u Crnoj Gori bori za svoja elementarna prava i odbranu drevnih svetinja stiže iz celog sveta. Od Njujorka i Milana, do Slovenije i Ženeve, naši ljudi i svi koji podržavaju pravdu jasno su iskazali svoje stavove.  Međutim, podrška stiže i iz egzotičnih krajeva - od pripadnika čuvenog ratobornog plemena Masai iz istočne Afrike. Na internetu se pojavio snimak koji je po svoj prilici snimio naš čovek, koji svojim uvodom daje kontekst ovom video materijalu. Masai je narod istočno-sudanske porodice naroda. Prema procenama ih ima oko 900 hiljada od čega je gotovo polovina nastanjena u Keniji i u Tanzaniji. Izvorno su polunomadski pastirski narod, koji su se radi ispaše kretali sa svojom stokom.  Za teritoriju na kojoj žive koristi se naziv Masailend, a na tom prostoru se nalaze i Serengeti, Masai-Mara, Amboseli i Cavo. U ovom slavnom plemenu postoji jak kult ratnika, kojima je glavni posao da štite pleme. Oni ne smeju da se žene dok ne napuste svoju "vojnu službu". Masai govore jezik Maa, koji pripada grupi nilo-saharskih jezika. Njihova religija je monoteistička, a bog se naziva Ngai.</article-text-transliterated><comment-list /></article><comments><comment-count>0</comment-count></comments></document>