<document global_id="sr-08-166"><url>https://www.srbijadanas.com/vesti/info/ukoliko-imate-madarski-pasos-ne-znate-jezik-necete-se-bas-lepo-provesti-na-granici-2016-12-05</url><source-id>08</source-id><local-id>166</local-id><source-name>srbijadanas</source-name><article><article-title>Ukoliko imate mađarski pasoš, a NE ZNATE JEZIK - nećete se baš lepo provesti na granici! </article-title><article-time>2016-12-05</article-time><article-author>Srbija danas</article-author><article-text> Međutim, i kada se dobije mađarsko državljanstvo, odnosnopasoš, neizvesnost tu ne prestaje. Mađari su u poslednjih godinu dana počeli da proveravaju znanje jezika i na graničnim prelazima. Broj građana s dvojnim državljanstvom verovatno je veći, s obzirom na to da mnogi predaju zahtev u mađarskim mestima, pre svega u Makou, nedaleko od Segedina. Ti ljudi tamo i polažu zakletvu, ukoliko ispunjavaju uslove i uspešno prođu na proveri znanja mađarskog jezika, što nije lako jer se traži srednji nivo znanja. Naime, pooštreni su uslovi za dobijanje mađarskog pasoša. Do pooštravanja kriterijuma je došlo prošle godine posle velike afere u Ukrajini, gde su deljena mađarska državljanstva ljudima koji nisu ispunjavali propisane uslove. Posle upitnika od 50 opštih pitanja, svi idu i na usmeno ispitivanje.</article-text><article-text-transliterated> Međutim, i kada se dobije mađarsko državljanstvo, odnosnopasoš, neizvesnost tu ne prestaje. Mađari su u poslednjih godinu dana počeli da proveravaju znanje jezika i na graničnim prelazima. Broj građana s dvojnim državljanstvom verovatno je veći, s obzirom na to da mnogi predaju zahtev u mađarskim mestima, pre svega u Makou, nedaleko od Segedina. Ti ljudi tamo i polažu zakletvu, ukoliko ispunjavaju uslove i uspešno prođu na proveri znanja mađarskog jezika, što nije lako jer se traži srednji nivo znanja. Naime, pooštreni su uslovi za dobijanje mađarskog pasoša. Do pooštravanja kriterijuma je došlo prošle godine posle velike afere u Ukrajini, gde su deljena mađarska državljanstva ljudima koji nisu ispunjavali propisane uslove. Posle upitnika od 50 opštih pitanja, svi idu i na usmeno ispitivanje.</article-text-transliterated><comment-list /></article><comments><comment-count>0</comment-count></comments></document>