<document global_id="sr-08-103"><url>https://www.srbijadanas.com/clanak/ibanjez-nisam-jos-prelomio-ali-25-06-2015</url><source-id>08</source-id><local-id>103</local-id><source-name>srbijadanas</source-name><article><article-title>IBANJEZ: Nisam još prelomio, ali... </article-title><article-time>25-06-2015</article-time><article-author /><article-text> Saga o Luisu ibanjezu je blizu da dobije konačni epilog. U četvrtak je Argentinac viđen u Krškom na utakmici Crvene zvezde i Karpata koju su crveno-beli pobedili rezultatom 4:1, o čemu više možete pročitati OVDE. Ibanjez nije krio oduševljenje potencijalnim transferom u Zvezdu. -Veliki klub, znam da imaju fantastične navijače, da je stadion pun na velikim mečevima i to je ono što ja obožavam. Uz to, jezik je isti, Zagreb je blizu, postoji mnogo pluseva - zaključio je Argentinac. Pročitajte i:</article-text><article-text-transliterated> Saga o Luisu ibanjezu je blizu da dobije konačni epilog. U četvrtak je Argentinac viđen u Krškom na utakmici Crvene zvezde i Karpata koju su crveno-beli pobedili rezultatom 4:1, o čemu više možete pročitati OVDE. Ibanjez nije krio oduševljenje potencijalnim transferom u Zvezdu. -Veliki klub, znam da imaju fantastične navijače, da je stadion pun na velikim mečevima i to je ono što ja obožavam. Uz to, jezik je isti, Zagreb je blizu, postoji mnogo pluseva - zaključio je Argentinac. Pročitajte i:</article-text-transliterated><comment-list /></article><comments><comment-count>0</comment-count></comments></document>