<document global_id="sr-08-153"><url>https://www.srbijadanas.com/clanak/stav-moskve-obamu-niko-nije-vukao-za-jezik-10-08-2015</url><source-id>08</source-id><local-id>153</local-id><source-name>srbijadanas</source-name><article><article-title>STAV MOSKVE: Obamu niko nije "vukao za jezik" </article-title><article-time>10-08-2015</article-time><article-author>Tanjug</article-author><article-text> "Ruski ministar citirao je američkog predsednika kojeg niko nije vukao za jezik, već je to rekao samo nekoliko godina ranije - da će rešenje iranskog nuklearnog programa omogućiti reviziju planova za izgradnju protivraketne odbrane u Evropi", rekla je ona. "Samo citiramo i podsećamo američko rukovodstvo na ono što je samo govorilo pre nekoliko godina", kazala je Zaharova. Američki Stejt department 6. avgusta komentarisao je izjavu šefa ruske diplomatije Sergeja Lavrova, ističući da je to "proizvoljno tumačenje" Obamine izjave. "On (Lavrov) je u njegovom komentaru rekao da predsednik (Obama), otvoreno govoreći, ne priča istinu o protivraketnoj odbrani. To je u najboljem slučaju proizvoljno čitanje izjave predsednika, a u najgorem, svesno ignorisanje činjenica", kazao je predstavnik Stejt departmenta Mark Toner. Prema njegovim rečima, "sporazum sa Iranom, ako bude u potpunosti realizovan, samo će rešiti pitanje nuklearnog oružja, ali neće ukinuti pretnju koju nose iranske balističke rakete". Ruske agencije prenele su da je Zaharova kao prva žena na tom položaju imenovana za novog zvaničnog predstavnika ruskog MIP-a, pošto je dosadašnji predstavnik Aleksandar Lukaševič imenovan za stalnog predstavnika Rusije pri OEBS-u.</article-text><article-text-transliterated> "Ruski ministar citirao je američkog predsednika kojeg niko nije vukao za jezik, već je to rekao samo nekoliko godina ranije - da će rešenje iranskog nuklearnog programa omogućiti reviziju planova za izgradnju protivraketne odbrane u Evropi", rekla je ona. "Samo citiramo i podsećamo američko rukovodstvo na ono što je samo govorilo pre nekoliko godina", kazala je Zaharova. Američki Stejt department 6. avgusta komentarisao je izjavu šefa ruske diplomatije Sergeja Lavrova, ističući da je to "proizvoljno tumačenje" Obamine izjave. "On (Lavrov) je u njegovom komentaru rekao da predsednik (Obama), otvoreno govoreći, ne priča istinu o protivraketnoj odbrani. To je u najboljem slučaju proizvoljno čitanje izjave predsednika, a u najgorem, svesno ignorisanje činjenica", kazao je predstavnik Stejt departmenta Mark Toner. Prema njegovim rečima, "sporazum sa Iranom, ako bude u potpunosti realizovan, samo će rešiti pitanje nuklearnog oružja, ali neće ukinuti pretnju koju nose iranske balističke rakete". Ruske agencije prenele su da je Zaharova kao prva žena na tom položaju imenovana za novog zvaničnog predstavnika ruskog MIP-a, pošto je dosadašnji predstavnik Aleksandar Lukaševič imenovan za stalnog predstavnika Rusije pri OEBS-u.</article-text-transliterated><comment-list /></article><comments><comment-count>0</comment-count></comments></document>