<document global_id="sr-08-224"><url>https://www.srbijadanas.com/vesti/region/skandal-sarajevski-klinicki-centar-brani-izetbegovicevu-zenu-i-mi-priznajemo-vise-jezika-i-pisama-2017-01-28</url><source-id>08</source-id><local-id>224</local-id><source-name>srbijadanas</source-name><article><article-title>SKANDAL! SARAJEVSKI KLINIČKI CENTAR BRANI IZETBEGOVIĆEVU ŽENU: I mi priznajemo više jezika i pisama </article-title><article-time>2017-01-28</article-time><article-author>Srbija Danas</article-author><article-text> Nakon osuda javnosti u BiH jer je direktorka Kliničnog centra Univerziteta u Sarajevu (KCUS) Sebija Izetbegović ismevala ekavicu, oglasili su se iz te institucije navodeći da je poznavanje više jezika bogatstvo. Sebija Izetbegović, supruga Bakira Izetbegovića, člana Predsedništva BiH, napravila je skandal kada je podrugljivim tonom počela da priča na ekavici, nakon što joj je novinarka Al Džazire Nataša Kovačev postavila pitanje o broju odlazaka lekara iz ove zdravstene institucije. Al Džazira Balkans osudila je odnos Izetbegovićeve prema novinarki te medijske kuće, ističući da poštuje i neguje punu jezičku ravnopravnost i da neće dozvoliti da bilo ko dovede u pitanje i ugrozi taj naš temeljni princip. Sarajevsko Udruženje za društvena istraživanja i komunikacije osudilo je nemio događaj na pres konferenciji menadžmenta KCUS, kao i, kako je navedeno, fašističko ponašanje direktorke KCUS-a, Sebije Izetbegović.</article-text><article-text-transliterated> Nakon osuda javnosti u BiH jer je direktorka Kliničnog centra Univerziteta u Sarajevu (KCUS) Sebija Izetbegović ismevala ekavicu, oglasili su se iz te institucije navodeći da je poznavanje više jezika bogatstvo. Sebija Izetbegović, supruga Bakira Izetbegovića, člana Predsedništva BiH, napravila je skandal kada je podrugljivim tonom počela da priča na ekavici, nakon što joj je novinarka Al Džazire Nataša Kovačev postavila pitanje o broju odlazaka lekara iz ove zdravstene institucije. Al Džazira Balkans osudila je odnos Izetbegovićeve prema novinarki te medijske kuće, ističući da poštuje i neguje punu jezičku ravnopravnost i da neće dozvoliti da bilo ko dovede u pitanje i ugrozi taj naš temeljni princip. Sarajevsko Udruženje za društvena istraživanja i komunikacije osudilo je nemio događaj na pres konferenciji menadžmenta KCUS, kao i, kako je navedeno, fašističko ponašanje direktorke KCUS-a, Sebije Izetbegović.</article-text-transliterated><comment-list /></article><comments><comment-count>0</comment-count></comments></document>