<document global_id="sr-08-181"><url>https://www.srbijadanas.com/vesti/region/bosanski-jezik-ne-postoji-dodik-ne-dozvoljava-nametanje-republici-srpskoj-2016-12-20</url><source-id>08</source-id><local-id>181</local-id><source-name>srbijadanas</source-name><article><article-title>"BOSANSKI JEZIK NE POSTOJI"! Dodik ne dozvoljava nametanje Republici Srpskoj </article-title><article-time>2016-12-20</article-time><article-author>Srbija Danas/Srna</article-author><article-text> Predsednik Republike Srpske Milorad Dodik izjavio je da bosanski jezik ne postoji i da je neprihvatljivo da Savet ministara BiH razmatra informaciju o ovom jeziku. On je napomenuo da je bosanski jezik nesrećno upisan u Dejtonski mirovni sporazum i da je to neko uradio radi određenih kalkulacija, ali da u BiH može postojati samo ono što se dogovori. Savet ministara BiH danas je u Sarajevu raspravljao o Informaciji o kršenju ustavnog prava Bošnjaka na slobodno korištenje i upotrebu bosanskog jezika u Republici Srpskoj, a izjašnjavanje o njoj je odgođeno. Predsednik Dodik izjavio je da je regulisanje nadležnosti i sastava Ustavnog suda BiH ključno pitanje koje se tiče budućnosti Republike Srpske. Dodik smatra da ova pitanja moraju biti rešena za pet ili 10 godina kako ne bi u opasnost bilo dovedeno postojanje Republike Srpske, jer Ustavni sud BiH sada kreira novi politički sistem. On je istakao da se sugestije HDZ BiH odnose na način izbora sudija Ustavnog suda BiH iz Federacije BiH. On je podsetio da na nivo BiH ne postoji zakon o Ustavnom sudu, dok Ustavni sud Republike Srpske funkcioniše na osnovu zakona. On smatra da dodatne nadležnosti Ustavnog suda BiH moraju biti ukinute. On je ocenio kao nedopustive stavove SDS i PDP da lider SDA Bakir Izetbegović nešto neće. Predsednik Republike Srpske, Milorad Dodik, najavio je da će Srpska u narednim danima pojačati bezbednosne mere na svim urgentnim tačkama. Nakon što se prvi upisao u knjigu žalosti, koja je otvorena u Banskom dvoru u Banjaluci, povodom ubistva ambasadora Ruske Federacije u Turskoj, Andreja Karlova, Dodik je rekao da je to strašan čin.</article-text><article-text-transliterated> Predsednik Republike Srpske Milorad Dodik izjavio je da bosanski jezik ne postoji i da je neprihvatljivo da Savet ministara BiH razmatra informaciju o ovom jeziku. On je napomenuo da je bosanski jezik nesrećno upisan u Dejtonski mirovni sporazum i da je to neko uradio radi određenih kalkulacija, ali da u BiH može postojati samo ono što se dogovori. Savet ministara BiH danas je u Sarajevu raspravljao o Informaciji o kršenju ustavnog prava Bošnjaka na slobodno korištenje i upotrebu bosanskog jezika u Republici Srpskoj, a izjašnjavanje o njoj je odgođeno. Predsednik Dodik izjavio je da je regulisanje nadležnosti i sastava Ustavnog suda BiH ključno pitanje koje se tiče budućnosti Republike Srpske. Dodik smatra da ova pitanja moraju biti rešena za pet ili 10 godina kako ne bi u opasnost bilo dovedeno postojanje Republike Srpske, jer Ustavni sud BiH sada kreira novi politički sistem. On je istakao da se sugestije HDZ BiH odnose na način izbora sudija Ustavnog suda BiH iz Federacije BiH. On je podsetio da na nivo BiH ne postoji zakon o Ustavnom sudu, dok Ustavni sud Republike Srpske funkcioniše na osnovu zakona. On smatra da dodatne nadležnosti Ustavnog suda BiH moraju biti ukinute. On je ocenio kao nedopustive stavove SDS i PDP da lider SDA Bakir Izetbegović nešto neće. Predsednik Republike Srpske, Milorad Dodik, najavio je da će Srpska u narednim danima pojačati bezbednosne mere na svim urgentnim tačkama. Nakon što se prvi upisao u knjigu žalosti, koja je otvorena u Banskom dvoru u Banjaluci, povodom ubistva ambasadora Ruske Federacije u Turskoj, Andreja Karlova, Dodik je rekao da je to strašan čin.</article-text-transliterated><comment-list /></article><comments><comment-count>0</comment-count></comments></document>