<document global_id="sr-08-92"><url>https://www.srbijadanas.com/vesti/drustvo/kosava-ce-i-danas-dostizati-udare-olujne-jacine-evo-da-li-je-istina-ili-zabluda-da-traje-tri-sedam-2019-11-04</url><source-id>08</source-id><local-id>92</local-id><source-name>srbijadanas</source-name><article><article-title>Košava će duvati OLUJNOM jačinom, a evo da li zaista može da traje tri, sedam ili 21 dan uzastopno! </article-title><article-time>2019-11-04</article-time><article-author>Tanjug</article-author><article-text> Prema prognozi, danas će u Srbiji ujutro i pre podne biti pretežno oblačno, ponegde sa kišom. Duvaće umeren i jak južni i jugoistočni vetar, koji ce na jugu Banata i u planinskim predelima dostizati udare olujne jačine. Vikend za koji je RHMZ upozorio da neće biti prijatan zbog košave polako se privodi kraju, međutim, sudeći po prognozama, čini se da ćemo se još "družiti" sa ovim olujnim vetrom. Pošto je košava karakteristična za jesen i zimu sigurno je nećemo izbeći tako lako, zato hajde da upoznamo malo bolje ovaj endemski vetar turskog imena. Košava je jugoistočni vetar, donosi suvo i hladno vreme, a njeni udari mogu dostizati brzinu i do 70 kilometara na sat. Putanja joj je poznata, tako da se razvija od jugoistoka ka severozapadu, od Timoka do Subotice, u najvećoj meri kroz Podunavlje, Istočnu Srbiju, Banat i Bačku, preko područja koja se baš iz tog razloga i nazivaju košavska. Ovaj vetar je najjaču na ulazu u Đerdapsku klisuru. Kao što smo pomenuli, naziv košava potiče iz turskog jezika i u bukvalnom prevodu znači "brz vetar". Nastao je od reči "kos", što znači brz, i "hava", što u prevodu znači vetar. Reč je o vetru srednjeg i jakog intenziteta, koji duva samo u Srbiji i delovima Bugarske i Rumunije, po čemu je poznat i u svetskoj literaturi, između ostalog i u Meteorološkom rečniku Američkog meteorološkog društva. Košava je vetar koji je karakterističan i za srpsku prestonicu. Košava spada u vetrove koji duvaju sa planine, ali je u isto vreme i vetar koji tokom dana menja intenzitet, i najsnažnije duva između pet i deset sati ujutro. Košava duva pri površini zemlje, ali ne većoj od 2.000 metara u visinu. Brzina joj je najčešće od 25 do 40 kilometara na sat, ali može da razvije i orkanske brzine. Pojedini udari košave su u januaru 1972. godine u Beogradu na Zelenom brdu dostizali 137 kilometara na čas! Takođe, u noći između 16. i 17. oktobra 1976. godine udari košave su bili toliki da su u jutarnjim satima iznosili 130 kilometara na sat. Košava retko kada duva jedan dan. Obično, njeno trajanje je do pet dana, ali je bilo primera kada je trajala i neuporedivo duže. Iako se veoma često može čuti da je jedno od karakteristika košave to što duva tri, sedam ili 21 dan uzastopno, čini se da to nije slučaj. Najdugovečnija zabeležena košava duvala je čak ceo mesec februar 1972. godine. Isti slučaj je i sa onom iz oktobra 1953. godine. Nešto kraće duvala je košava 1951. godine (27 dana), a zabeležene su i košave još iz tridesetih godina prošlog veka (1934. i 1935. godina), koje su trajale 24, odnosno 23 dana. Za košavu je karakteristično da duva slapovito. Za razliku od, na primer, severca, košava je vetar koji dolazi u snažnim udarima koji su, između ostalog, posledica načina na koji nastaje. Meteorolozi razlikuju dve varijante košave. Topla nastaje u situacijama kada se istočnije od nas nalazi anticiklon, dok je u Sredozemlju ciklon. Tada razlika u pritisku rađa ovaj vetar koji, po pravilu, donosi otopljenje i do desetak stepeni u odnosu na vreme koje je prethodilo. Hladna košava nastaje i kada hladan vazduh krene sa severoistoka Evrope ka Balkanu. Tada košava donosi pad temperature za 5 do 10 stepeni u odnosu na vreme koje je prethodilo. Ovakva situacija sa hladnom košavom se najčešće javlja u oktobru, a zatim u martu. Za košavu je zanimljivo i to da je reč o vetru koji retko kada prate padavine, odnosno skoro nikada u isto vreme ne duva košava i pada kiša. Ona može da usledi tek kada vetar prestane da duva. Košava je bila poznata i po živom pesku koji je nekada nosila po južnom Banatu. Još i danas ima mesta oko Golupca, Velikog Gradišta, a naročito u Banatskoj peščari, gde košava nosi pesak. U literaturi se pominje košava koja je duvala 1896. godine između 25. i 26. februara. Tada je preko Banata nosila velike količine peska iz Deliblatske peščare i zasula celu okolinu, a železnička pruga između Vršca i Kovina bila je zatrpana slojem peska visokim tri metra. Tada je, navodno, izbacila iz koloseka i putnički voz u okolini Kragujevca.</article-text><article-text-transliterated> Prema prognozi, danas će u Srbiji ujutro i pre podne biti pretežno oblačno, ponegde sa kišom. Duvaće umeren i jak južni i jugoistočni vetar, koji ce na jugu Banata i u planinskim predelima dostizati udare olujne jačine. Vikend za koji je RHMZ upozorio da neće biti prijatan zbog košave polako se privodi kraju, međutim, sudeći po prognozama, čini se da ćemo se još "družiti" sa ovim olujnim vetrom. Pošto je košava karakteristična za jesen i zimu sigurno je nećemo izbeći tako lako, zato hajde da upoznamo malo bolje ovaj endemski vetar turskog imena. Košava je jugoistočni vetar, donosi suvo i hladno vreme, a njeni udari mogu dostizati brzinu i do 70 kilometara na sat. Putanja joj je poznata, tako da se razvija od jugoistoka ka severozapadu, od Timoka do Subotice, u najvećoj meri kroz Podunavlje, Istočnu Srbiju, Banat i Bačku, preko područja koja se baš iz tog razloga i nazivaju košavska. Ovaj vetar je najjaču na ulazu u Đerdapsku klisuru. Kao što smo pomenuli, naziv košava potiče iz turskog jezika i u bukvalnom prevodu znači "brz vetar". Nastao je od reči "kos", što znači brz, i "hava", što u prevodu znači vetar. Reč je o vetru srednjeg i jakog intenziteta, koji duva samo u Srbiji i delovima Bugarske i Rumunije, po čemu je poznat i u svetskoj literaturi, između ostalog i u Meteorološkom rečniku Američkog meteorološkog društva. Košava je vetar koji je karakterističan i za srpsku prestonicu. Košava spada u vetrove koji duvaju sa planine, ali je u isto vreme i vetar koji tokom dana menja intenzitet, i najsnažnije duva između pet i deset sati ujutro. Košava duva pri površini zemlje, ali ne većoj od 2.000 metara u visinu. Brzina joj je najčešće od 25 do 40 kilometara na sat, ali može da razvije i orkanske brzine. Pojedini udari košave su u januaru 1972. godine u Beogradu na Zelenom brdu dostizali 137 kilometara na čas! Takođe, u noći između 16. i 17. oktobra 1976. godine udari košave su bili toliki da su u jutarnjim satima iznosili 130 kilometara na sat. Košava retko kada duva jedan dan. Obično, njeno trajanje je do pet dana, ali je bilo primera kada je trajala i neuporedivo duže. Iako se veoma često može čuti da je jedno od karakteristika košave to što duva tri, sedam ili 21 dan uzastopno, čini se da to nije slučaj. Najdugovečnija zabeležena košava duvala je čak ceo mesec februar 1972. godine. Isti slučaj je i sa onom iz oktobra 1953. godine. Nešto kraće duvala je košava 1951. godine (27 dana), a zabeležene su i košave još iz tridesetih godina prošlog veka (1934. i 1935. godina), koje su trajale 24, odnosno 23 dana. Za košavu je karakteristično da duva slapovito. Za razliku od, na primer, severca, košava je vetar koji dolazi u snažnim udarima koji su, između ostalog, posledica načina na koji nastaje. Meteorolozi razlikuju dve varijante košave. Topla nastaje u situacijama kada se istočnije od nas nalazi anticiklon, dok je u Sredozemlju ciklon. Tada razlika u pritisku rađa ovaj vetar koji, po pravilu, donosi otopljenje i do desetak stepeni u odnosu na vreme koje je prethodilo. Hladna košava nastaje i kada hladan vazduh krene sa severoistoka Evrope ka Balkanu. Tada košava donosi pad temperature za 5 do 10 stepeni u odnosu na vreme koje je prethodilo. Ovakva situacija sa hladnom košavom se najčešće javlja u oktobru, a zatim u martu. Za košavu je zanimljivo i to da je reč o vetru koji retko kada prate padavine, odnosno skoro nikada u isto vreme ne duva košava i pada kiša. Ona može da usledi tek kada vetar prestane da duva. Košava je bila poznata i po živom pesku koji je nekada nosila po južnom Banatu. Još i danas ima mesta oko Golupca, Velikog Gradišta, a naročito u Banatskoj peščari, gde košava nosi pesak. U literaturi se pominje košava koja je duvala 1896. godine između 25. i 26. februara. Tada je preko Banata nosila velike količine peska iz Deliblatske peščare i zasula celu okolinu, a železnička pruga između Vršca i Kovina bila je zatrpana slojem peska visokim tri metra. Tada je, navodno, izbacila iz koloseka i putnički voz u okolini Kragujevca.</article-text-transliterated><comment-list /></article><comments><comment-count>0</comment-count></comments></document>