<document global_id="sr-08-133"><url>https://www.srbijadanas.com/clanak/ko-se-bije-taj-se-voli-ovi-znakovi-su-toliko-razliciti-fatalno-se-privlace-20-07-2015</url><source-id>08</source-id><local-id>133</local-id><source-name>srbijadanas</source-name><article><article-title>KO SE BIJE, TAJ SE VOLI: Ovi znakovi su toliko različiti, a fatalno se privlače! </article-title><article-time>20-07-2015</article-time><article-author>Srbija Danas </article-author><article-text> Ukoliko ste spremni za vatrenu letnju romansu, ovo su horoskopske kombinacije koje prosto pršte od strasti. Ova dva znaka se privlače na svim poljima. Fizički su kao stvoreni jedno za drugo. Obožavaju duge razgovore, Blizanac je malo površan i voli da ogovara, Strelac je pošten i temeljan. Blizanac je uvek spreman za akciju, Strelca je teško naterati da se pokrene i promeni rutinu. Ipak, kada je sa Blizancem Strelac postaje pravi pustolov. Prema astrolozima, Bika niko ne može tako jako seksualno da privuče kao Škorpija. Ako se spoje mogu danima da budu zatvoreni u  spavaćoj sobi. Sve u vezi će im delovati fatalno. Ipak, kada izađu među prijatelje videće da se veoma razlikuju - Škorpija je prebrza za Bika, a Bik previše pasivan za Škorpiju. Ako su spremni na promene, veza će im sigurno uspeti. Ova dva znaka se savršeno dopunjuju. Hladan Jarac ne može da odoli emotivnim izlivima Raka. U spavaćoj sobi odlično funkcionišu, nadopunjuju se. Ipak, ako Rak postane previše "cmizdrav" i počne da kuka da ga Jarac ignoriše veza, lako može da se završi. Ako nađu zajednički jezik, mogu da ostanu zajedno godinama. Ovan tako neobuzdan i pun energije lako može da padne na šarm prefinjene Vage. Oni su toliko različiti da savršeno funkcionišu, bar na početku veze, savetuje malihoroskop.com. Ipak, doslednost Vage može Ovnu lako da postane dosadna. Ako Vaga malo popusti, može da uživa u najboljoj vezi u svom životu. Ribama je sve tako lako u životu. Oni su rođeni sa dozom optimizma i njima ništa ne može da pokvari dobro raspoloženje. Devica voli rad, red i disciplinu, pa opet rad, pa red…Ako se sretne sa Ribom može da odstupi od svojih pravila, makar u početku veze. Biće to savršena veza, koja može da potraje ako se nađe kompromis. Vodolija ne prizaje autoritete, Lav samo za to živi – da komanduje i da vlada. Međutim, ako u svoj vojnički poredak dopusti umetničkoj Vodoliji da uđe, njegova vladavina je gotova. Njegova rika postaje šapat, a sa Vodolijom će upoznati sve čari slobodnog ponašanja. Savršena avantura! Ako želite da saznate koji su znaci idealni za brak, možete to da pročitate na OVOM linku.</article-text><article-text-transliterated> Ukoliko ste spremni za vatrenu letnju romansu, ovo su horoskopske kombinacije koje prosto pršte od strasti. Ova dva znaka se privlače na svim poljima. Fizički su kao stvoreni jedno za drugo. Obožavaju duge razgovore, Blizanac je malo površan i voli da ogovara, Strelac je pošten i temeljan. Blizanac je uvek spreman za akciju, Strelca je teško naterati da se pokrene i promeni rutinu. Ipak, kada je sa Blizancem Strelac postaje pravi pustolov. Prema astrolozima, Bika niko ne može tako jako seksualno da privuče kao Škorpija. Ako se spoje mogu danima da budu zatvoreni u  spavaćoj sobi. Sve u vezi će im delovati fatalno. Ipak, kada izađu među prijatelje videće da se veoma razlikuju - Škorpija je prebrza za Bika, a Bik previše pasivan za Škorpiju. Ako su spremni na promene, veza će im sigurno uspeti. Ova dva znaka se savršeno dopunjuju. Hladan Jarac ne može da odoli emotivnim izlivima Raka. U spavaćoj sobi odlično funkcionišu, nadopunjuju se. Ipak, ako Rak postane previše "cmizdrav" i počne da kuka da ga Jarac ignoriše veza, lako može da se završi. Ako nađu zajednički jezik, mogu da ostanu zajedno godinama. Ovan tako neobuzdan i pun energije lako može da padne na šarm prefinjene Vage. Oni su toliko različiti da savršeno funkcionišu, bar na početku veze, savetuje malihoroskop.com. Ipak, doslednost Vage može Ovnu lako da postane dosadna. Ako Vaga malo popusti, može da uživa u najboljoj vezi u svom životu. Ribama je sve tako lako u životu. Oni su rođeni sa dozom optimizma i njima ništa ne može da pokvari dobro raspoloženje. Devica voli rad, red i disciplinu, pa opet rad, pa red…Ako se sretne sa Ribom može da odstupi od svojih pravila, makar u početku veze. Biće to savršena veza, koja može da potraje ako se nađe kompromis. Vodolija ne prizaje autoritete, Lav samo za to živi – da komanduje i da vlada. Međutim, ako u svoj vojnički poredak dopusti umetničkoj Vodoliji da uđe, njegova vladavina je gotova. Njegova rika postaje šapat, a sa Vodolijom će upoznati sve čari slobodnog ponašanja. Savršena avantura! Ako želite da saznate koji su znaci idealni za brak, možete to da pročitate na OVOM linku.</article-text-transliterated><comment-list><comments comment-id="1"><comment-parent-id>empty</comment-parent-id><comment-text>Ima tu nesto ali riba devica, vodolija lav i strelac blizanc je glupost, oni su samo naspramni znaci sto ne mora nista da znaci... Devica bi popizdela od ribine neurednosti...</comment-text><comment-text-transliterated>Ima tu nesto ali riba devica, vodolija lav i strelac blizanc je glupost, oni su samo naspramni znaci sto ne mora nista da znaci... Devica bi popizdela od ribine neurednosti...</comment-text-transliterated></comments></comment-list></article><comments><comment-count>1</comment-count></comments></document>