<document global_id="sr-08-98"><url>https://www.srbijadanas.com/vip/vip/tuzni-oprostaj-sahrana-novinarke-dragane-tripic-2019-10-29</url><source-id>08</source-id><local-id>98</local-id><source-name>srbijadanas</source-name><article><article-title>TUŽNI SKUP NA LEŠĆU: Porodica, prijatelji i estradne ličnosti ispratili novinarku Draganu Tripić na većni počinak (FOTO) </article-title><article-time>2019-10-29</article-time><article-author>Srbija Danas</article-author><article-text> Na beogradskom groblju Lešće sahranjena je novinarka Dragana Tripić. Njena porodica, prijatelji, kao i estradne ličnosti sa kojima je sarađivala okpili su se i ispratili pokojnu novinarku na večni počinak. Na groblju su pored porodice bili i Dragana Katić, pevač Amel Ćeman Ćemo, pevačice Zlata Petrović i Mira Škorić, estradni menadžer i voditelj Goran Jovanović, novinar Nemanja Pajić, učesnik zadruge Adam Đogani sa ocem, voditelj Darko Tanasijević i drugi. Fotografije sa Lešća možete pogledati u galeriji: Pevač Zdravko Čolić bio je sprečen da dođe, ali je poslao venac. Šta je pisalo na vencu pogledajte KLIKOM OVDE! Potresan govor na sahrani održao je Goran Jovanović, koji se družio sa Draganom Tripić. "Koliko smo samo puta svi mi koji smo imali priliku da sa tobom radimo čuli ovu rečenicu. I svaki put mi je izazvala osmeh… I svaki put sam znao šta da radim…  Sve do pre šest dana kada nas je probudila strašna vest da te više nikada nećemo videti, a pred mene je došao zadatak kome nisam dorastao. Šta da napišem, šta da kažem, šta da mislim kada si pred mene postavila samo zid tišine... I pitanja koja opsedaju poput roja pčela. Napadaju sa svih strana, bodu, bole, a ne možeš se od njih sakriti", rekao je on na sahrani pokojne novinarke. Podsetimo, Dragana Tripić pronađena je mrtva u svom stanu u beogradskom naselju Mirijevo, 24. oktobra ove godine. Rođena je 16. 05. 1961. godine, a popularnost je stekla kao novinarka više dnevnih listova i televizija i članica žirija u "Zvezdama Granda", gde je bila poznata kao oštar kritičar takmičara. Za sebe je govorila da je se ljudi plaše i da ima veliko srce, a nadimak joj je bio Maca. Kao takmičarku oštrog jezika pamtiće je i ljubitelji rijaliti programa. Učestvovala je u rijalitijima "Farma" i "Dvor", u kojem je 2011. godine dospela do finala, a poslednjih godina redovno je gostovala i u emisijama posvećenim rijalitiju "Zadruga", u kojima je analizirala ponašanje takmičara i događaje u Beloj kući.</article-text><article-text-transliterated> Na beogradskom groblju Lešće sahranjena je novinarka Dragana Tripić. Njena porodica, prijatelji, kao i estradne ličnosti sa kojima je sarađivala okpili su se i ispratili pokojnu novinarku na večni počinak. Na groblju su pored porodice bili i Dragana Katić, pevač Amel Ćeman Ćemo, pevačice Zlata Petrović i Mira Škorić, estradni menadžer i voditelj Goran Jovanović, novinar Nemanja Pajić, učesnik zadruge Adam Đogani sa ocem, voditelj Darko Tanasijević i drugi. Fotografije sa Lešća možete pogledati u galeriji: Pevač Zdravko Čolić bio je sprečen da dođe, ali je poslao venac. Šta je pisalo na vencu pogledajte KLIKOM OVDE! Potresan govor na sahrani održao je Goran Jovanović, koji se družio sa Draganom Tripić. "Koliko smo samo puta svi mi koji smo imali priliku da sa tobom radimo čuli ovu rečenicu. I svaki put mi je izazvala osmeh… I svaki put sam znao šta da radim…  Sve do pre šest dana kada nas je probudila strašna vest da te više nikada nećemo videti, a pred mene je došao zadatak kome nisam dorastao. Šta da napišem, šta da kažem, šta da mislim kada si pred mene postavila samo zid tišine... I pitanja koja opsedaju poput roja pčela. Napadaju sa svih strana, bodu, bole, a ne možeš se od njih sakriti", rekao je on na sahrani pokojne novinarke. Podsetimo, Dragana Tripić pronađena je mrtva u svom stanu u beogradskom naselju Mirijevo, 24. oktobra ove godine. Rođena je 16. 05. 1961. godine, a popularnost je stekla kao novinarka više dnevnih listova i televizija i članica žirija u "Zvezdama Granda", gde je bila poznata kao oštar kritičar takmičara. Za sebe je govorila da je se ljudi plaše i da ima veliko srce, a nadimak joj je bio Maca. Kao takmičarku oštrog jezika pamtiće je i ljubitelji rijaliti programa. Učestvovala je u rijalitijima "Farma" i "Dvor", u kojem je 2011. godine dospela do finala, a poslednjih godina redovno je gostovala i u emisijama posvećenim rijalitiju "Zadruga", u kojima je analizirala ponašanje takmičara i događaje u Beloj kući.</article-text-transliterated><comment-list><comments comment-id="1"><comment-parent-id>empty</comment-parent-id><comment-text>Sada je moraju prvo odmrznuti. Koliko ljudi dana treba da prođe da se neko sahrani????</comment-text><comment-text-transliterated>Sada je moraju prvo odmrznuti. Koliko ljudi dana treba da prođe da se neko sahrani????</comment-text-transliterated></comments></comment-list></article><comments><comment-count>1</comment-count></comments></document>