<document global_id="sr-08-85"><url>https://www.srbijadanas.com/vesti/vojvodina/nit-koja-se-ne-prekida-matica-slovacka-u-backom-petrovcu-decenijama-neguje-tradiciju-i-cuva-2019-11-21</url><source-id>08</source-id><local-id>85</local-id><source-name>srbijadanas</source-name><article><article-title>Nit koja se ne prekida: MATICA SLOVAČKA u Bačkom Petrovcu decenijama neguje tradiciju i čuva indentitet građana (VIDEO) </article-title><article-time>2019-11-21</article-time><article-author>Srbija Danas</article-author><article-text> "Matica slovačka" u Jugoslaviji osnovana je u Bačkom Petrovcu 18. maja 1932. godine. U to vreme Matica je imala 360 redovnih članova, a za prvog predsednika izabran je doktor Jan Buljik. Dom Ljudevita Mišika u kojoj se nalazi datira iz perioda pre Prvog svetskog rata.  Nastanak Matice je bio uslovljen željom za produbljivanjem kontakata između Slovaka u Jugoslaviji i Slovačke. Rad ove ustanove prekidan je u više navrata, obnovljen je odmah nakon Drugog svetskog rata. Matica slovačka u Jugoslaviji je 1948. godine dobila saglasnost od Narodne skupštine AP Vojvodine za otvaranje etnografskog muzeja, čiju osnovu su činili predmeti sakupljeni u okviru izložbi Udruženja čehoslovačkih žena ali i predmeti sakupljeni na poziv Matice slovačke. Zbirka je od samog početka imala turbulentno okruženje, menjala je nazive i vlasnike. Ipak, Muzej je svečano otvoren 1949. godine za vreme Slovačkih narodnih svečanosti, i tada je počeo da piše vlastitu istoriju. Matica slovačka i danas aktivno radi na očuvanju slovačkog identiteta i razvoju društvenog položaja Slovaka, posebno u oblastima prosvete, kulture, umetnosti i slovačkog jezika i pisma. Matica Slovačka je udruženje gradana i organizacija posvećena razvoju kulture i umetnosti. Glavni je organizator Slovačkih narodnih svečanosti svake godine, kao oblika učvršćivanja narodne pripadnosti.</article-text><article-text-transliterated> "Matica slovačka" u Jugoslaviji osnovana je u Bačkom Petrovcu 18. maja 1932. godine. U to vreme Matica je imala 360 redovnih članova, a za prvog predsednika izabran je doktor Jan Buljik. Dom Ljudevita Mišika u kojoj se nalazi datira iz perioda pre Prvog svetskog rata.  Nastanak Matice je bio uslovljen željom za produbljivanjem kontakata između Slovaka u Jugoslaviji i Slovačke. Rad ove ustanove prekidan je u više navrata, obnovljen je odmah nakon Drugog svetskog rata. Matica slovačka u Jugoslaviji je 1948. godine dobila saglasnost od Narodne skupštine AP Vojvodine za otvaranje etnografskog muzeja, čiju osnovu su činili predmeti sakupljeni u okviru izložbi Udruženja čehoslovačkih žena ali i predmeti sakupljeni na poziv Matice slovačke. Zbirka je od samog početka imala turbulentno okruženje, menjala je nazive i vlasnike. Ipak, Muzej je svečano otvoren 1949. godine za vreme Slovačkih narodnih svečanosti, i tada je počeo da piše vlastitu istoriju. Matica slovačka i danas aktivno radi na očuvanju slovačkog identiteta i razvoju društvenog položaja Slovaka, posebno u oblastima prosvete, kulture, umetnosti i slovačkog jezika i pisma. Matica Slovačka je udruženje gradana i organizacija posvećena razvoju kulture i umetnosti. Glavni je organizator Slovačkih narodnih svečanosti svake godine, kao oblika učvršćivanja narodne pripadnosti.</article-text-transliterated><comment-list /></article><comments><comment-count>0</comment-count></comments></document>