<document global_id="sr-08-209"><url>https://www.srbijadanas.com/zena/astro/ako-ne-mozete-vi-horoskop-ce-ga-otkriti-kako-se-ponasa-njegov-znak-ako-vas-je-prevario-2017-01-13</url><source-id>08</source-id><local-id>209</local-id><source-name>srbijadanas</source-name><article><article-title>AKO NE MOŽETE VI, HOROSKOP ĆE GA OTKRITI: Kako se ponaša njegov znak ako vas je prevario? </article-title><article-time>2017-01-13</article-time><article-author>Srbija Danas/Blic žena</article-author><article-text> Na osnovu astrološke analize lako možete da saznate kako se svaki znak Zodijaka ponaša kada prevari partnerku, na koje načine krije neverstvo, da li je spreman da zarad avanture okonča vezu i kako će podneti ako partnerka odluči da ostavi njega. Kako možete da prepoznate da vas vara U slučaju Ovna ne smete da verujete ni rođenim očima. Čak i kada vidite šta radi, ne budite sigurni da vas ne vara. Ako je posle velike pauze ponovo počeo da vežba i zateže mišiće, stvar je alarmantna. Ako odlučite da ga ostavite U stvari, tek tada ćete saznati da li ste mu značili i koliko. Ako mirno prihvati raskid, znači da niste ni morali da budete zajedno. Ako odluči da se bori za vas, onda ćete se pomiriti čak i ako vi to ne želite. Ovi znaci će pamtiti januar PO NAJGOREM! Kako možete da prepoznate da vas vara Uglavnom ga mrzi da se upušta u duple veze. Kad vara, on vara krajnje očigledno jer ga mrzi da bilo šta krije. Sigurno ćete ga uhvatiti na delu, a verovatno mu i oprostiti. Ako odlučite da ga ostavite Bik veoma teško podnosi raskid čak i ako nije zaljubljen u vas. Neće mu biti lako čak i ako ima ljubavnicu. Jednostavno, on ne voli da izgubi ono što smatra svojim. Kako možete da prepoznate da vas vara S njim nikada niste sigurni, pa je najbolje da se tim pitanjem ne opterećujete. Jezik mu je brži od pameti, pa će vam kad-tad sam reći šta je uradio. Preljuba se najlakše oprašta Blizancima. Ako odlučite da ga ostavite Ukoliko ne bude želeo da raskine s vama, na sve moguće načine pokušaće da vas zadrži pored sebe. Moraćete nekoliko puta da raskinete s njim pre nego što on to prihvati. Nemojte se iznenaditi ako nakon raskida vaš brat postane njegov najbolji prijatelj. Kako možete da prepoznate da vas vara Rakovi retko varaju svoje partnere. Ako ipak imaju duplu vezu, onda će je na početku skrivati u nadi da će ga proći. Kasnije će vam jasno staviti do znanja da nešto nije u redu. I pored toga, on neće pokrenuti temu raskida sve dok vi to ne uradite. Ako odlučite da ga ostavite Rak toliko teško podnosi raskid, da je čak u stanju da preti samoubistvom. Najbitnije je da ostanete dosledni svojoj odluci i da se ne upuštate u rasprave i ubeđivanja s njim. Ignorišite svaki njegov pokušaj da još jednom porazgovarate o svemu. Žene u ovom znaku su seksualno najaktivnije dok muškarci koji su rođeni u njemu najviše VARAJU! Kako možete da prepoznate da vas vara Nemojte se brinuti ako je previše prijatan prema nekoj drugoj devojci, jer on samo želi da je zadivi, ali ne i da je zavede. Ako vam s putovanja donese poklone i počne da priča koliko vas voli, budite sigurni da je nešto zabrljao. Ako odlučite da ga ostavite On ne može ni da zamisli da bi njega, tako divnog i veličanstvenog, neko mogao da ostavi. Ako mu kažete da želite da raskinete s njim, uvređeno će reći, „ne, nego ja želim da raskinem s tobom“. Kako možete da prepoznate da vas vara Ako mu se desi da vas prevari, biće to slučajno. Pošto se teško zaljubljuje, verovatno će već sutra zaboraviti svoju avanturu. Ako se zaljubio u drugu, neće još dugo ostati sa vama. Ako odlučite da ga ostavite Ako želi da raskinete, učiniće to vrlo grubo i bezosećajno. Ali ako ne želi raskid, onda će vam trebati pomoć rodbine, prijatelja i institucija za zaštitu žena jer će biti veoma grub i neće vam dozvoliti da ga tek tako napustite. Žene u ova dva znaka su BOGINJE seksa ali treći znak će razočarati SVAKOG muškarca! Kako možete da prepoznate da vas vara Ako vas vara, to ćete prepoznati tako što će uvek izlaziti u drugu prostoriju da obavi telefonski razgovor, kako ne biste čuli o čemu priča. Neće se truditi da prikrije tragove prevare, ostatke ruže na kragni ili miris ženskog parfema u kolima. Ako odlučite da ga ostavite Pokušaće da pronađe optimalno rešenje koje će svima odgovarati. Ako ste odlučili da ga ostavite, učinite to odlučno bez mogućnosti za ikakav kompromis. Kako možete da prepoznate da vas vara On može da bude beskrajno veran čak i ako nije zaljubljen. Prevariće vas samo ako bude siguran da ćete prevaru tolerisati. Oboje ćete znati šta se dešava, ali on o tome neće želeti da razgovara. Ako odlučite da ga ostavite Ponašaće se dostojanstveno, ali će mu trebati nekoliko meseci da se pomiri s tom situacijom. Predložiće vam da se i nakon raskida družite. Kako možete da prepoznate da vas vara Nikada nećete saznati da vas Strelac vara. Od početka veze pripremaće vas na svoje neverstvo jer vam nikada neće obećavati ljubav do groba, pa nećete imati prava ni da je očekujete. Bezbolno će podneti raskid, ali ako mu je zaista stalo do vas, pokušaće da vas vrati. Ukoliko nakon nekoliko dana ne uspe u tome, setiće se da bi već sutra mogao da sretne bolju, lepšu i pametniju od vas. Kako možete da prepoznate da vas vara Jarčevi nikada ne varaju svoje partnerke, pa što se toga tiče, možete biti sigurni da je on samo vaš. Čak i ako prevari, uvek želi da ostane sa svojim stalnim partnerom. Ako odlučite da ga ostavite Vrlo teško podnosi raskid, ali to ne pokazuje. Nikada se ne vraća na staro, čak i ako nešto oseća prema devojci koja ga je ostavila. Najbolje bi bilo da ga diskretno ubedite da niste žena za njega i dozvolite mu da on prvi napusti vas. Kako možete da prepoznate da vas vara Prepoznaćete tako što će se kod njega smenjivati stanje bahatosti i odsutnosti. Na sreću, nećete dugo živeti u neizvesnosti jer će jednu od veza brzo prekinuti. Retko se vraća na staro. Ako odlučite da ga ostavite Ako mu ne značite mnogo, neće ni primetiti da ste ga ostavili. Ako vas voli, dostojanstveno će poštovati vašu odluku čitava tri dana. Nakon toga će pokušati da vas vrati u svoj zagrljaj. Kako možete da prepoznate da vas vara Teško ćete shvatiti da vas vara, a on to neće priznati ni pod pretnjom smrću. On se odlično snalazi u ulozi preljubnika. Na kraju će žena sa kojom vas vara pokucati na vaša vrata i zamoliti vas da vas dve rešite tu zamršenu situaciju. Da li ste uspešna zavodnica ili totalni promašaj? Horoskop ima odgovor na to pitanje Ako odlučite da ga ostavite On nije sujetan, ali raskid je jedna od retkih stvari koje ga vređaju. Pošto se odlično snalazi u ulozi žrtve i gubitnika, postoji mogućnost da na čudan i neobjašnjiv način uživa u tome što je ostavljen.</article-text><article-text-transliterated> Na osnovu astrološke analize lako možete da saznate kako se svaki znak Zodijaka ponaša kada prevari partnerku, na koje načine krije neverstvo, da li je spreman da zarad avanture okonča vezu i kako će podneti ako partnerka odluči da ostavi njega. Kako možete da prepoznate da vas vara U slučaju Ovna ne smete da verujete ni rođenim očima. Čak i kada vidite šta radi, ne budite sigurni da vas ne vara. Ako je posle velike pauze ponovo počeo da vežba i zateže mišiće, stvar je alarmantna. Ako odlučite da ga ostavite U stvari, tek tada ćete saznati da li ste mu značili i koliko. Ako mirno prihvati raskid, znači da niste ni morali da budete zajedno. Ako odluči da se bori za vas, onda ćete se pomiriti čak i ako vi to ne želite. Ovi znaci će pamtiti januar PO NAJGOREM! Kako možete da prepoznate da vas vara Uglavnom ga mrzi da se upušta u duple veze. Kad vara, on vara krajnje očigledno jer ga mrzi da bilo šta krije. Sigurno ćete ga uhvatiti na delu, a verovatno mu i oprostiti. Ako odlučite da ga ostavite Bik veoma teško podnosi raskid čak i ako nije zaljubljen u vas. Neće mu biti lako čak i ako ima ljubavnicu. Jednostavno, on ne voli da izgubi ono što smatra svojim. Kako možete da prepoznate da vas vara S njim nikada niste sigurni, pa je najbolje da se tim pitanjem ne opterećujete. Jezik mu je brži od pameti, pa će vam kad-tad sam reći šta je uradio. Preljuba se najlakše oprašta Blizancima. Ako odlučite da ga ostavite Ukoliko ne bude želeo da raskine s vama, na sve moguće načine pokušaće da vas zadrži pored sebe. Moraćete nekoliko puta da raskinete s njim pre nego što on to prihvati. Nemojte se iznenaditi ako nakon raskida vaš brat postane njegov najbolji prijatelj. Kako možete da prepoznate da vas vara Rakovi retko varaju svoje partnere. Ako ipak imaju duplu vezu, onda će je na početku skrivati u nadi da će ga proći. Kasnije će vam jasno staviti do znanja da nešto nije u redu. I pored toga, on neće pokrenuti temu raskida sve dok vi to ne uradite. Ako odlučite da ga ostavite Rak toliko teško podnosi raskid, da je čak u stanju da preti samoubistvom. Najbitnije je da ostanete dosledni svojoj odluci i da se ne upuštate u rasprave i ubeđivanja s njim. Ignorišite svaki njegov pokušaj da još jednom porazgovarate o svemu. Žene u ovom znaku su seksualno najaktivnije dok muškarci koji su rođeni u njemu najviše VARAJU! Kako možete da prepoznate da vas vara Nemojte se brinuti ako je previše prijatan prema nekoj drugoj devojci, jer on samo želi da je zadivi, ali ne i da je zavede. Ako vam s putovanja donese poklone i počne da priča koliko vas voli, budite sigurni da je nešto zabrljao. Ako odlučite da ga ostavite On ne može ni da zamisli da bi njega, tako divnog i veličanstvenog, neko mogao da ostavi. Ako mu kažete da želite da raskinete s njim, uvređeno će reći, „ne, nego ja želim da raskinem s tobom“. Kako možete da prepoznate da vas vara Ako mu se desi da vas prevari, biće to slučajno. Pošto se teško zaljubljuje, verovatno će već sutra zaboraviti svoju avanturu. Ako se zaljubio u drugu, neće još dugo ostati sa vama. Ako odlučite da ga ostavite Ako želi da raskinete, učiniće to vrlo grubo i bezosećajno. Ali ako ne želi raskid, onda će vam trebati pomoć rodbine, prijatelja i institucija za zaštitu žena jer će biti veoma grub i neće vam dozvoliti da ga tek tako napustite. Žene u ova dva znaka su BOGINJE seksa ali treći znak će razočarati SVAKOG muškarca! Kako možete da prepoznate da vas vara Ako vas vara, to ćete prepoznati tako što će uvek izlaziti u drugu prostoriju da obavi telefonski razgovor, kako ne biste čuli o čemu priča. Neće se truditi da prikrije tragove prevare, ostatke ruže na kragni ili miris ženskog parfema u kolima. Ako odlučite da ga ostavite Pokušaće da pronađe optimalno rešenje koje će svima odgovarati. Ako ste odlučili da ga ostavite, učinite to odlučno bez mogućnosti za ikakav kompromis. Kako možete da prepoznate da vas vara On može da bude beskrajno veran čak i ako nije zaljubljen. Prevariće vas samo ako bude siguran da ćete prevaru tolerisati. Oboje ćete znati šta se dešava, ali on o tome neće želeti da razgovara. Ako odlučite da ga ostavite Ponašaće se dostojanstveno, ali će mu trebati nekoliko meseci da se pomiri s tom situacijom. Predložiće vam da se i nakon raskida družite. Kako možete da prepoznate da vas vara Nikada nećete saznati da vas Strelac vara. Od početka veze pripremaće vas na svoje neverstvo jer vam nikada neće obećavati ljubav do groba, pa nećete imati prava ni da je očekujete. Bezbolno će podneti raskid, ali ako mu je zaista stalo do vas, pokušaće da vas vrati. Ukoliko nakon nekoliko dana ne uspe u tome, setiće se da bi već sutra mogao da sretne bolju, lepšu i pametniju od vas. Kako možete da prepoznate da vas vara Jarčevi nikada ne varaju svoje partnerke, pa što se toga tiče, možete biti sigurni da je on samo vaš. Čak i ako prevari, uvek želi da ostane sa svojim stalnim partnerom. Ako odlučite da ga ostavite Vrlo teško podnosi raskid, ali to ne pokazuje. Nikada se ne vraća na staro, čak i ako nešto oseća prema devojci koja ga je ostavila. Najbolje bi bilo da ga diskretno ubedite da niste žena za njega i dozvolite mu da on prvi napusti vas. Kako možete da prepoznate da vas vara Prepoznaćete tako što će se kod njega smenjivati stanje bahatosti i odsutnosti. Na sreću, nećete dugo živeti u neizvesnosti jer će jednu od veza brzo prekinuti. Retko se vraća na staro. Ako odlučite da ga ostavite Ako mu ne značite mnogo, neće ni primetiti da ste ga ostavili. Ako vas voli, dostojanstveno će poštovati vašu odluku čitava tri dana. Nakon toga će pokušati da vas vrati u svoj zagrljaj. Kako možete da prepoznate da vas vara Teško ćete shvatiti da vas vara, a on to neće priznati ni pod pretnjom smrću. On se odlično snalazi u ulozi preljubnika. Na kraju će žena sa kojom vas vara pokucati na vaša vrata i zamoliti vas da vas dve rešite tu zamršenu situaciju. Da li ste uspešna zavodnica ili totalni promašaj? Horoskop ima odgovor na to pitanje Ako odlučite da ga ostavite On nije sujetan, ali raskid je jedna od retkih stvari koje ga vređaju. Pošto se odlično snalazi u ulozi žrtve i gubitnika, postoji mogućnost da na čudan i neobjašnjiv način uživa u tome što je ostavljen.</article-text-transliterated><comment-list /></article><comments><comment-count>0</comment-count></comments></document>