<document global_id="sr-08-182"><url>https://www.srbijadanas.com/vip/parovi/parovi-krecu-veceras-vesna-rivas-objavila-da-je-krenula-na-jednu-lokaciju-foto-2016-12-20</url><source-id>08</source-id><local-id>182</local-id><source-name>srbijadanas</source-name><article><article-title>PAROVI KREĆU VEČERAS? Vesna Rivas OBJAVILA da je krenula na jednu lokaciju! (FOTO) </article-title><article-time>2016-12-20</article-time><article-author>Srbija Danas/TV Happy</article-author><article-text> Produkcija Hepi televizije prilično je zagonetna ovih dana pošto se po medijima provlačila informacija da peta sezona Parova kreće ili večeras, dakle 20. ili u nedelju 25. decembra. Jedno je sigurno - ako je planirana za boravak u kući, folk pevačica Vesna Rivas svojom najnovijom fotografijom pokazala je da je spremna za novu turu igre.  Bivša učesnica Parova je uz pomoć mobilne aplikacije uslikala fotografiju na kojoj ima jezik i pseće uši. Vesna je poručila kako je za nju igra počela i da je ona jedno veliko dete u duši. Rivasova je rekla i da je spremna da se uputi na jezero odnosno jednu lokaciju koju neće da otkrije. Parovi? Videćemo.</article-text><article-text-transliterated> Produkcija Hepi televizije prilično je zagonetna ovih dana pošto se po medijima provlačila informacija da peta sezona Parova kreće ili večeras, dakle 20. ili u nedelju 25. decembra. Jedno je sigurno - ako je planirana za boravak u kući, folk pevačica Vesna Rivas svojom najnovijom fotografijom pokazala je da je spremna za novu turu igre.  Bivša učesnica Parova je uz pomoć mobilne aplikacije uslikala fotografiju na kojoj ima jezik i pseće uši. Vesna je poručila kako je za nju igra počela i da je ona jedno veliko dete u duši. Rivasova je rekla i da je spremna da se uputi na jezero odnosno jednu lokaciju koju neće da otkrije. Parovi? Videćemo.</article-text-transliterated><comment-list /></article><comments><comment-count>0</comment-count></comments></document>