<document global_id="sr-08-158"><url>https://www.srbijadanas.com/vip/vip/zestok-mirkin-blam-u-kvizu-njen-odgovor-ce-se-duugo-prepricavati-video-2016-11-28</url><source-id>08</source-id><local-id>158</local-id><source-name>srbijadanas</source-name><article><article-title>ŽESTOK MIRKIN BLAM U KVIZU: Njen odgovor će se DUUGO prepričavati! (VIDEO) </article-title><article-time>2016-11-28</article-time><article-author>Srbija Danas</article-author><article-text> Mirka Vasiljević je nedavno učestvovala u kvizu "Ja volim Srbiju", gde je trebalo da pokaže svoje znanje. Međutim, da li zbog brzine, treme, ili nečeg trećeg, ali Mirka je uspela da "stane na crtu" i sa "kraljicom lapsusa" Tanjom Savić - klikom na link OVDE možete se podsetiti Tanjine najnovije ispale.  Igra u kojoj je bilo potrebno pogoditi ko je zagonetna ličnost, bila je izgleda malo teška za Mirku. Lepoj glumici je njen kolega, Nele Karajlić pokušao da objasni da je reč o Mihajlu Pupinu, a dao joj je ove smernice:  Ipak, Mirku je to asociralo na nekog drugog, pa je kao iz topa rekla "Ajnštajn". Možda joj je ipak samo jezik bio brži od pameti.</article-text><article-text-transliterated> Mirka Vasiljević je nedavno učestvovala u kvizu "Ja volim Srbiju", gde je trebalo da pokaže svoje znanje. Međutim, da li zbog brzine, treme, ili nečeg trećeg, ali Mirka je uspela da "stane na crtu" i sa "kraljicom lapsusa" Tanjom Savić - klikom na link OVDE možete se podsetiti Tanjine najnovije ispale.  Igra u kojoj je bilo potrebno pogoditi ko je zagonetna ličnost, bila je izgleda malo teška za Mirku. Lepoj glumici je njen kolega, Nele Karajlić pokušao da objasni da je reč o Mihajlu Pupinu, a dao joj je ove smernice:  Ipak, Mirku je to asociralo na nekog drugog, pa je kao iz topa rekla "Ajnštajn". Možda joj je ipak samo jezik bio brži od pameti.</article-text-transliterated><comment-list /></article><comments><comment-count>0</comment-count></comments></document>