<document global_id="sr-08-285"><url>https://www.srbijadanas.com/zabava/zanimljivosti/svi-smo-obozavali-ovaj-crtani-film-strumfovi-ove-godine-slave-svoj-60-rodendan-2018-03-27</url><source-id>08</source-id><local-id>285</local-id><source-name>srbijadanas</source-name><article><article-title>Svi smo OBOŽAVALI ovaj crtani film: Štrumfovi ove godine slave svoj 60. rođendan! </article-title><article-time>2018-03-27</article-time><article-author>Srbija Danas</article-author><article-text> Junaci jednog od najpopularnijih crtanih filmova svih vremena "Štrumfovi", ove godine slave svoj 60. rođendan. Tim povodom juče je u sklopu obeležavanja "Dana frankfonije" u Sarajevu, otvorena izložba kultnih likova "Štrumfova". Evo kako ćete LAKŠE naučiti strani jezik, a da ne morate NI MALO da se pomučite! Pozorište mladih Sarajevo u saradnji s Diplomatskim predstavništvom Belgije, "Wallonie-Bruxelles International", IMPS-om i Superar BiH organizuje ovu izložbu. Šef Diplomatskog ureda Ambasade Belgije, Viliam Aselborn na početku razgovora za Radiosarajevo.ba rekao je da većina belgijskih ambasada ovu izložbu organizuju ne samo u Evropi već širom sveta. Da li možete da rešite ovu zagonetku? Koliko ste uporni? (VIDEO) Poznato je da su za Belgijance crteži uvek bili velika inspiracija, a kada su u pitanju stripovi veoma su značajni za njihov identitet.</article-text><article-text-transliterated> Junaci jednog od najpopularnijih crtanih filmova svih vremena "Štrumfovi", ove godine slave svoj 60. rođendan. Tim povodom juče je u sklopu obeležavanja "Dana frankfonije" u Sarajevu, otvorena izložba kultnih likova "Štrumfova". Evo kako ćete LAKŠE naučiti strani jezik, a da ne morate NI MALO da se pomučite! Pozorište mladih Sarajevo u saradnji s Diplomatskim predstavništvom Belgije, "Wallonie-Bruxelles International", IMPS-om i Superar BiH organizuje ovu izložbu. Šef Diplomatskog ureda Ambasade Belgije, Viliam Aselborn na početku razgovora za Radiosarajevo.ba rekao je da većina belgijskih ambasada ovu izložbu organizuju ne samo u Evropi već širom sveta. Da li možete da rešite ovu zagonetku? Koliko ste uporni? (VIDEO) Poznato je da su za Belgijance crteži uvek bili velika inspiracija, a kada su u pitanju stripovi veoma su značajni za njihov identitet.</article-text-transliterated><comment-list /></article><comments><comment-count>0</comment-count></comments></document>