<document global_id="sr-08-32"><url>https://www.srbijadanas.com/biz/vesti/novi-zakon-o-turizmu-nikog-nece-obradovati-placace-se-prevoz-i-za-trecu-osobu-2020-01-06</url><source-id>08</source-id><local-id>32</local-id><source-name>srbijadanas</source-name><article><article-title>NOVA PRAVILA NIKOGA NEĆE OBRADOVATI! Svako putovanje će vas KOŠTATI MNOGO VIŠE NEGO RANIJE! </article-title><article-time>2020-01-06</article-time><article-author>Srbija Danas/Novosti</article-author><article-text> Predstojećeg leta mnogi srpski turisti će biti u situaciji da plate povratni autobuski prevoz za osobe koje možda sa njima i ne putuju, a neće moći ni recimo da za kupljeni aranžman naknadno uplate autobuski prevoz. Većini turističkih agencija u januaru ističe licenca za rad, ali pored novih uslova koje će morati da ispune, najzanimljivija promena je uvođenje "jedinstvene cene". Naime, mnogi su se obradovali da će to značiti da više neće biti raznih "skrivenih troškova" kojima su ih agencije do sada bombardovale. Nažalost, u praksi to znači da će turisti i dalje plaćati takse (poput boravišnih i napojnica) i dalje će ih plaćati na licu mesta, ali i da aranžmani više neće biti fleksibilni. Svim agencijama u januaru ističu licence, a da bi dobili nove vlasnici će morati da uplate deset puta skuplje polise osiguranja poslovanja ili nabave garancije. Još je zanimljiviji zahtev da odgovorno lice mora da donese B2 potvrdu da poznaje strani jezik. Ova potvrda se dokazuje uz vodičku licencu, potvrdu iz škole jezika ili sa Filološkog fakulteta. Jedna agencija je izračunala da ukoliko se pridržava pravila o jedinstvenoj ceni i priremi cenovnik sa svim mogućim situacijama, turisti će birati među 15.360 aranžmana za Grčku. Sa još većim problemom će se, međutim, sresti turisti koji odluče da putuju individualno, sami biraju datume polaska i uplate putovanje putem rezervacionih sistema. Naime, grčki hotelijeri formiraju cene dnevno i agencije nemaju uticaj na popuste i poskupljenja. Oni, dakle, neće moći da biraju datum polaska, jer će agencije biti dužne da imaju fiksne termine polazaka ili gotovo bezbroj "jedinstvenih cenovnika", koja na ovaj način ne postoje nigde u svetu.</article-text><article-text-transliterated> Predstojećeg leta mnogi srpski turisti će biti u situaciji da plate povratni autobuski prevoz za osobe koje možda sa njima i ne putuju, a neće moći ni recimo da za kupljeni aranžman naknadno uplate autobuski prevoz. Većini turističkih agencija u januaru ističe licenca za rad, ali pored novih uslova koje će morati da ispune, najzanimljivija promena je uvođenje "jedinstvene cene". Naime, mnogi su se obradovali da će to značiti da više neće biti raznih "skrivenih troškova" kojima su ih agencije do sada bombardovale. Nažalost, u praksi to znači da će turisti i dalje plaćati takse (poput boravišnih i napojnica) i dalje će ih plaćati na licu mesta, ali i da aranžmani više neće biti fleksibilni. Svim agencijama u januaru ističu licence, a da bi dobili nove vlasnici će morati da uplate deset puta skuplje polise osiguranja poslovanja ili nabave garancije. Još je zanimljiviji zahtev da odgovorno lice mora da donese B2 potvrdu da poznaje strani jezik. Ova potvrda se dokazuje uz vodičku licencu, potvrdu iz škole jezika ili sa Filološkog fakulteta. Jedna agencija je izračunala da ukoliko se pridržava pravila o jedinstvenoj ceni i priremi cenovnik sa svim mogućim situacijama, turisti će birati među 15.360 aranžmana za Grčku. Sa još većim problemom će se, međutim, sresti turisti koji odluče da putuju individualno, sami biraju datume polaska i uplate putovanje putem rezervacionih sistema. Naime, grčki hotelijeri formiraju cene dnevno i agencije nemaju uticaj na popuste i poskupljenja. Oni, dakle, neće moći da biraju datum polaska, jer će agencije biti dužne da imaju fiksne termine polazaka ili gotovo bezbroj "jedinstvenih cenovnika", koja na ovaj način ne postoje nigde u svetu.</article-text-transliterated><comment-list /></article><comments><comment-count>0</comment-count></comments></document>