<document global_id="sr-08-90"><url>https://www.srbijadanas.com/vesti/drustvo/svaka-cetvrta-srpkinja-radi-opasnu-stvar-izaziva-sindrom-iznenadne-smrti-deteta-2019-11-12</url><source-id>08</source-id><local-id>90</local-id><source-name>srbijadanas</source-name><article><article-title>ALARMANTNO! Svaka četvrta Srpkinja radi IZUZETNO OPASNU STVAR koja izaziva IZNENADNU SMRT DETETA </article-title><article-time>2019-11-12</article-time><article-author>Srbija Danas/Telegraf</article-author><article-text> Najnovija studija koja je sprovedena na Univerzitetu u Arizoni tvrdi da nikotin koji dospeva u utrobu majke koja je trudna može da ošteti moždane ćelije bebe koje pomažu u kontroli jezika. Oštećenje može da bude takvo da beba previše sporo pomera svoj jezik, pa tako on može da blokira unos kiseonika u telo tokom spavanja što može da dovede do iznenadne smrti deteta. U utrobi majke bebe imaju male pauze pri disanju, pre nego što se jezik ne pokrene i izazove ponovni udisaj. Prema mišljenju naučnika nikotin iz cigareta izaziva potencijalni mehanizam zbog kojeg deca imaju prestanke disanja tokom spavanja, koje može da dovede do iznenadne smrti (SIDS). Istraživanje se vršilo na novorođenim pacovima koji su bili izloženi nikotinu u majčinoj utrobi zbog kojeg su razvili sindrom hipoglosalnih neurona koji mogu da budu faktor rizika za sindrom iznenadne smrti. U normalnim okolnostima kada dođe do otežanog disanja zbog blokiranja nosa, ćelije mozga pomeraju jezik i otvaraju put kiseoniku kroz usta. Kontrolna grupa pacova nije odgovorila ovom radnjim kada im je bio blokiran primaran put udisanja kiseonika u odnosu na grupu životinja koja je reagovala očekivano, a nije bila izložena delovanju nikotina u majčinoj utobi. Prema poslednjim podacima u Srbiji puši svaka četvrta žena i svaki treći muškarac.</article-text><article-text-transliterated> Najnovija studija koja je sprovedena na Univerzitetu u Arizoni tvrdi da nikotin koji dospeva u utrobu majke koja je trudna može da ošteti moždane ćelije bebe koje pomažu u kontroli jezika. Oštećenje može da bude takvo da beba previše sporo pomera svoj jezik, pa tako on može da blokira unos kiseonika u telo tokom spavanja što može da dovede do iznenadne smrti deteta. U utrobi majke bebe imaju male pauze pri disanju, pre nego što se jezik ne pokrene i izazove ponovni udisaj. Prema mišljenju naučnika nikotin iz cigareta izaziva potencijalni mehanizam zbog kojeg deca imaju prestanke disanja tokom spavanja, koje može da dovede do iznenadne smrti (SIDS). Istraživanje se vršilo na novorođenim pacovima koji su bili izloženi nikotinu u majčinoj utrobi zbog kojeg su razvili sindrom hipoglosalnih neurona koji mogu da budu faktor rizika za sindrom iznenadne smrti. U normalnim okolnostima kada dođe do otežanog disanja zbog blokiranja nosa, ćelije mozga pomeraju jezik i otvaraju put kiseoniku kroz usta. Kontrolna grupa pacova nije odgovorila ovom radnjim kada im je bio blokiran primaran put udisanja kiseonika u odnosu na grupu životinja koja je reagovala očekivano, a nije bila izložena delovanju nikotina u majčinoj utobi. Prema poslednjim podacima u Srbiji puši svaka četvrta žena i svaki treći muškarac.</article-text-transliterated><comment-list /></article><comments><comment-count>0</comment-count></comments></document>