<document global_id="sr-08-69"><url>https://www.srbijadanas.com/sport/kosarka/hitno-operisan-legenda-nba-dozivela-mozdani-udar-2019-12-13</url><source-id>08</source-id><local-id>69</local-id><source-name>srbijadanas</source-name><article><article-title>HITNO OPERISAN: Legenda NBA doživela moždani udar </article-title><article-time>2019-12-13</article-time><article-author>Tanjug</article-author><article-text> Bivši komesar najjače košarkaške lige na svetu (NBA) Dejvid Štern je doživeo moždani udar. Kako je objavila NBA liga, 77-godišnji Štern doživeo je izliv krvi u možak, zbog čega je hitno operisan u četvrtak. Štern je bio čelni čovek NBA lige punih 30 godina do 1. februara 2014, kada ga je na toj poziciji zamenio Adam Silver. Iste godine uvršten je u Kuću slavnih Springfieldu. Smatra se najboljim komesarom u istoriji NBA lige, jer je za vreme njegovog mandata ona dospela u skoro svaki deo sveta - utakmice su emitovane u više od 200 zemalja i na više od 40 jezika. Proširio je ligu sa 23 na 30 klubova, uveo doping testove, formirao žensku NBA ligu (WNBA) i razvojnu NBA ligu.</article-text><article-text-transliterated> Bivši komesar najjače košarkaške lige na svetu (NBA) Dejvid Štern je doživeo moždani udar. Kako je objavila NBA liga, 77-godišnji Štern doživeo je izliv krvi u možak, zbog čega je hitno operisan u četvrtak. Štern je bio čelni čovek NBA lige punih 30 godina do 1. februara 2014, kada ga je na toj poziciji zamenio Adam Silver. Iste godine uvršten je u Kuću slavnih Springfieldu. Smatra se najboljim komesarom u istoriji NBA lige, jer je za vreme njegovog mandata ona dospela u skoro svaki deo sveta - utakmice su emitovane u više od 200 zemalja i na više od 40 jezika. Proširio je ligu sa 23 na 30 klubova, uveo doping testove, formirao žensku NBA ligu (WNBA) i razvojnu NBA ligu.</article-text-transliterated><comment-list /></article><comments><comment-count>0</comment-count></comments></document>