<document global_id="sr-08-3"><url>https://www.srbijadanas.com/vesti/drustvo/preminuo-veliki-profesor-narod-oplakuje-omiljenog-naucnika-nije-dao-na-srpski-jezik-2020-02-08</url><source-id>08</source-id><local-id>3</local-id><source-name>srbijadanas</source-name><article><article-title>PREMINUO VELIKI PROFESOR: Narod oplakuje omiljenog naučnika! NIJE DAO NA SRPSKI JEZIK! </article-title><article-time>2020-02-08</article-time><article-author>Srbija Danas/in4s.net</article-author><article-text> On je jedan od 26 nikšićkih profesora koji su 2004. godine zbog preimenovanja nastavnog predmeta Srpski jezik i književnost u Maternji između hleba i srpskog jezika, izabrao jezik. Dnevnik koji je tada zaklopio nikada više u Nikšiću i Crnoj Gori nije otvorio, ali jeste u Albaniji, gradu Skadru gde je obavljao svetu misiju. Njegove kolege na vest o smrti dragog prijatelja su poručile:</article-text><article-text-transliterated> On je jedan od 26 nikšićkih profesora koji su 2004. godine zbog preimenovanja nastavnog predmeta Srpski jezik i književnost u Maternji između hleba i srpskog jezika, izabrao jezik. Dnevnik koji je tada zaklopio nikada više u Nikšiću i Crnoj Gori nije otvorio, ali jeste u Albaniji, gradu Skadru gde je obavljao svetu misiju. Njegove kolege na vest o smrti dragog prijatelja su poručile:</article-text-transliterated><comment-list /></article><comments><comment-count>0</comment-count></comments></document>