<document global_id="sr-08-233"><url>https://www.srbijadanas.com/muskarac/ludo-burazeru/poliglota-harmonikas-peva-narodnjak-na-engleskom-francuskom-kineskom-koji-ces-jezik-video-2017-01-31</url><source-id>08</source-id><local-id>233</local-id><source-name>srbijadanas</source-name><article><article-title>POLIGLOTA: Harmonikaš peva narodnjak na ENGLESKOM, FRANCUSKOM, KINESKOM... Koji ćeš jezik? (VIDEO) </article-title><article-time>2017-01-31</article-time><article-author>Srbija Danas</article-author><article-text> Legendarni harmonikaš koji je na harmonici razvaljivao hitove rok grupa Pink Flojd i Blek Sabat (podsetite se OVDE) ima ozbiljnu konkurenciju u majstoru kojeg možete pogledati u videu ispod teksta. Ulični svirač se bez problema nagodi sa publikom - na kojem jeziku treba da otpeva narodnjački hit "Daj mi majko drugi život": "'Oćemo prvo normalno, pa na engleskom, može?", a pošto je demonstrirao svoju verziju engleskom, sledi varijanta pesme na mađarskom, pa na francuskom. "Ma, nema problema, može i na ruskom. Koji ćeš jezik?" pita samouvereno harmonikaš, a na kraju sve iznenadi zasviravši bluz. Poslušajte:</article-text><article-text-transliterated> Legendarni harmonikaš koji je na harmonici razvaljivao hitove rok grupa Pink Flojd i Blek Sabat (podsetite se OVDE) ima ozbiljnu konkurenciju u majstoru kojeg možete pogledati u videu ispod teksta. Ulični svirač se bez problema nagodi sa publikom - na kojem jeziku treba da otpeva narodnjački hit "Daj mi majko drugi život": "'Oćemo prvo normalno, pa na engleskom, može?", a pošto je demonstrirao svoju verziju engleskom, sledi varijanta pesme na mađarskom, pa na francuskom. "Ma, nema problema, može i na ruskom. Koji ćeš jezik?" pita samouvereno harmonikaš, a na kraju sve iznenadi zasviravši bluz. Poslušajte:</article-text-transliterated><comment-list /></article><comments><comment-count>0</comment-count></comments></document>