<document global_id="sr-08-134"><url>https://www.srbijadanas.com/clanak/oglasila-se-devojcica-koju-je-rasplakala-angela-merkel-mislim-da-je-17-07-2015</url><source-id>08</source-id><local-id>134</local-id><source-name>srbijadanas</source-name><article><article-title>OGLASILA SE DEVOJČICA KOJU JE RASPLAKALA ANGELA MERKEL: "Mislim da je to..." </article-title><article-time>17-07-2015</article-time><article-author>Beta</article-author><article-text> Merkel je u četvrtak gostovala u jednoj televizijskoj emisiji, u kojoj je bila i 14-godišnja Palestinka Rim Sahvil. Ona već četiri godine živi u Nemačkoj, naučila je jezik i ide u redovnu školu, ali se, kao i mnogi imigranti, suočava sa mogućnošću da sa celom porodicom bude deportovana. Devojčica se požalila Merkelovoj, koja je na to reagovala objašnjenjem politike nemačke vlade i rečima da će neki ipak morati da se vrate kući. Javnost je burno reagovala na takvo ponašanje Merkelove, ocenjujući da je pokazala da je bezosećajna i da je rasplakala devojčicu. Međutim, mlada Palestinka rekla je danas ARD televiziji da ju je Merkel saslušala i da joj je rekla šta misli o tome. "Mislim da je to u redu", kazala je ona. Portparol nemačke vlade Krtistijane Vic kazala je da je Merkelova bila dirnuta, kao što bi bio svako ko sretne nekoga ko mora da napusti dom. Video sa scenom susreta made Palestinke i Merkelove na Fejsbuk stranici vlade ima više od 400.000 pregleda, a većina komentara je kritična prema nemačkoj kancelarki. Pogledajte i:</article-text><article-text-transliterated> Merkel je u četvrtak gostovala u jednoj televizijskoj emisiji, u kojoj je bila i 14-godišnja Palestinka Rim Sahvil. Ona već četiri godine živi u Nemačkoj, naučila je jezik i ide u redovnu školu, ali se, kao i mnogi imigranti, suočava sa mogućnošću da sa celom porodicom bude deportovana. Devojčica se požalila Merkelovoj, koja je na to reagovala objašnjenjem politike nemačke vlade i rečima da će neki ipak morati da se vrate kući. Javnost je burno reagovala na takvo ponašanje Merkelove, ocenjujući da je pokazala da je bezosećajna i da je rasplakala devojčicu. Međutim, mlada Palestinka rekla je danas ARD televiziji da ju je Merkel saslušala i da joj je rekla šta misli o tome. "Mislim da je to u redu", kazala je ona. Portparol nemačke vlade Krtistijane Vic kazala je da je Merkelova bila dirnuta, kao što bi bio svako ko sretne nekoga ko mora da napusti dom. Video sa scenom susreta made Palestinke i Merkelove na Fejsbuk stranici vlade ima više od 400.000 pregleda, a većina komentara je kritična prema nemačkoj kancelarki. Pogledajte i:</article-text-transliterated><comment-list /></article><comments><comment-count>0</comment-count></comments></document>