<document global_id="sr-08-20"><url>https://www.srbijadanas.com/vip/vip/spremna-da-pokori-latinsku-ameriku-jelena-karleusa-snima-duet-sa-brazilskim-transvestitom-2020-01-19</url><source-id>08</source-id><local-id>20</local-id><source-name>srbijadanas</source-name><article><article-title>SPREMNA DA POKORI LATINSKU AMERIKU: Jelena Karleuša snima DUET sa brazilskim TRANSVESTITOM! </article-title><article-time>2020-01-19</article-time><article-author>Srbija Danas/Informer</article-author><article-text> Jelena Karleuša rešila je da osvoji Latinsku Ameriku uz pomoć brazilskog transvestita Pabla Vitara. Prema saznanjima Informera, pop zvezda snima duet sa kontroverznim muzičarem, čiji najvećui hit na Jutjubu ima skoro pola milijarde pregleda.  A post shared by Pablo Vitar (@p.vitar) on Jul 31, 2017 at 4:03pm PDT Karleuša je nedavno zagolicala maštu fanova kada je najavila pesmu "koja nije na srpskom jeziku" ali je tada sakrila od javnosti da sarađuje sa brazilskim transvestitom.  Pesmu je okarakterisala kao vrlo interesantnu, pa se našalila kako će je posle nje "spaliti na Trerazijama". Life isn’t perfect but your outfit can be 😇 In @ohpolly 😇 A post shared by  JELENA KARLEUŠA (@karleusastar) on Jan 18, 2020 at 2:38am PST</article-text><article-text-transliterated> Jelena Karleuša rešila je da osvoji Latinsku Ameriku uz pomoć brazilskog transvestita Pabla Vitara. Prema saznanjima Informera, pop zvezda snima duet sa kontroverznim muzičarem, čiji najvećui hit na Jutjubu ima skoro pola milijarde pregleda.  A post shared by Pablo Vitar (@p.vitar) on Jul 31, 2017 at 4:03pm PDT Karleuša je nedavno zagolicala maštu fanova kada je najavila pesmu "koja nije na srpskom jeziku" ali je tada sakrila od javnosti da sarađuje sa brazilskim transvestitom.  Pesmu je okarakterisala kao vrlo interesantnu, pa se našalila kako će je posle nje "spaliti na Trerazijama". Life isn’t perfect but your outfit can be 😇 In @ohpolly 😇 A post shared by  JELENA KARLEUŠA (@karleusastar) on Jan 18, 2020 at 2:38am PST</article-text-transliterated><comment-list><comments comment-id="1"><comment-parent-id>empty</comment-parent-id><comment-text>Za bolje I nije.</comment-text><comment-text-transliterated>Za bolje I nije.</comment-text-transliterated></comments></comment-list></article><comments><comment-count>1</comment-count></comments></document>