<document global_id="sr-08-51"><url>https://www.srbijadanas.com/kultura/vesti/da-li-ste-obracali-paznju-na-sta-piju-junaci-filmova-i-koji-je-znacaj-tog-picaskrivena-poruka-2020-01-28</url><source-id>08</source-id><local-id>51</local-id><source-name>srbijadanas</source-name><article><article-title>Da li ste obraćali pažnju na to šta piju junaci filmova i koji je značaj tog pića? Skrivena poruka... </article-title><article-time>2020-01-28</article-time><article-author>Srbija Danas</article-author><article-text> U filmovima stvari nikada nisu bez neke svrhe, svaki, pa i najsitniji detalj, ima neko značenje, a to se posebno ogleda u tome kada se piće pojavi u sceni. Na primer, ako treba da se dočara snažan karakter nekog lika, on će piti neko žestoko piće, poput viskija. Ipak, često viđamo likove koji piju mleko, a u svetu filmova za to postoji poseban naziv poznat kao "uticaj mleka". Evo šta vam, ovim detaljem, reditelji poručuju. 1. Kada odrasla osoba pije mleko, to znači da ima nedužnu dušu Možda i najpoznatiji filmski lik koji voli da pije mleko je ubica Leon iz istoimenog filma režisera Luka Besona. Ovde postoji neka vrsta neslaganja, kada profesionalni ubica pije mleko, koje se obično povezuje s čistoćom i detinjstvom. Međutim, u tome je upravo skriven nagoveštaj koji nam reditelj daje. Njegov lik je još uvek dete iznutra i ima čistu i nežnu dušu koja se krije iza njegove stroge, snažne spoljašnjosti. 2. Ako negativan lik pije mleko, to znači da reditelji žele da naglase njegovu moć Drugi filmski ubica koji voli da pije mleko je okrutni Anton Čigur iz filma "No Country for Old Man". U ovom slučaju, lik nije izazvao nikakve lepe osećaje kod publike. On provaljuje u stan potencijalne žrtve, uzima bocu mleka iz frižidera bez dozvole i pije ga dok sedi na kauču. Ova scena osmišljena je kako bi stvorila zastrašujuću atmosferu jer je mleko simbol topline, udobnosti i doma, a ovaj lik narušava svetlost doma i njegovu udobnost čineći sebe vlasnikom tuđeg života. Drugi primer ovoga mogao bi se naći u filmu "There Will Be Blood" i u liku Plainvieva. Na samom kraju filma, pre nego što ubije Eli, on izgovara rečenicu: "Pijem tvoj mlečni šejk! Popiću ga!". Naravno, to se ne odnosi samo na piće, već i na moć koju on ima nad svojom žrtvom. 3. Mleko u sceni može biti i simbol raspada opšte prihvaćenih moralnih vrednosti U filmu Kventina Tarantina "Inglourious" postoji scena u kojoj francuski farmer nudi čašu vina nemačkom pukovniku. Međutim, pukovnik pita farmera da mu umesto vina da čašu mleka i ispija je u jednom gutljaju. Ovako reditelj pokazuje snagu i destrukciju nekih temelja, pomoću filmskog jezika. Dakle, manifestuje svoju moć ispijajući mleko, pokazujući kako dominira nad dobrotom i čistoćom. Još jedan primer ovakvog ponašanja vidimo u filmu "Mad Max: Fury Road". U filmu postoji scena s kolekcijom majčinog mleka i ratnici je ispijaju kako bi predstavili svoju snagu i zdravlje. Ovo je prilično provokativna tehnika, s obzirom na to da je prilično tabu da odrasla osoba pije majčino mleko u savremenom svetu. Uz pomoć ove scene reditelj je pokazao publici i da je postapokaliptični svet daleko ispred našeg. 4. Reditelj želi da prevari gledaoca, prikazujući heroja čistim i nevinim Nekoliko je reditelja iskoristilo mleko kako bi prikazali osećaj zdravlja, čistoće i sigurnosti u svojim filmovima. Zato glavni negativac u filmu "Get Out" nosi beli džemper i pije nešto "nevino" poput mleka. Osim ovoga, majstor sumnje, Alfred Hičkok, snimio je film "Suspicion" i uverio gledaoce da veruju da je glavni junak otrovao mleko svojoj ženi kako bi joj oteo nasledstvo. Bio je to odličan potez jer bi samo neverojatan zločinac ubacio otrov u tako zdravo piće. To se pretvorilo u neku vrstu ideje "zastrašivanja mlekom" jer u piću, zapravo, nije bilo otrova. 5. Mleko otkriva godine lika Pojačavanje nezrelosti i mladolikosti nekog lika pomoću mleka, je trik korištenja ovog pića. Ako žele da prikažu lika koji je zaista toliko mlad da doslovno "ima mleko na usnama", nije teško zaključiti koje će piće iskoristiti za to. A post shared by James Dean (@jamesdean) on Jul 24, 2019 at 10:52am PDT U filmu "Rebel Without a Cause", tinejdžer kojeg glumi Džejms Din, prvo se napije, ali sledećeg jutra ispija bocu mleka. Time su želeli da prikažu da se u njemu bore i odrasla i mlada osoba. Mladi lik kog je glumio Leonardo Dikaprio u filmu "Catch Me If You Can", pretvara se da je odrasli pilot koristeći svoj šarm. Kada ga stjuardesa pita koje piće želi, on traži mleko, otkrivajući svoje prave godine.</article-text><article-text-transliterated> U filmovima stvari nikada nisu bez neke svrhe, svaki, pa i najsitniji detalj, ima neko značenje, a to se posebno ogleda u tome kada se piće pojavi u sceni. Na primer, ako treba da se dočara snažan karakter nekog lika, on će piti neko žestoko piće, poput viskija. Ipak, često viđamo likove koji piju mleko, a u svetu filmova za to postoji poseban naziv poznat kao "uticaj mleka". Evo šta vam, ovim detaljem, reditelji poručuju. 1. Kada odrasla osoba pije mleko, to znači da ima nedužnu dušu Možda i najpoznatiji filmski lik koji voli da pije mleko je ubica Leon iz istoimenog filma režisera Luka Besona. Ovde postoji neka vrsta neslaganja, kada profesionalni ubica pije mleko, koje se obično povezuje s čistoćom i detinjstvom. Međutim, u tome je upravo skriven nagoveštaj koji nam reditelj daje. Njegov lik je još uvek dete iznutra i ima čistu i nežnu dušu koja se krije iza njegove stroge, snažne spoljašnjosti. 2. Ako negativan lik pije mleko, to znači da reditelji žele da naglase njegovu moć Drugi filmski ubica koji voli da pije mleko je okrutni Anton Čigur iz filma "No Country for Old Man". U ovom slučaju, lik nije izazvao nikakve lepe osećaje kod publike. On provaljuje u stan potencijalne žrtve, uzima bocu mleka iz frižidera bez dozvole i pije ga dok sedi na kauču. Ova scena osmišljena je kako bi stvorila zastrašujuću atmosferu jer je mleko simbol topline, udobnosti i doma, a ovaj lik narušava svetlost doma i njegovu udobnost čineći sebe vlasnikom tuđeg života. Drugi primer ovoga mogao bi se naći u filmu "There Will Be Blood" i u liku Plainvieva. Na samom kraju filma, pre nego što ubije Eli, on izgovara rečenicu: "Pijem tvoj mlečni šejk! Popiću ga!". Naravno, to se ne odnosi samo na piće, već i na moć koju on ima nad svojom žrtvom. 3. Mleko u sceni može biti i simbol raspada opšte prihvaćenih moralnih vrednosti U filmu Kventina Tarantina "Inglourious" postoji scena u kojoj francuski farmer nudi čašu vina nemačkom pukovniku. Međutim, pukovnik pita farmera da mu umesto vina da čašu mleka i ispija je u jednom gutljaju. Ovako reditelj pokazuje snagu i destrukciju nekih temelja, pomoću filmskog jezika. Dakle, manifestuje svoju moć ispijajući mleko, pokazujući kako dominira nad dobrotom i čistoćom. Još jedan primer ovakvog ponašanja vidimo u filmu "Mad Max: Fury Road". U filmu postoji scena s kolekcijom majčinog mleka i ratnici je ispijaju kako bi predstavili svoju snagu i zdravlje. Ovo je prilično provokativna tehnika, s obzirom na to da je prilično tabu da odrasla osoba pije majčino mleko u savremenom svetu. Uz pomoć ove scene reditelj je pokazao publici i da je postapokaliptični svet daleko ispred našeg. 4. Reditelj želi da prevari gledaoca, prikazujući heroja čistim i nevinim Nekoliko je reditelja iskoristilo mleko kako bi prikazali osećaj zdravlja, čistoće i sigurnosti u svojim filmovima. Zato glavni negativac u filmu "Get Out" nosi beli džemper i pije nešto "nevino" poput mleka. Osim ovoga, majstor sumnje, Alfred Hičkok, snimio je film "Suspicion" i uverio gledaoce da veruju da je glavni junak otrovao mleko svojoj ženi kako bi joj oteo nasledstvo. Bio je to odličan potez jer bi samo neverojatan zločinac ubacio otrov u tako zdravo piće. To se pretvorilo u neku vrstu ideje "zastrašivanja mlekom" jer u piću, zapravo, nije bilo otrova. 5. Mleko otkriva godine lika Pojačavanje nezrelosti i mladolikosti nekog lika pomoću mleka, je trik korištenja ovog pića. Ako žele da prikažu lika koji je zaista toliko mlad da doslovno "ima mleko na usnama", nije teško zaključiti koje će piće iskoristiti za to. A post shared by James Dean (@jamesdean) on Jul 24, 2019 at 10:52am PDT U filmu "Rebel Without a Cause", tinejdžer kojeg glumi Džejms Din, prvo se napije, ali sledećeg jutra ispija bocu mleka. Time su želeli da prikažu da se u njemu bore i odrasla i mlada osoba. Mladi lik kog je glumio Leonardo Dikaprio u filmu "Catch Me If You Can", pretvara se da je odrasli pilot koristeći svoj šarm. Kada ga stjuardesa pita koje piće želi, on traži mleko, otkrivajući svoje prave godine.</article-text-transliterated><comment-list /></article><comments><comment-count>0</comment-count></comments></document>