<document global_id="sr-08-122"><url>https://www.srbijadanas.com/clanak/dara-akademik-priznala-sta-je-zavrsila-od-skole-12-07-2015</url><source-id>08</source-id><local-id>122</local-id><source-name>srbijadanas</source-name><article><article-title>DARA AKADEMIK: Priznala šta je završila od ŠKOLE! </article-title><article-time>12-07-2015</article-time><article-author /><article-text> Dara Bubamara počela je da se hvali da je završila francuski jezik na prestižnom univerzitetu Sorbona u Parizu, pišu lokalni mediji. Tačnije, ona tvrdi da je iskoristila to što godinama sa suprugom Milanom Kesićem i sinom Konstantinom živi u Gradu svetlosti da završi prestižni koledž. Na ovaj koledž godišnje iz Srbije ima mogućnost da se upiše svega jedan odsto studenata, i to najboljih sa Beogradskog univerziteta. Međutim, ima i nevernih Toma koji sumnjaju u njenu diplomu, pa se spekuliše da je na ovom koledžu nisu ni uzimali u razmatranje čim su joj videli biografiju. Pročitajte i:</article-text><article-text-transliterated> Dara Bubamara počela je da se hvali da je završila francuski jezik na prestižnom univerzitetu Sorbona u Parizu, pišu lokalni mediji. Tačnije, ona tvrdi da je iskoristila to što godinama sa suprugom Milanom Kesićem i sinom Konstantinom živi u Gradu svetlosti da završi prestižni koledž. Na ovaj koledž godišnje iz Srbije ima mogućnost da se upiše svega jedan odsto studenata, i to najboljih sa Beogradskog univerziteta. Međutim, ima i nevernih Toma koji sumnjaju u njenu diplomu, pa se spekuliše da je na ovom koledžu nisu ni uzimali u razmatranje čim su joj videli biografiju. Pročitajte i:</article-text-transliterated><comment-list /></article><comments><comment-count>0</comment-count></comments></document>