<document global_id="sr-08-219"><url>https://www.srbijadanas.com/vip/vip/ali-nije-za-svadbu-cerka-poznate-srpske-pevacice-u-vezi-sa-madoninim-sinom-2017-01-17</url><source-id>08</source-id><local-id>219</local-id><source-name>srbijadanas</source-name><article><article-title>ALI NIJE ZA SVADBU: Ćerka poznate SRPSKE pevačice u vezi sa MADONINIM sinom? </article-title><article-time>2017-01-17</article-time><article-author>Srbija Danas/Informer</article-author><article-text> Vlasnica jednog od najboljih muzičkih vokala na našim prostorima Katarina Kaja Ostojić kaže da ne bi imala ništa protiv da joj svetska pop zvezda Madona bude prija. Kajina ćerka osvojila je srce Roka Ričija, Madoninog 16-godišnjeg sina, kada je bila u poseti u Švajcarskoj. Ipak, pevačica smatra da je njenoj nasledici još rano za ozbiljnu vezu. A photo posted by 🎼 Katarina Ostojic KAYA 🎼 (@kaya_ostojic) on Dec 1, 2016 at 9:47am PST A photo posted by 🎼 Katarina Ostojic KAYA 🎼 (@kaya_ostojic) on Jan 11, 2017 at 8:29am PST Finalistkinja poslednje sezone takmičenja "Tvoje lice zvuči poznato" dodaje da se sa Madonom nikad nije upoznala, jer je njena ćerka bila sama u Švajcarskoj, kada je upoznala Roka. Imam apsolutno poverenja u nju. Ponosna sam na svoje dete i sve njene izbore. Najbolji je đak u razredu, a ide u francusku školu sa decom kojima je taj jezik maternji.  Da podsetimo, 16-godišnji Roko se pre odrekao majke, napustivši je i preselivši se kod oca Gaja Riča, ali su na kraju uspeli da izglade odnose. </article-text><article-text-transliterated> Vlasnica jednog od najboljih muzičkih vokala na našim prostorima Katarina Kaja Ostojić kaže da ne bi imala ništa protiv da joj svetska pop zvezda Madona bude prija. Kajina ćerka osvojila je srce Roka Ričija, Madoninog 16-godišnjeg sina, kada je bila u poseti u Švajcarskoj. Ipak, pevačica smatra da je njenoj nasledici još rano za ozbiljnu vezu. A photo posted by 🎼 Katarina Ostojic KAYA 🎼 (@kaya_ostojic) on Dec 1, 2016 at 9:47am PST A photo posted by 🎼 Katarina Ostojic KAYA 🎼 (@kaya_ostojic) on Jan 11, 2017 at 8:29am PST Finalistkinja poslednje sezone takmičenja "Tvoje lice zvuči poznato" dodaje da se sa Madonom nikad nije upoznala, jer je njena ćerka bila sama u Švajcarskoj, kada je upoznala Roka. Imam apsolutno poverenja u nju. Ponosna sam na svoje dete i sve njene izbore. Najbolji je đak u razredu, a ide u francusku školu sa decom kojima je taj jezik maternji.  Da podsetimo, 16-godišnji Roko se pre odrekao majke, napustivši je i preselivši se kod oca Gaja Riča, ali su na kraju uspeli da izglade odnose. </article-text-transliterated><comment-list /></article><comments><comment-count>0</comment-count></comments></document>