<document global_id="sr-08-18"><url>https://www.srbijadanas.com/vesti/region/znacajna-vest-za-srbe-u-sloveniji-srpski-jezik-od-naredne-skolske-godine-dostupan-u-osnovnim-skolama-2020-01-21</url><source-id>08</source-id><local-id>18</local-id><source-name>srbijadanas</source-name><article><article-title>ZNAČAJNA VEST ZA SRBE U SLOVENIJI: Srpski jezik od naredne školske godine dostupan u osnovnim školama </article-title><article-time>2020-01-21</article-time><article-author>Tanjug</article-author><article-text> Srpski jezik od naredne školske godine biće dostupan u osnovnim školama u Sloveniji kao dodatna aktivnost. Do ovoga je došlo nakon povezivanja brojnih organizacija Srba u Sloveniji u jednu krovnu organizaciju, te dogovora vlada Srbije i Slovenije. Zbog velikog interesovanja dece rok za prijavu za učenje srpskog jezika je produžen do 1. marta. Predsednik Saveza Srba Slovenije Marko Sladojević kaže da će se nastava srpskog jezika odvijati kroz tri pedmeta, Srpski jezik, Srbija moja otadžbina i Istorija i kultura srpskog naroda. On je rekao da će Slovenija obezbediti prostor u školama i pokriti troškove za struju, vodu i grejanje, dok će nastavnike plaćati i odabrati Srbija. Najviše dece do sada je prijavljeno u ljubljanskoj školi "Livada", gotovo 30. Direktor škole Goran Popović rekao je da je hiljadu do sada prijavljenih za učenje srpskog jezika izvanredan broj, te da se nada da će projekat biti dobro isplaniran i održiv. Ambasador Srbije u Ljubljani Zorana Vlatković ukazala je na odlične veze dve države, potrebu da se one neguju, te da je i učenje maternjeg jezika jedan od načina da se grade novi mostovi. Prema njenim rečima, organizacija nastave ide po planu. Ona navodi da treba da se izaberu nastavnici koji u skladu sa propisima mogu doći iz Srbije, a mogu biti, ukoliko neko ispunjava uslove, angažovani medu ljudima koji žive u Sloveniji.</article-text><article-text-transliterated> Srpski jezik od naredne školske godine biće dostupan u osnovnim školama u Sloveniji kao dodatna aktivnost. Do ovoga je došlo nakon povezivanja brojnih organizacija Srba u Sloveniji u jednu krovnu organizaciju, te dogovora vlada Srbije i Slovenije. Zbog velikog interesovanja dece rok za prijavu za učenje srpskog jezika je produžen do 1. marta. Predsednik Saveza Srba Slovenije Marko Sladojević kaže da će se nastava srpskog jezika odvijati kroz tri pedmeta, Srpski jezik, Srbija moja otadžbina i Istorija i kultura srpskog naroda. On je rekao da će Slovenija obezbediti prostor u školama i pokriti troškove za struju, vodu i grejanje, dok će nastavnike plaćati i odabrati Srbija. Najviše dece do sada je prijavljeno u ljubljanskoj školi "Livada", gotovo 30. Direktor škole Goran Popović rekao je da je hiljadu do sada prijavljenih za učenje srpskog jezika izvanredan broj, te da se nada da će projekat biti dobro isplaniran i održiv. Ambasador Srbije u Ljubljani Zorana Vlatković ukazala je na odlične veze dve države, potrebu da se one neguju, te da je i učenje maternjeg jezika jedan od načina da se grade novi mostovi. Prema njenim rečima, organizacija nastave ide po planu. Ona navodi da treba da se izaberu nastavnici koji u skladu sa propisima mogu doći iz Srbije, a mogu biti, ukoliko neko ispunjava uslove, angažovani medu ljudima koji žive u Sloveniji.</article-text-transliterated><comment-list /></article><comments><comment-count>0</comment-count></comments></document>