<document global_id="sr-08-144"><url>https://www.srbijadanas.com/clanak/mudrosti-pomalo-zaboravljenog-velikana-branka-copica-05-08-2015</url><source-id>08</source-id><local-id>144</local-id><source-name>srbijadanas</source-name><article><article-title>Mudrosti pomalo zaboravljenog velikana BRANKA ĆOPIĆA </article-title><article-time>05-08-2015</article-time><article-author>Srbija Danas </article-author><article-text> Branko Ćopić, rođen 1. januara 1915. bio je bosanskohercegovački književnik, po nacionalnosti Srbin, rođen u selu Hašanima u Bosanskoj krajini. Učiteljsku školu je završio u Banja Luci, a Filozofski fakultet u Beogradu. Već kao student, Ćopić se afirmiše kao pisac od dara, skreće na sebe pažnju književne kritike i dobija zasluženo priznanje dodeljivanjem nagrade Milana Rakića. Njegova dela su, između ostalog, prevedena na engleski, nemački, francuski i ruski jezik. Izvršio je samoubistvo skokom sa mosta Bratstvo i jedinstvo u Beogradu 26. marta 1984. godine. U Ćopićevim delima dominiraju teme iz života ljudi iz Bosanske krajine i Narodnooslobodilačkog rata. Ovako je pisao naš čuveni pesnik: Pogledajte najsmešnije replike iz predstave RADOVAN III (VIDEO)</article-text><article-text-transliterated> Branko Ćopić, rođen 1. januara 1915. bio je bosanskohercegovački književnik, po nacionalnosti Srbin, rođen u selu Hašanima u Bosanskoj krajini. Učiteljsku školu je završio u Banja Luci, a Filozofski fakultet u Beogradu. Već kao student, Ćopić se afirmiše kao pisac od dara, skreće na sebe pažnju književne kritike i dobija zasluženo priznanje dodeljivanjem nagrade Milana Rakića. Njegova dela su, između ostalog, prevedena na engleski, nemački, francuski i ruski jezik. Izvršio je samoubistvo skokom sa mosta Bratstvo i jedinstvo u Beogradu 26. marta 1984. godine. U Ćopićevim delima dominiraju teme iz života ljudi iz Bosanske krajine i Narodnooslobodilačkog rata. Ovako je pisao naš čuveni pesnik: Pogledajte najsmešnije replike iz predstave RADOVAN III (VIDEO)</article-text-transliterated><comment-list /></article><comments><comment-count>0</comment-count></comments></document>