<document global_id="sr-08-80"><url>https://www.srbijadanas.com/biz/obrazovanje/da-li-ucenje-uvek-mora-da-bude-tesko-zasto-brzo-odustajremo-ovo-sta-ce-vam-pomoci-da-brze-savladate-2019-12-02</url><source-id>08</source-id><local-id>80</local-id><source-name>srbijadanas</source-name><article><article-title>TROJE MLADIH IZ SRBIJE MENJA SVET! Stvorili su platformu koja potpuno menja način na koji smo do sada učili – učenje više nije mučenje! </article-title><article-time>2019-12-02</article-time><article-author>www.pricesadusom.com/Nenad Blagojević </article-author><article-text> Ana Ranitović (35) i Miloš Jovanović (34) su zajedno studirali, a zatim postali kumovi. Već na prvoj godini studija prepoznali su stvaralačku energiju i krenuli da rade na brojnim projektima sa notom društvene transformacije i odgovornosti. Stanko Arsenijević (22) pridružio im se kao tinejdžer, kada je sa 16 godina u njihovom projektu „iSerbia” pohađao besplatnu obuku iz android programiranja i napravio svoju aplikaciju. Nekoliko godina kasnije, Ana je svoje ideje podelila sa Milošem i Stankom i tako je nastala nova platforma za onlajn učenje – „Kampster”. Od decembra 2017. do danas, prema rečima osnivača, kroz ovaj projekat, koji je namenjen svima od 7 do 107 godina, prošlo je više od 60.000 korisnika. Ana je diplomirala sociologiju na Filozofskom fakultetu u Beogradu, kao student generacije. Kao Chevening i Clarendon stipendista, doktorirala je antropologiju na Univerzitetu u Oksfordu. Angažovana je kao istraživač na Univerzitetu u Oksfordu i analitičar na Univerzitetu u Groningenu.  Međutim, to nije dovoljno – jer ni učenje u stvarnom životu nije samo kada ste sami sa knjigom, već podrazumeva i odlaske na predavanja, konsultacije, saradnju sa studentima i još mnogo toga – objasnila je Ana.  Prvi korak bilo je testiranje većeg broja onlajn platformi za učenje širom sveta. Radili su i analizu naučne literature iz oblasti onlajn obrazovanja i edukacije uopšte, sa fokusom na upotrebu gejmifikacije i mnemotehnika, kao i značaja društvenosti u učenju, i iz toga crpeli ideje kako da kreiraju onlajn sistem učenja koji motiviše polaznike i olakšava im suočavanje sa novom materijom.  Shvatili su da je neophodno da prebace sve pozitivne aspekte tradicionalnog obrazovanja (učenje u grupi, interakcija sa predavačem i drugim studentima, razmena ideja) u onlajn svet, a da istovremeno njihov efekat pojačaju upotrebom moćnih digitalnih alata koji materiju prilagođavaju svačijem individualnom napretku.  Najmlađi polaznik je učio Uvod u programiranje, a starijima od 65 godina zanimljivi su kursevi iz raznih oblasti, od dropšipinga do stranih jezika. Sve se odvija onlajn tako da nema prepreka da se uči sa bilo kog mesta na zemlji. Stanko je u oblast programiranja ušao sa 15 godina, a već sa 17 sa drugom pokrenuo domaću platformu za frilens muzičare. Sa 19 godina upisuje informatiku na Kriminalističko-policijskom fakultetu u Beogradu i paralelno razvija „Kampster“. Miloš (prvi zdesna) je suvlasnik nekoliko kompanija sa sedištima u 4 zemlje. Osnovne studije je završio na Filozofskom fakultetu u Beogradu (sociologija), a postdiplomske na Fakultetu organizacionih nauka. Predsednik je odbora Grupacije agencija za zapošljavanje pri Privrednoj komori Srbije i član Republičkog saveta za zapošljavanje. Dobitnik je nagrade „40 under 40” za Jugoistočnu Evropu od strane Business Elite Awards. A da li je ljudima danas u digitalnom dobu potrebno više motivacije za učenje nego nekad? Pitao sam ovaj svestrani trojac kako se organizuju oko posla, s obzirom na to da ne žive svi u Srbiji? Moji sagovornici se sećaju da su od prvog momenta bili uvereni da mogu da naprave proizvod i kurseve koji su bolji od onoga što se nudi i zahvaljujući kojima učenje više neće biti mučenje. Uz sve to, stigla je i podrška okoline i porodica.  Sajt Kampstera i sve kurseve pronađite OVDE. </article-text><article-text-transliterated> Ana Ranitović (35) i Miloš Jovanović (34) su zajedno studirali, a zatim postali kumovi. Već na prvoj godini studija prepoznali su stvaralačku energiju i krenuli da rade na brojnim projektima sa notom društvene transformacije i odgovornosti. Stanko Arsenijević (22) pridružio im se kao tinejdžer, kada je sa 16 godina u njihovom projektu „iSerbia” pohađao besplatnu obuku iz android programiranja i napravio svoju aplikaciju. Nekoliko godina kasnije, Ana je svoje ideje podelila sa Milošem i Stankom i tako je nastala nova platforma za onlajn učenje – „Kampster”. Od decembra 2017. do danas, prema rečima osnivača, kroz ovaj projekat, koji je namenjen svima od 7 do 107 godina, prošlo je više od 60.000 korisnika. Ana je diplomirala sociologiju na Filozofskom fakultetu u Beogradu, kao student generacije. Kao Chevening i Clarendon stipendista, doktorirala je antropologiju na Univerzitetu u Oksfordu. Angažovana je kao istraživač na Univerzitetu u Oksfordu i analitičar na Univerzitetu u Groningenu.  Međutim, to nije dovoljno – jer ni učenje u stvarnom životu nije samo kada ste sami sa knjigom, već podrazumeva i odlaske na predavanja, konsultacije, saradnju sa studentima i još mnogo toga – objasnila je Ana.  Prvi korak bilo je testiranje većeg broja onlajn platformi za učenje širom sveta. Radili su i analizu naučne literature iz oblasti onlajn obrazovanja i edukacije uopšte, sa fokusom na upotrebu gejmifikacije i mnemotehnika, kao i značaja društvenosti u učenju, i iz toga crpeli ideje kako da kreiraju onlajn sistem učenja koji motiviše polaznike i olakšava im suočavanje sa novom materijom.  Shvatili su da je neophodno da prebace sve pozitivne aspekte tradicionalnog obrazovanja (učenje u grupi, interakcija sa predavačem i drugim studentima, razmena ideja) u onlajn svet, a da istovremeno njihov efekat pojačaju upotrebom moćnih digitalnih alata koji materiju prilagođavaju svačijem individualnom napretku.  Najmlađi polaznik je učio Uvod u programiranje, a starijima od 65 godina zanimljivi su kursevi iz raznih oblasti, od dropšipinga do stranih jezika. Sve se odvija onlajn tako da nema prepreka da se uči sa bilo kog mesta na zemlji. Stanko je u oblast programiranja ušao sa 15 godina, a već sa 17 sa drugom pokrenuo domaću platformu za frilens muzičare. Sa 19 godina upisuje informatiku na Kriminalističko-policijskom fakultetu u Beogradu i paralelno razvija „Kampster“. Miloš (prvi zdesna) je suvlasnik nekoliko kompanija sa sedištima u 4 zemlje. Osnovne studije je završio na Filozofskom fakultetu u Beogradu (sociologija), a postdiplomske na Fakultetu organizacionih nauka. Predsednik je odbora Grupacije agencija za zapošljavanje pri Privrednoj komori Srbije i član Republičkog saveta za zapošljavanje. Dobitnik je nagrade „40 under 40” za Jugoistočnu Evropu od strane Business Elite Awards. A da li je ljudima danas u digitalnom dobu potrebno više motivacije za učenje nego nekad? Pitao sam ovaj svestrani trojac kako se organizuju oko posla, s obzirom na to da ne žive svi u Srbiji? Moji sagovornici se sećaju da su od prvog momenta bili uvereni da mogu da naprave proizvod i kurseve koji su bolji od onoga što se nudi i zahvaljujući kojima učenje više neće biti mučenje. Uz sve to, stigla je i podrška okoline i porodica.  Sajt Kampstera i sve kurseve pronađite OVDE. </article-text-transliterated><comment-list /></article><comments><comment-count>0</comment-count></comments></document>