<document global_id="sr-08-2"><url>https://www.srbijadanas.com/vip/vip/napustio-glumu-da-bi-se-zamonasio-prvi-put-je-otisao-u-manastir-sa-nenadom-jezdicem-i-njegov-zivot-2020-02-07</url><source-id>08</source-id><local-id>2</local-id><source-name>srbijadanas</source-name><article><article-title>NAPUSTIO GLUMU DA BI SE ZAMONAŠIO Prvi put je otišao u manastir sa Nenadom Jezdićem i njegov život se tada POTPUNO PROMENIO </article-title><article-time>2020-02-07</article-time><article-author>Srbija Danas</article-author><article-text> Pre više od dvadeset godina glumac Rastko Lupulović se odrekao crvenog tepiha, snimanja serija i statusa poznate ličnosti. Gledaoci ga se najviše sećaju po seriji "Otvorena vrata", kao i predstavi "U potpalublju". Rastko je odlučio da prekine profesionalno bavljenje glumom da bi upisao studije teologije, školu ikonopisa i naučio italijanski i albanski jezik.  Završio je u roku, a pre osam godina, Rastko čije je duhovno ime Ilarion, postao je iguman manastira Draganac koji je duhovni oslonac Srbima iz Kosovskog Pomoravlja. Prošle godine u emisiji "Kvadratura kruga" nekadašnji glumac opisao svoj život. Na pitanje da li je u manastir otišao kako bi se sklonio od drugih ili sebe, iguman Ilarion je rekao: Na pitanje da li su mu gluma i muzika bili stepenice ili kamen spoticanja na putu koji je tada izabrao rekao je - Verovatno jedno i drugo.</article-text><article-text-transliterated> Pre više od dvadeset godina glumac Rastko Lupulović se odrekao crvenog tepiha, snimanja serija i statusa poznate ličnosti. Gledaoci ga se najviše sećaju po seriji "Otvorena vrata", kao i predstavi "U potpalublju". Rastko je odlučio da prekine profesionalno bavljenje glumom da bi upisao studije teologije, školu ikonopisa i naučio italijanski i albanski jezik.  Završio je u roku, a pre osam godina, Rastko čije je duhovno ime Ilarion, postao je iguman manastira Draganac koji je duhovni oslonac Srbima iz Kosovskog Pomoravlja. Prošle godine u emisiji "Kvadratura kruga" nekadašnji glumac opisao svoj život. Na pitanje da li je u manastir otišao kako bi se sklonio od drugih ili sebe, iguman Ilarion je rekao: Na pitanje da li su mu gluma i muzika bili stepenice ili kamen spoticanja na putu koji je tada izabrao rekao je - Verovatno jedno i drugo.</article-text-transliterated><comment-list /></article><comments><comment-count>0</comment-count></comments></document>