<document global_id="sr-08-75"><url>https://www.srbijadanas.com/vesti/svet/strogo-cuvana-drzavna-tajna-otac-joj-je-najmocniji-covek-na-planeti-majka-cuvena-pevacica-i-niko-ne-2019-12-05</url><source-id>08</source-id><local-id>75</local-id><source-name>srbijadanas</source-name><article><article-title>STROGO ČUVANA DRŽAVNA TAJNA! Otac joj je NAJMOĆNIJI ČOVEK na planeti, majka ČUVENA PEVAČICA - i niko NE ZNA KAKO IZGLEDA (FOTO) </article-title><article-time>2019-12-05</article-time><article-author>Srbija Danas</article-author><article-text> Si Đinping je trenutno jedan od najmoćnijih ljudi na planeti. Nastavio je rad svojih prethodnika i uspeo je da Kinu dovede do svetskog vrha na gotovo svakom polju. Bilo da govorimo o tehnologiji, trgovini ili umetnosti i kulturi, Kina je postala nezaobilazni svetski faktor. Kako je Kina rasla po važnosti u svetu, tako je i Si polako zauzimao svoje mesto među "vladarima sveta". I pored toga što je u srcu svetskih zbivanja, malo se zna o privatnom životu kineskog vođe. A definitivno se najmanje zna o njegovoj ćerki, Si Mingze. To je jedna stvar koju Si deli sa svojim ruskim kolegom Vladimirom Putinom, čije dve mezimice su takođe potpuno van domašaja javnosti. Is that Xi Mingze? pic.twitter.com/y1D38yxl97 Kineski vođa je oženio čuvenu kinesku pevačicu Peng Lijuan 1987. godine. Ona je u Kini bila mnogo poznatija od svog muža, i svaki njen album je prodavan u multimilionskim tiražima. Si i Peng Lijuan su dobili svoju jedinu ćerku 1992. godine, a o njenom ranom detinjstvu se ne zna gotovo ništa. Od 2006. do 2008. godine je studirala francuski jezik u Hangžu školi stranih jezika, a 2010. se upisala na američki univerzitet Harvard u Masačusetsu. Dok je studirala u Americi koristila je pseudonim da ne bi privlačila pažnju javnosti. Na prestižnom američkom koledžu je završila psihologiju i engleski jezik. O njoj se još zna i da je posle katastrofalnog zemljotresa u Sečuanu 2008. godine volontirala da pomaže povređenima, a njeno prvo pojavljivanje u javnosti bilo je 2013 godine, kada su za kinesku novu godinu obišli selo Lianđiahe u provinciji Janan. Mediji se mnogo interesuju za njen ljubavni život, ali i tu nailaze na zid, pošto ona svog izabranika, ako ga uopšte ima, krije od javnosti. Posle Harvarda se vratila u Kinu i od 2015. godine živi u Pekingu. Tu se takođe nailazi na veliki broj nepoznanica. Mediji uglavnom navode da se zaposlila kao osoba za odnose sa javnošću u jednoj državnoj instituciji, a postoje glasine da krajnje blisko sarađuje sa svojim ocem. Pretpostavke su takođe da je kineski establišment priprema za neku od rukovodećih pozicija u kineskom društvu. Xi Mingze at Harvard. Daily Mail 11/18/12. pic.twitter.com/pFDm18yXKA Some speculates the lady wearing a blue hat behind Peng is Xi's only daughter, Xi Mingze @tdtw @wenyunchao pic.twitter.com/5mtfSGcJ1j Xi Mingze Biography, Wiki, Age, Boyfriend, Height, Family, Net Worth, Twitter, Instagram and Facebook https://t.co/ogZkkTkKBr pic.twitter.com/scHCDCIsWs — wikiglobals (@wikiglobals) March 7, 2019 Is that Xi Mingze? pic.twitter.com/y1D38yxl97 Zanimljivo je da postoji veliki broj fotografija na internetu koje navodno prikazuju ćerku kineskog predsednika, ali kao što možete videti u galeriji, čini se da je na svakoj fotografiji potpuno različita osoba. U svakom slučaju, očigledno je da je njen identitet možda i najbolje čuvana tajna Si Đinpinga.</article-text><article-text-transliterated> Si Đinping je trenutno jedan od najmoćnijih ljudi na planeti. Nastavio je rad svojih prethodnika i uspeo je da Kinu dovede do svetskog vrha na gotovo svakom polju. Bilo da govorimo o tehnologiji, trgovini ili umetnosti i kulturi, Kina je postala nezaobilazni svetski faktor. Kako je Kina rasla po važnosti u svetu, tako je i Si polako zauzimao svoje mesto među "vladarima sveta". I pored toga što je u srcu svetskih zbivanja, malo se zna o privatnom životu kineskog vođe. A definitivno se najmanje zna o njegovoj ćerki, Si Mingze. To je jedna stvar koju Si deli sa svojim ruskim kolegom Vladimirom Putinom, čije dve mezimice su takođe potpuno van domašaja javnosti. Is that Xi Mingze? pic.twitter.com/y1D38yxl97 Kineski vođa je oženio čuvenu kinesku pevačicu Peng Lijuan 1987. godine. Ona je u Kini bila mnogo poznatija od svog muža, i svaki njen album je prodavan u multimilionskim tiražima. Si i Peng Lijuan su dobili svoju jedinu ćerku 1992. godine, a o njenom ranom detinjstvu se ne zna gotovo ništa. Od 2006. do 2008. godine je studirala francuski jezik u Hangžu školi stranih jezika, a 2010. se upisala na američki univerzitet Harvard u Masačusetsu. Dok je studirala u Americi koristila je pseudonim da ne bi privlačila pažnju javnosti. Na prestižnom američkom koledžu je završila psihologiju i engleski jezik. O njoj se još zna i da je posle katastrofalnog zemljotresa u Sečuanu 2008. godine volontirala da pomaže povređenima, a njeno prvo pojavljivanje u javnosti bilo je 2013 godine, kada su za kinesku novu godinu obišli selo Lianđiahe u provinciji Janan. Mediji se mnogo interesuju za njen ljubavni život, ali i tu nailaze na zid, pošto ona svog izabranika, ako ga uopšte ima, krije od javnosti. Posle Harvarda se vratila u Kinu i od 2015. godine živi u Pekingu. Tu se takođe nailazi na veliki broj nepoznanica. Mediji uglavnom navode da se zaposlila kao osoba za odnose sa javnošću u jednoj državnoj instituciji, a postoje glasine da krajnje blisko sarađuje sa svojim ocem. Pretpostavke su takođe da je kineski establišment priprema za neku od rukovodećih pozicija u kineskom društvu. Xi Mingze at Harvard. Daily Mail 11/18/12. pic.twitter.com/pFDm18yXKA Some speculates the lady wearing a blue hat behind Peng is Xi's only daughter, Xi Mingze @tdtw @wenyunchao pic.twitter.com/5mtfSGcJ1j Xi Mingze Biography, Wiki, Age, Boyfriend, Height, Family, Net Worth, Twitter, Instagram and Facebook https://t.co/ogZkkTkKBr pic.twitter.com/scHCDCIsWs — wikiglobals (@wikiglobals) March 7, 2019 Is that Xi Mingze? pic.twitter.com/y1D38yxl97 Zanimljivo je da postoji veliki broj fotografija na internetu koje navodno prikazuju ćerku kineskog predsednika, ali kao što možete videti u galeriji, čini se da je na svakoj fotografiji potpuno različita osoba. U svakom slučaju, očigledno je da je njen identitet možda i najbolje čuvana tajna Si Đinpinga.</article-text-transliterated><comment-list /></article><comments><comment-count>0</comment-count></comments></document>