<document global_id="sr-08-116"><url>https://www.srbijadanas.com/clanak/zloglasni-saucesnik-teroristi-iz-tunisa-sledeca-meta-srbija-01-07-2015</url><source-id>08</source-id><local-id>116</local-id><source-name>srbijadanas</source-name><article><article-title>MASAKR IZ TUNISA I U SRBIJI? Napada još nema, ali zloglasni TERORISTA možda STIGNE! (FOTO) </article-title><article-time>01-07-2015</article-time><article-author>Srbija Danas</article-author><article-text> Policija i dalje traga za Rafikheom Tajarijem, za kojeg se sumnja da je jedan od saučesnika Sejfedina Rezguija, koji je ubio strane turiste u poznatom letovalištu. Kako prenosi Daily mail, za Rafikhea Tajarija, kojeg je policija opisala kao opasnog, se veruje da je asistirao Sejfedinu Rezguiju u napadu na strane turiste u gradu Sus. Tunisia attack gunman’s ‘accomplice’ Rafikhe Tayari has already reached Libya http://t.co/0xIs9qmwBq pic.twitter.com/MhUlmT1Cxs 		— Expressivus (@expressivus) July 1, 2015 Porodica ovog 28-godišnjaka otkrila je da se on trenutno nalazi u Libiji i da je u potrazi za brodovima koji prevoze migrante preko Mediteranskog mora. "Policija zna da se nalazi u Libiji, ne razumem zašto nam pretresaju kuću", rekao je Mohamed, otac saučesnika, koji je tom prilikom insistirao i na tome da je njegov sin nevin. "Napad se dogodio i ministri su rekli da mora da se otkrije ko je kriv, a pošto su im tajne službe u očajnom stanju, sada nas sve uznemiravaju", dodaje Mohamed. Rekao je i da je njegov sin najstariji od trojice sinova, da je studirao na fakultetu za međunarodno poslovanje, kao i da zna engleski, francuski i italijanski jezik. Prema njegovim navodima Rafikhe je 2012. godine polagao ispite kako bi postao policajac, ali nije uspeo da dobije posao. Nedugo zatim, zaposlio se u korisničkom servisu, a potom kao računovođa. Zvao je porodicu na svaka dva meseca, ali otac tvrdi da nije dao informaciju gde živi. "Svi mladi koji odu u Libiju ili u Evropu, roditeljima ne govore gde se nalaze jer misle da ćemo ih mi sprečiti. A i možda se uplašio, pa je odlučio da ne ode u Evropu", kaže Rafikheov otac. Podsetimo, u terorističkom napadu koji se odigrao prošlog petka u mestu Sus, ubijeno je 39 ljudi, a odgovornost za napad preuzela je Islamska država. Pročitajte i:</article-text><article-text-transliterated> Policija i dalje traga za Rafikheom Tajarijem, za kojeg se sumnja da je jedan od saučesnika Sejfedina Rezguija, koji je ubio strane turiste u poznatom letovalištu. Kako prenosi Daily mail, za Rafikhea Tajarija, kojeg je policija opisala kao opasnog, se veruje da je asistirao Sejfedinu Rezguiju u napadu na strane turiste u gradu Sus. Tunisia attack gunman’s ‘accomplice’ Rafikhe Tayari has already reached Libya http://t.co/0xIs9qmwBq pic.twitter.com/MhUlmT1Cxs 		— Expressivus (@expressivus) July 1, 2015 Porodica ovog 28-godišnjaka otkrila je da se on trenutno nalazi u Libiji i da je u potrazi za brodovima koji prevoze migrante preko Mediteranskog mora. "Policija zna da se nalazi u Libiji, ne razumem zašto nam pretresaju kuću", rekao je Mohamed, otac saučesnika, koji je tom prilikom insistirao i na tome da je njegov sin nevin. "Napad se dogodio i ministri su rekli da mora da se otkrije ko je kriv, a pošto su im tajne službe u očajnom stanju, sada nas sve uznemiravaju", dodaje Mohamed. Rekao je i da je njegov sin najstariji od trojice sinova, da je studirao na fakultetu za međunarodno poslovanje, kao i da zna engleski, francuski i italijanski jezik. Prema njegovim navodima Rafikhe je 2012. godine polagao ispite kako bi postao policajac, ali nije uspeo da dobije posao. Nedugo zatim, zaposlio se u korisničkom servisu, a potom kao računovođa. Zvao je porodicu na svaka dva meseca, ali otac tvrdi da nije dao informaciju gde živi. "Svi mladi koji odu u Libiju ili u Evropu, roditeljima ne govore gde se nalaze jer misle da ćemo ih mi sprečiti. A i možda se uplašio, pa je odlučio da ne ode u Evropu", kaže Rafikheov otac. Podsetimo, u terorističkom napadu koji se odigrao prošlog petka u mestu Sus, ubijeno je 39 ljudi, a odgovornost za napad preuzela je Islamska država. Pročitajte i:</article-text-transliterated><comment-list /></article><comments><comment-count>0</comment-count></comments></document>