<document global_id="sr-08-202"><url>https://www.srbijadanas.com/vesti/region/gruevski-ima-rok-20-dana-da-obezbedi-parlamentarnu-vecinu-2017-01-09</url><source-id>08</source-id><local-id>202</local-id><source-name>srbijadanas</source-name><article><article-title>GRUEVSKOM DAT ROK DA SASTAVI VLADU: I Albanci će tražiti svoje (FOTO) </article-title><article-time>2017-01-09</article-time><article-author>Tanjug</article-author><article-text> Neizvesno je, međutim, da li će se dugogodišnji partner Gruevskog, albanska partija DUI Alija Ahmetija saglasiti da uđe u koaliciju sa VMRO-DPMNE. Ukoliko DUI pristane na koaliciju sa VMRO-DPMNE, ona će imati 61 poslanika, što je dovoljno da formiranje parlamentarne većine. A da bi se to dogodilo, Gruevski će morati da pregovara sa albanskim političkim partijama koje su nedavno ujedinile svoje zahteve. Dve od četiri albanske stranke, koje su ušle u parlament, Besa i Savez Albanaca, izričito tvrde da ne nameravaju da uđu u koaliciju sa VMRO-DPMNE.  VMRO bi sa DUI i Demokratskom partijom Albanaca mogla da ima čak 63 poslanika, ali su se do nedavno u delu Ahmetijeve stranke takođe čuli glasovi protiv koalicije sa Gruevskim. Gruevski, pak, tvrdi da će novu vladu formirati "po svaku cenu". Nova vlada bi u makedonskom parlamentu trebalo da bude potvrđena najkasnije do 29. januara. Ako do tada Gruevski ne formira parlamentarnu većinu, mandat će biti ponuđen drugoj stranci po broju osvojenih mandata, a to je SDSM. Zahtevi albanskih političkih partija koje budu ušle u vladu nisu ni malo mali. Albanci su se oko tih zahteva ujedinili, a jedan od njih je na primer promena Ustava, u kojem bi trebalo da stoji da je pored makedonskog na ćiličnom pismu službeni jezik i albanski.</article-text><article-text-transliterated> Neizvesno je, međutim, da li će se dugogodišnji partner Gruevskog, albanska partija DUI Alija Ahmetija saglasiti da uđe u koaliciju sa VMRO-DPMNE. Ukoliko DUI pristane na koaliciju sa VMRO-DPMNE, ona će imati 61 poslanika, što je dovoljno da formiranje parlamentarne većine. A da bi se to dogodilo, Gruevski će morati da pregovara sa albanskim političkim partijama koje su nedavno ujedinile svoje zahteve. Dve od četiri albanske stranke, koje su ušle u parlament, Besa i Savez Albanaca, izričito tvrde da ne nameravaju da uđu u koaliciju sa VMRO-DPMNE.  VMRO bi sa DUI i Demokratskom partijom Albanaca mogla da ima čak 63 poslanika, ali su se do nedavno u delu Ahmetijeve stranke takođe čuli glasovi protiv koalicije sa Gruevskim. Gruevski, pak, tvrdi da će novu vladu formirati "po svaku cenu". Nova vlada bi u makedonskom parlamentu trebalo da bude potvrđena najkasnije do 29. januara. Ako do tada Gruevski ne formira parlamentarnu većinu, mandat će biti ponuđen drugoj stranci po broju osvojenih mandata, a to je SDSM. Zahtevi albanskih političkih partija koje budu ušle u vladu nisu ni malo mali. Albanci su se oko tih zahteva ujedinili, a jedan od njih je na primer promena Ustava, u kojem bi trebalo da stoji da je pored makedonskog na ćiličnom pismu službeni jezik i albanski.</article-text-transliterated><comment-list /></article><comments><comment-count>0</comment-count></comments></document>