<document global_id="sr-08-139"><url>https://www.srbijadanas.com/clanak/zasto-sve-vise-rusa-ide-da-se-bori-za-islamsku-drzavuvideo-24-07-2015</url><source-id>08</source-id><local-id>139</local-id><source-name>srbijadanas</source-name><article><article-title>STUDENTKINJA VARVARA NIJE JEDINA: Zašto sve više Rusa ide da se bori za Islamsku državu? (VIDEO) </article-title><article-time>24-07-2015</article-time><article-author>SrbijaDanas</article-author><article-text> Bez nekih očiglednih veza sa Bliskim istokom (osim što je studirala arapski), Karaulova je počela da puni novinske stupce kada je nestala iz Moskve pod sumnjom da je otišla u Siriju da se priključi borcima Islamske države. Njenu priču propratili su svi veliki ruski mediji dok nije pronađena na tursko-sirijskoj granici i vraćena u Moskvu kod svog oca koji je intezivno danima tragao za ćerkom. Ovaj slučaj nije jedini. Dve nedelje pošto se ona vratila kući, Mariam Ismailova, takođe mlada studentkinja nestala je pod identičnom sumnjom da je pobegla da se priključi ISIS-u. Još nekoliko drugih studenata sa univerziteta u većim ruskom gradovima učinilo je isto. Njihova sudbina i dalje je nepoznata, ali neverovatna medijska pažnja koju su dobili navela je više zvaničnike da razotkriju koliko se Rusa bori na strani džihadista. Ruska Federalna bezbednosna služba procenjuje da čak 8 odsto ISIS boraca imaju ruske pasoše. Prema Alekseju Malašenku iz moskovskog “Karnegi” centra, ruski je postao treći najviše korišćeni jezik u samoproglašenom islamskom kalifatu - odmah posle arapskog i engleskog. Takođe, Islamska država povećala je propagandu na ruskom jeziku ove godine. U martu je Islamska država počela da emituje na dnevnom nivou radijske vesti i na ruskom jeziku. Početkom maja, militantna grupa objavila je i prvo ruko izdanje magazina “Furat.Press”. Kasnije istog meseca, ISIS je objavila sofisticiraniji časopis na ruskom jeziku nazvan “Istok” (Izvor). Mnogi zvaničnici složni su u oceni da je propaganda Islamske države postala efektnija. Tako je primećeno da deo onih koji odlaze da se priključe ISIS-u dolaze iz regiona koja nisu naseljena većinski muslimanskim stanovništvom. Studenti i mladi ljudi često bivaju regrutovani preko društvenih mreža i napuštaju Rusiju uz obećanje uzvraćene ljubavi, nakolnosti i boljeg života pod ISIS-om. Regruti dolaze i iz Čečenije kao i iz pravoslavne severne Odese, a podjedanko odlaze i siromašni i bogati, obrazovani i neuki...</article-text><article-text-transliterated> Bez nekih očiglednih veza sa Bliskim istokom (osim što je studirala arapski), Karaulova je počela da puni novinske stupce kada je nestala iz Moskve pod sumnjom da je otišla u Siriju da se priključi borcima Islamske države. Njenu priču propratili su svi veliki ruski mediji dok nije pronađena na tursko-sirijskoj granici i vraćena u Moskvu kod svog oca koji je intezivno danima tragao za ćerkom. Ovaj slučaj nije jedini. Dve nedelje pošto se ona vratila kući, Mariam Ismailova, takođe mlada studentkinja nestala je pod identičnom sumnjom da je pobegla da se priključi ISIS-u. Još nekoliko drugih studenata sa univerziteta u većim ruskom gradovima učinilo je isto. Njihova sudbina i dalje je nepoznata, ali neverovatna medijska pažnja koju su dobili navela je više zvaničnike da razotkriju koliko se Rusa bori na strani džihadista. Ruska Federalna bezbednosna služba procenjuje da čak 8 odsto ISIS boraca imaju ruske pasoše. Prema Alekseju Malašenku iz moskovskog “Karnegi” centra, ruski je postao treći najviše korišćeni jezik u samoproglašenom islamskom kalifatu - odmah posle arapskog i engleskog. Takođe, Islamska država povećala je propagandu na ruskom jeziku ove godine. U martu je Islamska država počela da emituje na dnevnom nivou radijske vesti i na ruskom jeziku. Početkom maja, militantna grupa objavila je i prvo ruko izdanje magazina “Furat.Press”. Kasnije istog meseca, ISIS je objavila sofisticiraniji časopis na ruskom jeziku nazvan “Istok” (Izvor). Mnogi zvaničnici složni su u oceni da je propaganda Islamske države postala efektnija. Tako je primećeno da deo onih koji odlaze da se priključe ISIS-u dolaze iz regiona koja nisu naseljena većinski muslimanskim stanovništvom. Studenti i mladi ljudi često bivaju regrutovani preko društvenih mreža i napuštaju Rusiju uz obećanje uzvraćene ljubavi, nakolnosti i boljeg života pod ISIS-om. Regruti dolaze i iz Čečenije kao i iz pravoslavne severne Odese, a podjedanko odlaze i siromašni i bogati, obrazovani i neuki...</article-text-transliterated><comment-list /></article><comments><comment-count>0</comment-count></comments></document>