<document global_id="sr-08-137"><url>https://www.srbijadanas.com/clanak/neverovatno-brazilac-se-nudi-partizanu-29-07-2015</url><source-id>08</source-id><local-id>137</local-id><source-name>srbijadanas</source-name><article><article-title>Brazilac se nudi Partizanu </article-title><article-time>29-07-2015</article-time><article-author>Srbija Danas</article-author><article-text>  Partizan je omogućio je Brazilcu Žonatanu da trenira sa ekipom i održava fizičku spremu do pronalaska novog angažmana, a kako sada stoje stvari bivši član Intera mogao bi da ostane u Humskoj. Doskorašnji član "neroazura" izjavio je za Interovu klupsku televiziju da ne bi imao ništa protiv da karijeru nastavi u Partizanu, samo ako pronađe zajednički jezik sa čelnicima kluba iz Humske. Fudbaler koji je ponikao u Kruzeiru i igrao u Santosu u Evropi je još nastupao za Inter i Parmu ali tokom četiri godine provedene na "San Siru" nije opravdao očekivanja pa je nakon isteka ugovora napustio Milano.</article-text><article-text-transliterated>  Partizan je omogućio je Brazilcu Žonatanu da trenira sa ekipom i održava fizičku spremu do pronalaska novog angažmana, a kako sada stoje stvari bivši član Intera mogao bi da ostane u Humskoj. Doskorašnji član "neroazura" izjavio je za Interovu klupsku televiziju da ne bi imao ništa protiv da karijeru nastavi u Partizanu, samo ako pronađe zajednički jezik sa čelnicima kluba iz Humske. Fudbaler koji je ponikao u Kruzeiru i igrao u Santosu u Evropi je još nastupao za Inter i Parmu ali tokom četiri godine provedene na "San Siru" nije opravdao očekivanja pa je nakon isteka ugovora napustio Milano.</article-text-transliterated><comment-list /></article><comments><comment-count>0</comment-count></comments></document>