<document global_id="sr-08-36"><url>https://www.srbijadanas.com/vip/vip/sada-su-na-nekom-boljem-mestu-sve-legende-koje-su-nas-napustile-u-2019-godini-2020-01-01</url><source-id>08</source-id><local-id>36</local-id><source-name>srbijadanas</source-name><article><article-title>SADA SU NA NEKOM BOLJEM MESTU: Sve LEGENDE koje su nas napustile u 2019. godini </article-title><article-time>2020-01-01</article-time><article-author>Srbija Danas/B92</article-author><article-text> Tokom 2019. godine domaća javna scena je izgubila mnoge važne ličnosti. Zauvek su nas napustili oni koji su ostavili dubok trag u našim životima. Pamtićemo ih zauvek. Mihailo Miša Janketić Jedan od najvećih srpskih i jugoslovenskih glumaca Mihailo Miša Janketić preminuo je u Beogradu. U bogatoj karijeri odigrao je više od stotinu uloga u pozorištu, najviše u svom matičnom teatru - JDP-u. Ogroman trag ostavio je na filmu, televiziji i radiju, a dobitnik je najznačajnijih glumačkih i društvenih priznanja - Dobričinog prstena, Oktobarske nagrade, četiri Sterijine nagrade, Nagrade "Pavle Vuisić" za životno delo. Veličina!! #misajanketic #misa #janketic #glumac #gromada #gluma #pozoriste #film #serija #komedija #glumac #smeh #umjetnost #belgrade #beograd #srbija #bosnaihercegovina #hrvatska #crnagora #slovenia #makedodia A post shared by  Mihajlo Miša Janketić (@misajanketic_official) on Dec 30, 2019 at 5:21pm PST Igor Pervić Glumac Igor Pervić preminuo je u svom stanu, u 52. godini života. Glumio je u mnogim filmovima kao što su "Crni bombarder", "Lajanje na zvezde", "Bure baruta", "Sivi dom" i poznatim serijama "Ranjenik", "Vuk Karadžić". U poslednje vreme u javnost se vratio serijama šifra Despot", "Urgentni centar", "Žigosani u reketu" i "Nemanjići - rađanje kraljevine". Igor Pervić 1967-2019 #igorpervic#actor#glumac#serbia A post shared by @ fotografijesrbije on Apr 23, 2019 at 9:01am PDT Gordan Mihić Mihić je preminuo u 80. godini. Vest o Mihićevoj smrti napisala je njegova ćerka Ivana Mihić na Tviteru. Njegova dela su brojni scenariji za filmove i serije koji su ušli u istoriju domaće kinematografije. Neki od njih su: "Samci", "Kad budem mrtav i beo", "Vrane", "Kamiondžije", "Čuvar plaže u zimskom periodu", "Povratak otpisanih", "Leptirov oblak", Pas koji je voleo vozove", "Mala noćna muzika"; "Došlo doba da se ljubav proba", "Balkan ekspres", "Jaguarov skok", "Varljivo leto '68", "Sivi dom", "Dom za vešanje", "Zaboravljeni", "Tango argentino", "Otvorena vrata", "Gore dole", "Crna mačka beli mačor", "Ona voli Zvezdu", "Vojna akademija", "Nemanjići"... Осећајући дубоко огроман губитак саопштавамо вам да је у недељу 11.08.2019. године, рано ујутру, после изненадне болести, умро највећи српски сценариста, драмски писац, редитељ, професор Факултета драмских уметности у Београду, а пре свега најбољи супруг и отац- ГОРДАН МИХИЋ. pic.twitter.com/pE1CuGQZ8p Branislav Petrušević Petrući Početkom novembra oprostili smo se od glumca Branislava Petruševića Petrućija, koji je preminuo u 64. godini u svom domu. Supruga Nada je poslednje minute Petrućijevog života provela u nadi da će uspeti da mu spase život. Petrući je svoju karijeru započeo na radiju, u radijskom programu Indeksovo radio pozorište, gde je zajedno s kolegama stvarao zabavni program. Samo trening ! 💪😀#pinkovezvezde #rtvpink #zadruga2 A post shared by  Marko Petrusevic Petruci (@marko_petrusevic_petruci) on Jan 11, 2019 at 12:23am PST Zoran Rankić Televizijski i pozorišni glumac, književnik i aforističar Zoran Rankić preminuo je u 85. godini u Beogradu, posle duge i teške bolesti. U javnosti će najviše ostati upamćen kao Nikola Kalabić u seriji "Poslednji čin" i čuveni Popara iz "Srećnih ljudi". Ostvario je brojne uloge u filmovima i teatru. Igrao je u filmu Zdravka Šotre "Neprijatelj naroda", filmovima "Klopka za generala", "Peta kolona", "Zakletva". Na sceni BDP-a odigrane su njegove drame "Skretnica" i "Kalemegdanci", i to u njegovoj režiji. Poslednjih godina ostvario je manje uloge u serijama "Ljubav, navika, panika", "Bela lađa", "Moj rođak sa sela". A post shared by Zoran Rankic (@zoran_rankic) on Jul 23, 2017 at 4:50am PDT Dalibor Andonov Gru Slavni srpski reper Dalibor Andonov, poznatiji pod imenom Gru, poginuo je u Zemunu nakon što je prilikom vožnje kajta upao u vodu. Prvi album Da li imaš pravo je snimio 1995. godine. Popularnost dobija pesmom Biću tu. Rep album pod nazivom Gru 2 izdao je 1996. godine, sa njega su pesme Petak, Srce, Dosta mi je svega postale veliki hitovi. Poslednji album The Ultimate Collection izdao je 2009. godine, posle čega i nekoliko singlova. Radio je i kao di-džej. Sarađivao je sa brojnim muzičarima među kojima su Ajs Nigrutin, Tijana Dapčević, „Del arno bend“, Marčelo, „Bajaga i instruktori“, „Montenigers“, Vasil Hadžimanov. A post shared by  DALIBOR ANDONOV ~ GRU (@gru.fanpage) on Jul 11, 2018 at 6:06am PDT Šaban Šaulić Pevač narodne muzike Šaban Šaulić poginuo je u teškoj saobraćajnoj nesreći u Nemačkoj. Brojnim hitovima narodne muzike sedamdesetih i osamdesetih godina prošlog veka stekao je veliku popularnost u regionu. U toku bogate karijere od publike i od medija dobio je nadimak "kralj narodne muzike". Radio je i kao muzički producent. U bogatoj karijeri započetoj 1969. godine, sa 18 godina, Šaulić je otpevao brojne pesme koje su postale hitovi - između ostalih, "Gordana", koju je posvetio supruzi, kao i pesme "Dođi da ostarimo zajedno", "Dva galeba bela", "Uvenuće narcis beli", "Sine", "Danima te čekam", "Snežana", "Odlaziš, odlaziš" i druge. Sa velikim bolom i neizmernom tugom obavestavamo vas da je danas prestalo da kuca veliko srce i da je utihnuo najlepsi glas regiona kada nas je napustio suprug, otac, deda, kum i prijatelj Saban Saulic. Ljubav kojom je nesebicno darivao sve oko sebe utkao je i u svoje pesme i nasa zelja je da tako ostane i upamcen, kao veliki umetnik, neponovljivi pevac ali pre svega divan covek! Porodica Saulic se zahvaljuje svima na izrazima saucesca i molimo javnost da i u ovim teskim trenucima dostojanstveno sacuvamo uspomenu na Sabana. A post shared by  Saban Saulic (@sabanofficial) on Feb 17, 2019 at 5:16am PST Marko Nikolić  Glumac Marko Nikolić preminuo je u 73. godini u KBC "Zvezdara" Član Narodnog pozorišta postao je 1970. godine. Igrao je u pozorištu, filmu i na televiziji. Televizijsku slavu je stekao glavnom ulogom u TV seriji "Bolji život" (1987, 1990), kao i ulogom Karađorđa, u nekoliko TV drama i u seriji Vuk Karadžić. Nikolić je bio najpoznatiji po ulozi Dragiše Popadića, zvanog Giga Moravac, iz serije "Bolji život". Ostvario je niz antologijskih uloga u pozorištu, na televiziji i filmovima, od "Devojačkog mosta", "Užičke republike", "Petrijinog venca" , "Dnevnika uvrede 1993", "Montevideo, bog te video", "Za kralja i otadžbinu"... Dobitnik je nagrade "Pavle Vuisić" za izuzetan doprinos umetnosti glume na domaćem filmu i mnoštva drugih nagrada. Legendarni glumac Marko Nikolić napustio nas je u 73. godini života, a za sobom je ostavio neizbrisiv trag, veliki broj uloga po kojima će biti upamćen. Gigo hvala na svemu, počivajte u miru, a mi vas nikada nećemo zaboraviti. #srbijadanas #srbija #markonikolic #glumac #legenda #2019 A post shared by  srbijadanas.com (@srbijadanas) on Jan 3, 2019 at 1:39am PST Miodrag Radovanović Mrgud On je ostvario čitav niz rola na sceni Jugoslovenskog dramskog pozorišta, čiji je bio član, a igrao je i u drugim teatrima. Na malim i velikim ekranima ostvario je 154 uloge, među kojima su Šicer u seriji "Salaš u malom ritu", Komandant Libek u "Balkan ekspresu", Nikola Pašić u "Kolubarskoj bici" i Spiridon u "Boju na Kosovu". Juče je u Beogradu preminuo Miodrag Radovanović, član Jugoslovenskog dramskog pozorišta od 1955. godine. Miodrag Radovanović Mrgud je rođen 1929. godine u Čačku. Diplomirao je glumu na Akademiji za pozorište, radio, film i televiziju 1956. godine u klasi profesora Mate Miloševića. U Jugoslovenskom dramskom pozorištu, čiji je saradnik, a ubrzo i član postao sredinom pedesetih godina odigravši 106 uloga, nastupio je u nekim od najznačajnijih predstava poput: Romeo i Julija u režije Mate Miloševića, Otkriće po deobama Dobrice Ćosića (režija Mata Milošević i Predrag Bajčetić), Sartrove Prljave ruke u režiji Bore Draškovića, Hrvatski Faust režija Slobodan Unkovski, Rodoljupci u režiji Dejana Mijača (1986), Buđenje proleća reditelja Harisa Pašovića. Za niz uloga u predstavi koja je snažno obeležila pozorišni trenutak u ondašnjoj Jugoslaviji, Veseli dani ili Tarelkinova smrt u režiji Branka Pleše, sa ostalim članovima ansambla trijumfovao je na beogradskom Bitefu, u to doba prestižnom festivalu Teatar nacija u Nansiju i na festivalu MESS u Sarajevu na kome je Radovanović nagrađen Zlatnim lovorovim vijencem. Tri uloge u jednoj od najdugovečnijih predstava JDP-a, Mletački trgovac u režiji Egona Savina, donela mu je nagradu Ardalion na Jugoslovenskom pozorišnom festivalu „Bez prevoda” u Užicu. Svojim pozorišnim opusom Miodrag Radovanović spojio je sve generacije umetnika od osnivanja ovog pozorišta do danas. Igrao je i u ostalim beogradskim pozorištima kao i na neformalnim dramskim scenama. Bavio se pedagoškim radom kao asistent na FDU kod profesora Mate Miloševića i predavao glumu u Baletskoj školi „Lujo Davičo”. Na filmu i televiziji je odigrao više od 150 uloga. Veliku popularnost stekao je ulogom Šicera u televizijskoj seriji Salaš u malom ritu, a za istoimeni film dobio je nagradu Srebrna arena na filmskom festivalu u Puli i Veliku povelju Festivala glumačkih ostvarenja u Nišu, kao i titulu “glumca godine” po izboru čitalaca TV Revije. Igrao je u preko 500 radio drama. Nosilac je nekih od najviših društvenih priznanja poput Vukove nagrade i Ordena zasluga za narod sa zlatnom zvezdom. Datum sahrane i komemoracije biće naknadno objavljeni. A post shared by  jdp (@jdpbgd) on Jan 15, 2019 at 7:32am PST Nikola Hajdin Inženjer građevinarstva, rođen u gradu Vrbovsko 1923. godine, za dopisnog člana SANU izabran je 1970, a za redovnog 1976. godine. Potpredsednik SANU bio je od 1994. do 2003, a predsednik u tri mandata - od 2003. do 2015. godine. Bio je profesor Građevinskog fakulteta u Beogradu, gostujući profesor na Saveznoj visokoj školi (ETN) u Cirihu, gost-naučnik Švajcarskog udruženja za čelične konstrukcije."Bio je veliki mostograditelj, van Akademije i u samoj Akademiji", istakli su iz SANU. Zoran Hristić Čuveni srpski kompozitor Zoran Hristić preminuo je u 82. godini u Beogradu. Opus Zorana Hristića obuhvata solistička, kamerna, vokalno-instrumentalna dela, balete, muziku za pozorište, film i televiziju i radiofonska ostvarenja. Dobitnik je više domaćih i međunarodnih nagrada, među kojima i nagrade za životno delo Mali princ. Laureat je i dve Sterijine nagrade za scensku i dve Zlatne arene za filmsku muziku. Komponovao je muziku i za otvaranje Olimpijskih igara u Sarajevu. Dušan Makavejev Dušan Makavejev Jedan je od osnivača filmskog crnog talasa, filmova kojima je kritikovao trulo društvo, kako komunističko, tako i kapitalističko: "Parada" (1962), "Čovek nije tica", "Ljubavni slučaj illi tragedija službenice PTT" (1967), "Nevinost bez zaštite" (1968), "Nedostaje mi Sonja Heni" (1972), "Sweet Movie" (1973), "Gorila se kupa u podne" (1993)... After MoMA's "Concrete Utopia", it is time for a comprehensive restrospective of the Yugoslav Black Wave cinematography, subversive art which was the best example of concrete cinematic utopia #Makavejevhttps://t.co/ZYVQZNwwPJ Dobrilo Nenadić Nenadić je rođen u Vigoštu, u Arilju, gde će sutra biti sahranjen u 14 časova, preneo je RTS. Književni ugled stekao je već svojim prvim romanom "Dorotej", po kom je snimljen i film. Posle toga, objavio je i romane "Кiša", "Vreva", "Poplava", "Despot i žrtva", "Brajan", "Sablja grofa Vronskog", "Pobednici", "Mrzovolja kneza Bizmarka", "Hermelin", "U senci crne smrti". Petar Omčikus Akademik SANU slikar Petar Omčikus preminuo je u 93. godini. Odlazak velikog Umetnika, Slikara i Čoveka. Petar Omčikus (1926-2019) 1.Kritičari,1979, ulje na platnu,215x133 2.Ribari,1992, ulje na platnu, 195x130 3.Ruševine zadra, 1947, ulje na platnu, 62x50 A post shared by  Dana MAAR (@danamaar) on Apr 27, 2019 at 12:58am PDT Rođen je 1926. godine u Sušaku kod Rijeke. Otac mu je bio podoficir u austrijskoj vojci, a kasnije državni službenik i porodica Omčikus je promenila nekoliko mesta službovanja u Kraljevini Jugoslaviji, od 1937. živeli su u Beogradu. Te godine Petar je započeo učenje slikarstva. Grozdana Olujić Grozdana Oluijić rođena je 1934. u Erdeviku, gimnaziju je završila u Bečeju, a diplomirala je i magistrirala engleski jezik i književnost na Filološkom fakultetu u Beogradu. Prvi roman, "Izlet u nebo", objavila je 1958, a usledili su "Glasam za ljubav" (1963), "Ne budi zaspale pse" (1964), "Divlje seme" (1967), "Glasovi u vetru" i "Preživeti do sutra" (2017).</article-text><article-text-transliterated> Tokom 2019. godine domaća javna scena je izgubila mnoge važne ličnosti. Zauvek su nas napustili oni koji su ostavili dubok trag u našim životima. Pamtićemo ih zauvek. Mihailo Miša Janketić Jedan od najvećih srpskih i jugoslovenskih glumaca Mihailo Miša Janketić preminuo je u Beogradu. U bogatoj karijeri odigrao je više od stotinu uloga u pozorištu, najviše u svom matičnom teatru - JDP-u. Ogroman trag ostavio je na filmu, televiziji i radiju, a dobitnik je najznačajnijih glumačkih i društvenih priznanja - Dobričinog prstena, Oktobarske nagrade, četiri Sterijine nagrade, Nagrade "Pavle Vuisić" za životno delo. Veličina!! #misajanketic #misa #janketic #glumac #gromada #gluma #pozoriste #film #serija #komedija #glumac #smeh #umjetnost #belgrade #beograd #srbija #bosnaihercegovina #hrvatska #crnagora #slovenia #makedodia A post shared by  Mihajlo Miša Janketić (@misajanketic_official) on Dec 30, 2019 at 5:21pm PST Igor Pervić Glumac Igor Pervić preminuo je u svom stanu, u 52. godini života. Glumio je u mnogim filmovima kao što su "Crni bombarder", "Lajanje na zvezde", "Bure baruta", "Sivi dom" i poznatim serijama "Ranjenik", "Vuk Karadžić". U poslednje vreme u javnost se vratio serijama šifra Despot", "Urgentni centar", "Žigosani u reketu" i "Nemanjići - rađanje kraljevine". Igor Pervić 1967-2019 #igorpervic#actor#glumac#serbia A post shared by @ fotografijesrbije on Apr 23, 2019 at 9:01am PDT Gordan Mihić Mihić je preminuo u 80. godini. Vest o Mihićevoj smrti napisala je njegova ćerka Ivana Mihić na Tviteru. Njegova dela su brojni scenariji za filmove i serije koji su ušli u istoriju domaće kinematografije. Neki od njih su: "Samci", "Kad budem mrtav i beo", "Vrane", "Kamiondžije", "Čuvar plaže u zimskom periodu", "Povratak otpisanih", "Leptirov oblak", Pas koji je voleo vozove", "Mala noćna muzika"; "Došlo doba da se ljubav proba", "Balkan ekspres", "Jaguarov skok", "Varljivo leto '68", "Sivi dom", "Dom za vešanje", "Zaboravljeni", "Tango argentino", "Otvorena vrata", "Gore dole", "Crna mačka beli mačor", "Ona voli Zvezdu", "Vojna akademija", "Nemanjići"... Osećajući duboko ogroman gubitak saopštavamo vam da je u nedelju 11.08.2019. godine, rano ujutru, posle iznenadne bolesti, umro najveći srpski scenarista, dramski pisac, reditelj, profesor Fakulteta dramskih umetnosti u Beogradu, a pre svega najbolji suprug i otac- GORDAN MIHIĆ. pic.twitter.com/pE1CuGQZ8p Branislav Petrušević Petrući Početkom novembra oprostili smo se od glumca Branislava Petruševića Petrućija, koji je preminuo u 64. godini u svom domu. Supruga Nada je poslednje minute Petrućijevog života provela u nadi da će uspeti da mu spase život. Petrući je svoju karijeru započeo na radiju, u radijskom programu Indeksovo radio pozorište, gde je zajedno s kolegama stvarao zabavni program. Samo trening ! 💪😀#pinkovezvezde #rtvpink #zadruga2 A post shared by  Marko Petrusevic Petruci (@marko_petrusevic_petruci) on Jan 11, 2019 at 12:23am PST Zoran Rankić Televizijski i pozorišni glumac, književnik i aforističar Zoran Rankić preminuo je u 85. godini u Beogradu, posle duge i teške bolesti. U javnosti će najviše ostati upamćen kao Nikola Kalabić u seriji "Poslednji čin" i čuveni Popara iz "Srećnih ljudi". Ostvario je brojne uloge u filmovima i teatru. Igrao je u filmu Zdravka Šotre "Neprijatelj naroda", filmovima "Klopka za generala", "Peta kolona", "Zakletva". Na sceni BDP-a odigrane su njegove drame "Skretnica" i "Kalemegdanci", i to u njegovoj režiji. Poslednjih godina ostvario je manje uloge u serijama "Ljubav, navika, panika", "Bela lađa", "Moj rođak sa sela". A post shared by Zoran Rankic (@zoran_rankic) on Jul 23, 2017 at 4:50am PDT Dalibor Andonov Gru Slavni srpski reper Dalibor Andonov, poznatiji pod imenom Gru, poginuo je u Zemunu nakon što je prilikom vožnje kajta upao u vodu. Prvi album Da li imaš pravo je snimio 1995. godine. Popularnost dobija pesmom Biću tu. Rep album pod nazivom Gru 2 izdao je 1996. godine, sa njega su pesme Petak, Srce, Dosta mi je svega postale veliki hitovi. Poslednji album The Ultimate Collection izdao je 2009. godine, posle čega i nekoliko singlova. Radio je i kao di-džej. Sarađivao je sa brojnim muzičarima među kojima su Ajs Nigrutin, Tijana Dapčević, „Del arno bend“, Marčelo, „Bajaga i instruktori“, „Montenigers“, Vasil Hadžimanov. A post shared by  DALIBOR ANDONOV ~ GRU (@gru.fanpage) on Jul 11, 2018 at 6:06am PDT Šaban Šaulić Pevač narodne muzike Šaban Šaulić poginuo je u teškoj saobraćajnoj nesreći u Nemačkoj. Brojnim hitovima narodne muzike sedamdesetih i osamdesetih godina prošlog veka stekao je veliku popularnost u regionu. U toku bogate karijere od publike i od medija dobio je nadimak "kralj narodne muzike". Radio je i kao muzički producent. U bogatoj karijeri započetoj 1969. godine, sa 18 godina, Šaulić je otpevao brojne pesme koje su postale hitovi - između ostalih, "Gordana", koju je posvetio supruzi, kao i pesme "Dođi da ostarimo zajedno", "Dva galeba bela", "Uvenuće narcis beli", "Sine", "Danima te čekam", "Snežana", "Odlaziš, odlaziš" i druge. Sa velikim bolom i neizmernom tugom obavestavamo vas da je danas prestalo da kuca veliko srce i da je utihnuo najlepsi glas regiona kada nas je napustio suprug, otac, deda, kum i prijatelj Saban Saulic. Ljubav kojom je nesebicno darivao sve oko sebe utkao je i u svoje pesme i nasa zelja je da tako ostane i upamcen, kao veliki umetnik, neponovljivi pevac ali pre svega divan covek! Porodica Saulic se zahvaljuje svima na izrazima saucesca i molimo javnost da i u ovim teskim trenucima dostojanstveno sacuvamo uspomenu na Sabana. A post shared by  Saban Saulic (@sabanofficial) on Feb 17, 2019 at 5:16am PST Marko Nikolić  Glumac Marko Nikolić preminuo je u 73. godini u KBC "Zvezdara" Član Narodnog pozorišta postao je 1970. godine. Igrao je u pozorištu, filmu i na televiziji. Televizijsku slavu je stekao glavnom ulogom u TV seriji "Bolji život" (1987, 1990), kao i ulogom Karađorđa, u nekoliko TV drama i u seriji Vuk Karadžić. Nikolić je bio najpoznatiji po ulozi Dragiše Popadića, zvanog Giga Moravac, iz serije "Bolji život". Ostvario je niz antologijskih uloga u pozorištu, na televiziji i filmovima, od "Devojačkog mosta", "Užičke republike", "Petrijinog venca" , "Dnevnika uvrede 1993", "Montevideo, bog te video", "Za kralja i otadžbinu"... Dobitnik je nagrade "Pavle Vuisić" za izuzetan doprinos umetnosti glume na domaćem filmu i mnoštva drugih nagrada. Legendarni glumac Marko Nikolić napustio nas je u 73. godini života, a za sobom je ostavio neizbrisiv trag, veliki broj uloga po kojima će biti upamćen. Gigo hvala na svemu, počivajte u miru, a mi vas nikada nećemo zaboraviti. #srbijadanas #srbija #markonikolic #glumac #legenda #2019 A post shared by  srbijadanas.com (@srbijadanas) on Jan 3, 2019 at 1:39am PST Miodrag Radovanović Mrgud On je ostvario čitav niz rola na sceni Jugoslovenskog dramskog pozorišta, čiji je bio član, a igrao je i u drugim teatrima. Na malim i velikim ekranima ostvario je 154 uloge, među kojima su Šicer u seriji "Salaš u malom ritu", Komandant Libek u "Balkan ekspresu", Nikola Pašić u "Kolubarskoj bici" i Spiridon u "Boju na Kosovu". Juče je u Beogradu preminuo Miodrag Radovanović, član Jugoslovenskog dramskog pozorišta od 1955. godine. Miodrag Radovanović Mrgud je rođen 1929. godine u Čačku. Diplomirao je glumu na Akademiji za pozorište, radio, film i televiziju 1956. godine u klasi profesora Mate Miloševića. U Jugoslovenskom dramskom pozorištu, čiji je saradnik, a ubrzo i član postao sredinom pedesetih godina odigravši 106 uloga, nastupio je u nekim od najznačajnijih predstava poput: Romeo i Julija u režije Mate Miloševića, Otkriće po deobama Dobrice Ćosića (režija Mata Milošević i Predrag Bajčetić), Sartrove Prljave ruke u režiji Bore Draškovića, Hrvatski Faust režija Slobodan Unkovski, Rodoljupci u režiji Dejana Mijača (1986), Buđenje proleća reditelja Harisa Pašovića. Za niz uloga u predstavi koja je snažno obeležila pozorišni trenutak u ondašnjoj Jugoslaviji, Veseli dani ili Tarelkinova smrt u režiji Branka Pleše, sa ostalim članovima ansambla trijumfovao je na beogradskom Bitefu, u to doba prestižnom festivalu Teatar nacija u Nansiju i na festivalu MESS u Sarajevu na kome je Radovanović nagrađen Zlatnim lovorovim vijencem. Tri uloge u jednoj od najdugovečnijih predstava JDP-a, Mletački trgovac u režiji Egona Savina, donela mu je nagradu Ardalion na Jugoslovenskom pozorišnom festivalu „Bez prevoda” u Užicu. Svojim pozorišnim opusom Miodrag Radovanović spojio je sve generacije umetnika od osnivanja ovog pozorišta do danas. Igrao je i u ostalim beogradskim pozorištima kao i na neformalnim dramskim scenama. Bavio se pedagoškim radom kao asistent na FDU kod profesora Mate Miloševića i predavao glumu u Baletskoj školi „Lujo Davičo”. Na filmu i televiziji je odigrao više od 150 uloga. Veliku popularnost stekao je ulogom Šicera u televizijskoj seriji Salaš u malom ritu, a za istoimeni film dobio je nagradu Srebrna arena na filmskom festivalu u Puli i Veliku povelju Festivala glumačkih ostvarenja u Nišu, kao i titulu “glumca godine” po izboru čitalaca TV Revije. Igrao je u preko 500 radio drama. Nosilac je nekih od najviših društvenih priznanja poput Vukove nagrade i Ordena zasluga za narod sa zlatnom zvezdom. Datum sahrane i komemoracije biće naknadno objavljeni. A post shared by  jdp (@jdpbgd) on Jan 15, 2019 at 7:32am PST Nikola Hajdin Inženjer građevinarstva, rođen u gradu Vrbovsko 1923. godine, za dopisnog člana SANU izabran je 1970, a za redovnog 1976. godine. Potpredsednik SANU bio je od 1994. do 2003, a predsednik u tri mandata - od 2003. do 2015. godine. Bio je profesor Građevinskog fakulteta u Beogradu, gostujući profesor na Saveznoj visokoj školi (ETN) u Cirihu, gost-naučnik Švajcarskog udruženja za čelične konstrukcije."Bio je veliki mostograditelj, van Akademije i u samoj Akademiji", istakli su iz SANU. Zoran Hristić Čuveni srpski kompozitor Zoran Hristić preminuo je u 82. godini u Beogradu. Opus Zorana Hristića obuhvata solistička, kamerna, vokalno-instrumentalna dela, balete, muziku za pozorište, film i televiziju i radiofonska ostvarenja. Dobitnik je više domaćih i međunarodnih nagrada, među kojima i nagrade za životno delo Mali princ. Laureat je i dve Sterijine nagrade za scensku i dve Zlatne arene za filmsku muziku. Komponovao je muziku i za otvaranje Olimpijskih igara u Sarajevu. Dušan Makavejev Dušan Makavejev Jedan je od osnivača filmskog crnog talasa, filmova kojima je kritikovao trulo društvo, kako komunističko, tako i kapitalističko: "Parada" (1962), "Čovek nije tica", "Ljubavni slučaj illi tragedija službenice PTT" (1967), "Nevinost bez zaštite" (1968), "Nedostaje mi Sonja Heni" (1972), "Sweet Movie" (1973), "Gorila se kupa u podne" (1993)... After MoMA's "Concrete Utopia", it is time for a comprehensive restrospective of the Yugoslav Black Wave cinematography, subversive art which was the best example of concrete cinematic utopia #Makavejevhttps://t.co/ZYVQZNwwPJ Dobrilo Nenadić Nenadić je rođen u Vigoštu, u Arilju, gde će sutra biti sahranjen u 14 časova, preneo je RTS. Književni ugled stekao je već svojim prvim romanom "Dorotej", po kom je snimljen i film. Posle toga, objavio je i romane "Kiša", "Vreva", "Poplava", "Despot i žrtva", "Brajan", "Sablja grofa Vronskog", "Pobednici", "Mrzovolja kneza Bizmarka", "Hermelin", "U senci crne smrti". Petar Omčikus Akademik SANU slikar Petar Omčikus preminuo je u 93. godini. Odlazak velikog Umetnika, Slikara i Čoveka. Petar Omčikus (1926-2019) 1.Kritičari,1979, ulje na platnu,215x133 2.Ribari,1992, ulje na platnu, 195x130 3.Ruševine zadra, 1947, ulje na platnu, 62x50 A post shared by  Dana MAAR (@danamaar) on Apr 27, 2019 at 12:58am PDT Rođen je 1926. godine u Sušaku kod Rijeke. Otac mu je bio podoficir u austrijskoj vojci, a kasnije državni službenik i porodica Omčikus je promenila nekoliko mesta službovanja u Kraljevini Jugoslaviji, od 1937. živeli su u Beogradu. Te godine Petar je započeo učenje slikarstva. Grozdana Olujić Grozdana Oluijić rođena je 1934. u Erdeviku, gimnaziju je završila u Bečeju, a diplomirala je i magistrirala engleski jezik i književnost na Filološkom fakultetu u Beogradu. Prvi roman, "Izlet u nebo", objavila je 1958, a usledili su "Glasam za ljubav" (1963), "Ne budi zaspale pse" (1964), "Divlje seme" (1967), "Glasovi u vetru" i "Preživeti do sutra" (2017).</article-text-transliterated><comment-list /></article><comments><comment-count>0</comment-count></comments></document>