<document global_id="sr-08-79"><url>https://www.srbijadanas.com/vesti/region/moze-da-ubije-dete-ako-vas-malisan-ima-ovu-igracku-odmah-je-vratite-u-prodavnicu-balkan-pun-opasnih-2019-12-03</url><source-id>08</source-id><local-id>79</local-id><source-name>srbijadanas</source-name><article><article-title>MOŽE DA UBIJE DETE! Ako vaša deca imaju OVU IGRAČKU, odmah je vratite u PRODAVNICU! Balkan pun opasnih igračkica! </article-title><article-time>2019-12-03</article-time><article-author>Srbija Danas/Blic</article-author><article-text> Sa tržišta Bosne i Hercegovine povučena je mekana punjena igračka sa šlјokicama "Shimmeez", jer predstavlja rizik od gušenja pošto se sitni delovi, odnosno, šljokice, mogu lako odvojiti od igračke, pa ih dete može staviti u usta. Igračka je poreklom iz Kine, saopšteno je iz Agencije za nadzor nad tržištem BiH. Sa domaćeg tržišta povučena su i dva modela plutajućeg pomagala sa sedištem za decu, takođe poreklom iz Kine. Ovi proizvodi predstavljaju ozbiljan rizik od utapanja, jer imaju samo jednu komoru za naduvavanje. Pored toga, odgovarajuće informacije i upozorenja nisu napisane na jednom od službenih jezika u BiH, a nisu navedene ni informacije za potrošače na pakovanju. Za jedan proizvod uvoznik je preduzeo mere povlačenja sa tržišta, povrata od potrošača i uništavanja nesigurne igračke, dok je za drugi naređeno povlačenje sa tržišta i uništavanje.</article-text><article-text-transliterated> Sa tržišta Bosne i Hercegovine povučena je mekana punjena igračka sa šljokicama "Shimmeez", jer predstavlja rizik od gušenja pošto se sitni delovi, odnosno, šljokice, mogu lako odvojiti od igračke, pa ih dete može staviti u usta. Igračka je poreklom iz Kine, saopšteno je iz Agencije za nadzor nad tržištem BiH. Sa domaćeg tržišta povučena su i dva modela plutajućeg pomagala sa sedištem za decu, takođe poreklom iz Kine. Ovi proizvodi predstavljaju ozbiljan rizik od utapanja, jer imaju samo jednu komoru za naduvavanje. Pored toga, odgovarajuće informacije i upozorenja nisu napisane na jednom od službenih jezika u BiH, a nisu navedene ni informacije za potrošače na pakovanju. Za jedan proizvod uvoznik je preduzeo mere povlačenja sa tržišta, povrata od potrošača i uništavanja nesigurne igračke, dok je za drugi naređeno povlačenje sa tržišta i uništavanje.</article-text-transliterated><comment-list /></article><comments><comment-count>0</comment-count></comments></document>