<document global_id="sr-08-296"><url>https://www.srbijadanas.com/sport/kosarka/bas-se-potrudio-evo-sta-je-sve-matijas-lesor-morao-da-uradi-da-nauci-pesmu-delije-video-2018-04-04</url><source-id>08</source-id><local-id>296</local-id><source-name>srbijadanas</source-name><article><article-title>BAŠ SE POTRUDIO: Evo šta je sve Matijas Lesor MORAO da uradi da NAUČI pesmu Delija! (VIDEO) </article-title><article-time>2018-04-04</article-time><article-author>Srbija Danas</article-author><article-text> Posle pobede nad Mornarom, košarkaši Crvene zvezde okrenuli su se finalnom okršaju ABA lige. U prvom meču na pohodu ka odbrani pehara, izabranici Dušana Alimpijevića dočekuju podgoričku Budućnost, koja ih je oba puta savladala u ligaškom delu. @thiaslsf je prilično dobro savladao srpski jezik, a u novoj epizodi #BCCrvenazvezdaMATEs serijala, sa @ognjen.dobric je savladao neke nove reči, kako bi mogao da nauči popularnu pesmu Zvezdinih navijača. Pogledajte kako je to izgledalo :) #HuaweiMate10Pro #WeAreTheTeam #kkcz #Huawei A post shared by  KK Crvena zvezda mts (@crvenazvezdakk) on Apr 4, 2018 at 4:17am PDT U pauzi između treninga, Ognjen Dobrić je rešio da propita srpski jezik saigrača Matijasa Lesora. Francuski centar pokazao se odličnom znalcem, pa je na Dobrićevo pitanje koje reči zna, u dahu odgovorio: Da li znaš "ajde brate", upitao je Ognjen Francuza? A onda je na red došlo učenje Zvezdine pesme "pobeda želja naša, titula radost naša". I tu je Lesor pokazao besprekorno baratanje srpskim jezikom što je oduševilo Dobrića. Sve najnovije sportske vesti možete da pročitate OVDE.</article-text><article-text-transliterated> Posle pobede nad Mornarom, košarkaši Crvene zvezde okrenuli su se finalnom okršaju ABA lige. U prvom meču na pohodu ka odbrani pehara, izabranici Dušana Alimpijevića dočekuju podgoričku Budućnost, koja ih je oba puta savladala u ligaškom delu. @thiaslsf je prilično dobro savladao srpski jezik, a u novoj epizodi #BCCrvenazvezdaMATEs serijala, sa @ognjen.dobric je savladao neke nove reči, kako bi mogao da nauči popularnu pesmu Zvezdinih navijača. Pogledajte kako je to izgledalo :) #HuaweiMate10Pro #WeAreTheTeam #kkcz #Huawei A post shared by  KK Crvena zvezda mts (@crvenazvezdakk) on Apr 4, 2018 at 4:17am PDT U pauzi između treninga, Ognjen Dobrić je rešio da propita srpski jezik saigrača Matijasa Lesora. Francuski centar pokazao se odličnom znalcem, pa je na Dobrićevo pitanje koje reči zna, u dahu odgovorio: Da li znaš "ajde brate", upitao je Ognjen Francuza? A onda je na red došlo učenje Zvezdine pesme "pobeda želja naša, titula radost naša". I tu je Lesor pokazao besprekorno baratanje srpskim jezikom što je oduševilo Dobrića. Sve najnovije sportske vesti možete da pročitate OVDE.</article-text-transliterated><comment-list /></article><comments><comment-count>0</comment-count></comments></document>