<document global_id="sr-08-255"><url>https://www.srbijadanas.com/vesti/beogradski-izbori/srpska-liga-nikad-zesce-ko-o-cemu-obradovic-i-radulovic-o-postenju-2018-02-28</url><source-id>08</source-id><local-id>255</local-id><source-name>srbijadanas</source-name><article><article-title>SRPSKA LIGA NIKAD ŽEŠĆE: Ko o čemu, Obradović i Radulović o poštenju! </article-title><article-time>2018-02-28</article-time><article-author>Srbija Danas</article-author><article-text> Savez DJB i Dveri očiti je primer interesne hibridne koalicije čiji je cilj samo osvajanje vlasti, a ne briga o potrebama građana Beograda, zato je takva "komunalna veza" unapred osuđena na propast jer je narodu preko glave takvih političara – izjavio je Aleksandar Đurđev, predsednik Srpske lige, dodajući da obe stranke, i DJB i Dveri imaju problem da objasne i svojim simpatizerima, kako to na primer, Dveri kao navodno porodični srpski "pokret" nisu u pronašli zajednički jezik sa sebi bliskim stranakama i pokretima, poput DSS, Istočne alternative i Zavetnicima već sa voajerima i globalistima koji se zalažu za "prava višedetnih gej brakova" i čiji poslanici tokom sednica u Narodnom parlamentu pomno prate porno sadržaje, a ne ozbiljne rasprave koje se tiču budućnosti Srbije. Koliko su njihova predizborna obećanja smešna i ništavna najbolje pokazuju kontradiktorne tvrdnje ove dvojice političara koji se zalažu za nešto u što i sami ne veruju, Radulović podržava besplatnu užinu u školama iako je svojevremeno tvrdio da nema besplatnog ručka, želi da se objave svi tajni ugovori, a javnosti ih nije pokazao kada je bio ministar privrede, priča o zabrani partijskog zapošljavanja a nije se bunio kada su partije na vlasti izabrale stečajne upravnike - kaže Đurđev i pojašnjava da je Obradović takođe podvojena ličnost i da ne izazivaju konfuziju dva čoveka sa istim prezimenom, nego jedan te isti čovek sa dve politike, Boško iz 2012. i Boško iz 2018. godine. Birači su odavno zbunjeni jer kada su na prošlim izborima glasali za Dveri, u stvari su glasali za DJB, a sada bi trebalo da taj isti Boško odgovori narodu na pitanja: da li će mu koalicija sa Sašom Radulovićem otvoriti mogućnost učestvovanja u nekom od liderskih programa, spozorisanih od strane USAID i NED, i kako se kao javno deklarisani nacionalista oseća u koaliciji sa savetnikom ambasade SAD, pa sada kada god izgovori "ti korumpirani političari", to ima naročitu težinu, budući da se do sada uglavnom bavio branjem pamuka i radom u rudniku azbesta - zaključuje Aleksandar Đurđev.</article-text><article-text-transliterated> Savez DJB i Dveri očiti je primer interesne hibridne koalicije čiji je cilj samo osvajanje vlasti, a ne briga o potrebama građana Beograda, zato je takva "komunalna veza" unapred osuđena na propast jer je narodu preko glave takvih političara – izjavio je Aleksandar Đurđev, predsednik Srpske lige, dodajući da obe stranke, i DJB i Dveri imaju problem da objasne i svojim simpatizerima, kako to na primer, Dveri kao navodno porodični srpski "pokret" nisu u pronašli zajednički jezik sa sebi bliskim stranakama i pokretima, poput DSS, Istočne alternative i Zavetnicima već sa voajerima i globalistima koji se zalažu za "prava višedetnih gej brakova" i čiji poslanici tokom sednica u Narodnom parlamentu pomno prate porno sadržaje, a ne ozbiljne rasprave koje se tiču budućnosti Srbije. Koliko su njihova predizborna obećanja smešna i ništavna najbolje pokazuju kontradiktorne tvrdnje ove dvojice političara koji se zalažu za nešto u što i sami ne veruju, Radulović podržava besplatnu užinu u školama iako je svojevremeno tvrdio da nema besplatnog ručka, želi da se objave svi tajni ugovori, a javnosti ih nije pokazao kada je bio ministar privrede, priča o zabrani partijskog zapošljavanja a nije se bunio kada su partije na vlasti izabrale stečajne upravnike - kaže Đurđev i pojašnjava da je Obradović takođe podvojena ličnost i da ne izazivaju konfuziju dva čoveka sa istim prezimenom, nego jedan te isti čovek sa dve politike, Boško iz 2012. i Boško iz 2018. godine. Birači su odavno zbunjeni jer kada su na prošlim izborima glasali za Dveri, u stvari su glasali za DJB, a sada bi trebalo da taj isti Boško odgovori narodu na pitanja: da li će mu koalicija sa Sašom Radulovićem otvoriti mogućnost učestvovanja u nekom od liderskih programa, spozorisanih od strane USAID i NED, i kako se kao javno deklarisani nacionalista oseća u koaliciji sa savetnikom ambasade SAD, pa sada kada god izgovori "ti korumpirani političari", to ima naročitu težinu, budući da se do sada uglavnom bavio branjem pamuka i radom u rudniku azbesta - zaključuje Aleksandar Đurđev.</article-text-transliterated><comment-list /></article><comments><comment-count>0</comment-count></comments></document>