<document global_id="sr-08-45"><url>https://www.srbijadanas.com/biz/obrazovanje/drasticne-promene-u-skolstvu-jednosmenska-nastava-produzeni-boravak-i-besplatni-casovi-stranih-2020-02-05</url><source-id>08</source-id><local-id>45</local-id><source-name>srbijadanas</source-name><article><article-title>VELIKE PROMENE U ŠKOLSTVU: Nastava u jednoj smeni, a posle časova BESPLATNI PROGRAMI </article-title><article-time>2020-02-05</article-time><article-author>SrbijaDanas/Kurir</article-author><article-text> Mnogi srednjoškolci će od 1. septembra, s početkom nove školske godine, nastavu pohađati samo u jednoj smeni, nakon koje će im biti obezbeđen produženi boravak u školi sa besplatnim časovima stranih jezika, sporta, računarstva ili umetnosti. Ovo je najavio ministar prosvete Mladen Šarčević i dodao da je reč o pilot-projektu obogaćenog jednosmenskog rada u srednjim školama, a prema ugledu na koncept jednosmenske nastave koji od prošle godine funkcioniše u 204 osnovne škole u Srbiji. Resorno ministarstvo trenutno analizira koliko srednjih škola je spremno da uđe u ovaj koncept, koji predviđa da učenici na časove idu samo u jednoj smeni, a da u školi ostaju posle nastave, gde će im biti ponuđene dodatne aktivnosti. Ministar prosvete je dodao da će biti povećan broj osnovnih škola koje će se uključiti u program obogaćenog jednosmenskog rada. OŠ "Mića Stojković", UmčariOŠ "Milan Rakić", Novi BeogradOŠ "Jovan Cvijić", BeogradOŠ "Braća Baruh", BeogradOŠ "Mihajlo Pupin", IdvorOŠ "Slavko Rodić", Banatsko Veliko SeloOŠ "Ivo Lola Ribar", AleksandrovacOŠ "Dositej Obradović", VrbaOŠ "Mladost", VrnjciOŠ "Sveti Sava", BatočinaOŠ "Sreten Mladenović Mika", NišOŠ "Radoje Domanović", ParaćinOŠ "Arsenije Loma", RudnikOŠ "22. decembar", Donja TrepčaOŠ "Miroslav Antić", ČonopljaOŠ "Jovan Šerbanović", KrepoljinOŠ "Nadežda Petrović", Velika PlanaOŠ "Sveti Sava", PambukovicaOŠ "Dositej Obradović", VolujacOŠ "1. maj", VrtogošOŠ "Vuk Karadžić", LebaneOŠ "Veljko Vlahović", Novi SadOŠ "Sremski front", ŠidOŠ "Dušan Tomašević Ćirko", Velika ŽupaOŠ "Slobodan Sekulić", UžiceOŠ "Desanka Maksimović", Kosovska KamenicaOŠ "Vuk Karadžić", Donji Milanovac Valentina Panđaitan, direktorka OŠ "Jovan Cvijić" u Beogradu, koja je veoma uspešno primenila jednosmensku nastavu, ističe da ovaj koncept utiče na smanjenje vršnjačkog nasilja, na stvaranje empatije i razvijanje timskog rada. Izdvojila se i OŠ "Mića Stojković" u Umčarima, čiji direktor Vladimir Bokić navodi da su roditelji shvatili značaj ovog koncepta koji omogućava njihovoj deci da na kvalitetan način provedu svoje slobodno vreme, da dobiju pomoć u savladavanju gradiva, prošire znanja, rade na fizičkom zdravlju i rekreaciji, kao i na razvijanju kreativnosti i preduzetničkog duha.</article-text><article-text-transliterated> Mnogi srednjoškolci će od 1. septembra, s početkom nove školske godine, nastavu pohađati samo u jednoj smeni, nakon koje će im biti obezbeđen produženi boravak u školi sa besplatnim časovima stranih jezika, sporta, računarstva ili umetnosti. Ovo je najavio ministar prosvete Mladen Šarčević i dodao da je reč o pilot-projektu obogaćenog jednosmenskog rada u srednjim školama, a prema ugledu na koncept jednosmenske nastave koji od prošle godine funkcioniše u 204 osnovne škole u Srbiji. Resorno ministarstvo trenutno analizira koliko srednjih škola je spremno da uđe u ovaj koncept, koji predviđa da učenici na časove idu samo u jednoj smeni, a da u školi ostaju posle nastave, gde će im biti ponuđene dodatne aktivnosti. Ministar prosvete je dodao da će biti povećan broj osnovnih škola koje će se uključiti u program obogaćenog jednosmenskog rada. OŠ "Mića Stojković", UmčariOŠ "Milan Rakić", Novi BeogradOŠ "Jovan Cvijić", BeogradOŠ "Braća Baruh", BeogradOŠ "Mihajlo Pupin", IdvorOŠ "Slavko Rodić", Banatsko Veliko SeloOŠ "Ivo Lola Ribar", AleksandrovacOŠ "Dositej Obradović", VrbaOŠ "Mladost", VrnjciOŠ "Sveti Sava", BatočinaOŠ "Sreten Mladenović Mika", NišOŠ "Radoje Domanović", ParaćinOŠ "Arsenije Loma", RudnikOŠ "22. decembar", Donja TrepčaOŠ "Miroslav Antić", ČonopljaOŠ "Jovan Šerbanović", KrepoljinOŠ "Nadežda Petrović", Velika PlanaOŠ "Sveti Sava", PambukovicaOŠ "Dositej Obradović", VolujacOŠ "1. maj", VrtogošOŠ "Vuk Karadžić", LebaneOŠ "Veljko Vlahović", Novi SadOŠ "Sremski front", ŠidOŠ "Dušan Tomašević Ćirko", Velika ŽupaOŠ "Slobodan Sekulić", UžiceOŠ "Desanka Maksimović", Kosovska KamenicaOŠ "Vuk Karadžić", Donji Milanovac Valentina Panđaitan, direktorka OŠ "Jovan Cvijić" u Beogradu, koja je veoma uspešno primenila jednosmensku nastavu, ističe da ovaj koncept utiče na smanjenje vršnjačkog nasilja, na stvaranje empatije i razvijanje timskog rada. Izdvojila se i OŠ "Mića Stojković" u Umčarima, čiji direktor Vladimir Bokić navodi da su roditelji shvatili značaj ovog koncepta koji omogućava njihovoj deci da na kvalitetan način provedu svoje slobodno vreme, da dobiju pomoć u savladavanju gradiva, prošire znanja, rade na fizičkom zdravlju i rekreaciji, kao i na razvijanju kreativnosti i preduzetničkog duha.</article-text-transliterated><comment-list><comments comment-id="1"><comment-parent-id>empty</comment-parent-id><comment-text>Sta ce vam deca kod kuce.. 
..nego..treba poraditi na tome da svaka skola dobije spavaonice.</comment-text><comment-text-transliterated>Sta ce vam deca kod kuce.. 
..nego..treba poraditi na tome da svaka skola dobije spavaonice.</comment-text-transliterated></comments></comment-list></article><comments><comment-count>1</comment-count></comments></document>