<document global_id="sr-08-63"><url>https://www.srbijadanas.com/sport/fudbal/moderan-stadion-lider-prve-lige-otkrio-kako-ce-izgledati-velelepno-igraliste-2019-12-22</url><source-id>08</source-id><local-id>63</local-id><source-name>srbijadanas</source-name><article><article-title>MODERAN STADION: Lider PRVE lige OTKRIO kako će IZGLEDATI velelepno igralište </article-title><article-time>2019-12-22</article-time><article-author>Srbija Danas</article-author><article-text> Fudbalski klub Grafičar, trenutno lider Prve lige Srbije, mogao bi uskoro da dobije novi stadion koji će biti izgrađen na mestu trenutnog! Maketa za stadion koji bi primao 3.500 gledalaca je već urađena i sudeći po fotografijama Grafosi će dobiti moderan evropski stadion. Očekivani početak radova za novi stadion tima koji ima poslovno-tehničku saradnju sa Crvenom zvezdom, planiran je za godinu dana. Za sada, urađen je samo potporni zid i neki manji radovi.  U sklopu stadiona planirana su i akreditovana akademija i hotel, gde bi mladi igrači mogli da sutdiraju, treniraju, hrane se pravilno. Pored fudbala, psihologije, anatomije i stranih jezika imali bi i časove kuvanja i zdravog načina života. Akademija bi ujedno služila i za obrazovanje i stvaranje ambicioznih, posvećenih i profesionalnih sportskih radnika. Pored akademije i svih sportskih sadržaja (svlačionica, terena, VIP loža ) i ostalih sadržaja po UEFA i FIFA standardima koji ispunjavanju sve uslove čak i evropskih takmičenja, u planu je i izgradnja komercijalnog objekta koji bi bio u fukciji sporta, odnosno kluba. Pogledajte kako izgleda Dragana Rukavina, supruga reprezentativca Srbije Antonia </article-text><article-text-transliterated> Fudbalski klub Grafičar, trenutno lider Prve lige Srbije, mogao bi uskoro da dobije novi stadion koji će biti izgrađen na mestu trenutnog! Maketa za stadion koji bi primao 3.500 gledalaca je već urađena i sudeći po fotografijama Grafosi će dobiti moderan evropski stadion. Očekivani početak radova za novi stadion tima koji ima poslovno-tehničku saradnju sa Crvenom zvezdom, planiran je za godinu dana. Za sada, urađen je samo potporni zid i neki manji radovi. U sklopu stadiona planirana su i akreditovana akademija i hotel, gde bi mladi igrači mogli da sutdiraju, treniraju, hrane se pravilno. Pored fudbala, psihologije, anatomije i stranih jezika imali bi i časove kuvanja i zdravog načina života. Akademija bi ujedno služila i za obrazovanje i stvaranje ambicioznih, posvećenih i profesionalnih sportskih radnika. Pored akademije i svih sportskih sadržaja (svlačionica, terena, VIP loža ) i ostalih sadržaja po UEFA i FIFA standardima koji ispunjavanju sve uslove čak i evropskih takmičenja, u planu je i izgradnja komercijalnog objekta koji bi bio u fukciji sporta, odnosno kluba. Pogledajte kako izgleda Dragana Rukavina, supruga reprezentativca Srbije Antonia 
</article-text-transliterated><comment-list /></article><comments><comment-count>0</comment-count></comments></document>