<document global_id="sr-08-81"><url>https://www.srbijadanas.com/vip/vip/ovo-je-sestra-tamare-duric-i-ona-je-cesto-isla-kod-plasticnog-hirurga-foto-2019-11-30</url><source-id>08</source-id><local-id>81</local-id><source-name>srbijadanas</source-name><article><article-title>OVO JE SESTRA TAMARE ĐURIĆ! I ona je često išla kod plastičnog hirurga! (FOTO) </article-title><article-time>2019-11-30</article-time><article-author>Srbija Danas</article-author><article-text> Starleta i učesnica rijalitija Tamara Đurić stekla je naklonost publike zbog svog britkog jezika. Kako je u njenom životu sve moguće, a dodatni dokaz samopouzdanja koje je krasi doprinosi činjenica da se slavna klaberka potpisuje kao starleta, voditeljka i pevačica. Kako je javnost iznenađivala svojim ponašanjem dok je boravila u "Farmi" tako je nastavila i nakon poznatog rijalitija. Tamara je iskoristila svoju popularnost pa je jedno vreme bila željno viđen gost u velikom broju emisija jer je njeno prisustvo nesumnjivo doprinosila gledanosti. Aleksandra Đurić, sestra Tamare Đurić. pic.twitter.com/vf7AB2UWH4 — babura velika (@BaburaVelika) November 30, 2019 S druge strane nikad nije krile, jer je i više nego očigledno da je pristalica plastične hirurgije ali je jedan nepromišljeni potez mogao koštati života. Naime Tamara se odlučila da ugradi implante u zadnjicu ali se operacija iskomplikovala pa je jedno vreme bila hospitalizovana. Nakon što je preživela najgori period u svom životu odlučila je i to da podeli sa javnošću kako bi upozorila mlade devojke.Tom prilikom prvi put u javnosti smo videli njenu rođenu sestru koja joj je pružila nesebičnu podršku. Aleksandra Đurić poznatija kao Acka je mlađa Tamarina sestra i neodoljivo podseća na nju. Izuzetno su vezane ali razdvojene s obzirom na to da za razliku od Tamare, Aleksandra još živi sa roditeljima u Smederevskoj Palanci. Nije zainteresovana za javno eksponiranje ali kada je lepota u pitanju ni malo ne zaostaje za starijom sestrom i bez sumnje bi napravila ozbiljnu karijeru. Aleksandra je u emisiji kod Rade Radenović priznala da je i ona posećivala plastičara, međutim Đurićeva je bila umerena u tome, za razliku od svoje sestre! "Odrekao se Lune i rođenog brata!" Besni RAT između Anabele i Đoleta, IZNELA sav PRLJAV veš, pa prešla i na Andreja! (VIDEO)</article-text><article-text-transliterated> Starleta i učesnica rijalitija Tamara Đurić stekla je naklonost publike zbog svog britkog jezika. Kako je u njenom životu sve moguće, a dodatni dokaz samopouzdanja koje je krasi doprinosi činjenica da se slavna klaberka potpisuje kao starleta, voditeljka i pevačica. Kako je javnost iznenađivala svojim ponašanjem dok je boravila u "Farmi" tako je nastavila i nakon poznatog rijalitija. Tamara je iskoristila svoju popularnost pa je jedno vreme bila željno viđen gost u velikom broju emisija jer je njeno prisustvo nesumnjivo doprinosila gledanosti. Aleksandra Đurić, sestra Tamare Đurić. pic.twitter.com/vf7AB2UWH4 — babura velika (@BaburaVelika) November 30, 2019 S druge strane nikad nije krile, jer je i više nego očigledno da je pristalica plastične hirurgije ali je jedan nepromišljeni potez mogao koštati života. Naime Tamara se odlučila da ugradi implante u zadnjicu ali se operacija iskomplikovala pa je jedno vreme bila hospitalizovana. Nakon što je preživela najgori period u svom životu odlučila je i to da podeli sa javnošću kako bi upozorila mlade devojke.Tom prilikom prvi put u javnosti smo videli njenu rođenu sestru koja joj je pružila nesebičnu podršku. Aleksandra Đurić poznatija kao Acka je mlađa Tamarina sestra i neodoljivo podseća na nju. Izuzetno su vezane ali razdvojene s obzirom na to da za razliku od Tamare, Aleksandra još živi sa roditeljima u Smederevskoj Palanci. Nije zainteresovana za javno eksponiranje ali kada je lepota u pitanju ni malo ne zaostaje za starijom sestrom i bez sumnje bi napravila ozbiljnu karijeru. Aleksandra je u emisiji kod Rade Radenović priznala da je i ona posećivala plastičara, međutim Đurićeva je bila umerena u tome, za razliku od svoje sestre! "Odrekao se Lune i rođenog brata!" Besni RAT između Anabele i Đoleta, IZNELA sav PRLJAV veš, pa prešla i na Andreja! (VIDEO)</article-text-transliterated><comment-list /></article><comments><comment-count>0</comment-count></comments></document>