<document global_id="sr-08-26"><url>https://www.srbijadanas.com/vip/vip/tera-decu-da-govore-srpski-poznati-holivudski-glumac-prihvatio-pravoslavlje-kada-se-ozenio-srpkinjom-2020-01-10</url><source-id>08</source-id><local-id>26</local-id><source-name>srbijadanas</source-name><article><article-title>TERA DECU DA GOVORE SRPSKI! Poznati HOLIVUDSKI glumac PRIHVATIO PRAVOSLAVLJE kada se oženio SRPKINJOM! </article-title><article-time>2020-01-10</article-time><article-author>Srbija Danas</article-author><article-text> Kristijan Bejli je trenutno jedan od najtraženijih glumaca Holivuda, a oženjen je ženom koja je po poreklu Srpkinja, a ime joj je Sisi Blažić, svojevremeno se bavila manekenstvom. A post shared by Christian Bale (@christianbale_) on Dec 30, 2019 at 9:57pm PST  Bejli je nakon braka sa njom primio pravoslavnu veru i danas njih dvoje zajedno sa decom slave pravoslavni Božić. Spekuliše se da se glumac zbog ovoga udaljio od svoje porodice, ali ne mari mnogo zbog ovoga već uživa u porodičnoj idili. On insistira da se u kući govori srpski jezik, a za Božić se poštuju svi običaji. A post shared by Christian Bale (@christianbale_) on Feb 24, 2019 at 8:54pm PST</article-text><article-text-transliterated> Kristijan Bejli je trenutno jedan od najtraženijih glumaca Holivuda, a oženjen je ženom koja je po poreklu Srpkinja, a ime joj je Sisi Blažić, svojevremeno se bavila manekenstvom. A post shared by Christian Bale (@christianbale_) on Dec 30, 2019 at 9:57pm PST  Bejli je nakon braka sa njom primio pravoslavnu veru i danas njih dvoje zajedno sa decom slave pravoslavni Božić. Spekuliše se da se glumac zbog ovoga udaljio od svoje porodice, ali ne mari mnogo zbog ovoga već uživa u porodičnoj idili. On insistira da se u kući govori srpski jezik, a za Božić se poštuju svi običaji. A post shared by Christian Bale (@christianbale_) on Feb 24, 2019 at 8:54pm PST</article-text-transliterated><comment-list /></article><comments><comment-count>0</comment-count></comments></document>