<document global_id="sr-08-256"><url>https://www.srbijadanas.com/vesti/region/makedonija-iznela-predloge-za-novo-ime-jedno-je-prenerazilo-albance-srbi-znaju-zasto-2018-02-27</url><source-id>08</source-id><local-id>256</local-id><source-name>srbijadanas</source-name><article><article-title>Makedonija iznela predloge za NOVO IME, jedno je prenerazilo Albance, a Srbi znaju zašto </article-title><article-time>2018-02-27</article-time><article-author>Tanjug</article-author><article-text> Makedonija je iznela četiri predloga za rešenje spora sa Grčkom oko imena, izjavio je danas makedonski premijer Zoran Zaev. Mesić ODBIO da bude počasni građanin Sarajeva On je potvrdno odgovorio na pitanje da li bi Grčka bila zadovoljna sa jednom od ovih opcija. Dodik upozorava: Srbe u dijaspori hoće da pretvore u Bosance, to NIKAKO ne sme proći Ime Vardarska Makedonija, međutim, moglo bi da bude problematično za Albance u toj zemlji, pisali su regionalni mediji kada se to ime prvi put pojavilo kao opcija. Tako se zvao deo Makedonije koji je pripao Bukureškim mirom iz 1913. godine Kraljevini Srbiji. Danas većina teritorije Vardarske Makedonije odgovara teritoriji Republike Makedonije (98,09%), dok se ostatak nalazi na teritoriji Republike Srbije (1,91%). To je posebno problematično za Albance, jer neke mape Vardarske Makedonije obuhvataju i delove Albanije. Prema rečeima makedonskog premijera, ostaje pitanje da li postoji "realna potreba" da se menja makedonski ustav, što je Grčka zatražila prethodnih meseci. Juče je grčki dnevnik "Katimerini" pod naslovom "Predlog sporazuma u sedam tačaka" objavio članak o tome kakvo rešenje Grčka predlaže za rešenje spora s Makedonijom. Dodik ponovo zapevao i oduševio sve (VIDEO) Ciprasov predlog u sedam tačaka se odnosi prvo na samo ime Makedonije, drugo je "obim korišćenja naziva", treće je jezik, četvrto "identitet", peto "komercijalna upotreba" naziva, šesto i sedmo su "skraćenice i akronimi". Makedonija je već poručila da se o identitetu i jeziku ne može pregovarati. List navodi da taj predlog može biti ili u celini prihvaćen ili odbačen, odnosno da se neće pregovarati o bilo kojem od pojedinačnih poitanja koja su razmatrana.</article-text><article-text-transliterated> Makedonija je iznela četiri predloga za rešenje spora sa Grčkom oko imena, izjavio je danas makedonski premijer Zoran Zaev. Mesić ODBIO da bude počasni građanin Sarajeva On je potvrdno odgovorio na pitanje da li bi Grčka bila zadovoljna sa jednom od ovih opcija. Dodik upozorava: Srbe u dijaspori hoće da pretvore u Bosance, to NIKAKO ne sme proći Ime Vardarska Makedonija, međutim, moglo bi da bude problematično za Albance u toj zemlji, pisali su regionalni mediji kada se to ime prvi put pojavilo kao opcija. Tako se zvao deo Makedonije koji je pripao Bukureškim mirom iz 1913. godine Kraljevini Srbiji. Danas većina teritorije Vardarske Makedonije odgovara teritoriji Republike Makedonije (98,09%), dok se ostatak nalazi na teritoriji Republike Srbije (1,91%). To je posebno problematično za Albance, jer neke mape Vardarske Makedonije obuhvataju i delove Albanije. Prema rečeima makedonskog premijera, ostaje pitanje da li postoji "realna potreba" da se menja makedonski ustav, što je Grčka zatražila prethodnih meseci. Juče je grčki dnevnik "Katimerini" pod naslovom "Predlog sporazuma u sedam tačaka" objavio članak o tome kakvo rešenje Grčka predlaže za rešenje spora s Makedonijom. Dodik ponovo zapevao i oduševio sve (VIDEO) Ciprasov predlog u sedam tačaka se odnosi prvo na samo ime Makedonije, drugo je "obim korišćenja naziva", treće je jezik, četvrto "identitet", peto "komercijalna upotreba" naziva, šesto i sedmo su "skraćenice i akronimi". Makedonija je već poručila da se o identitetu i jeziku ne može pregovarati. List navodi da taj predlog može biti ili u celini prihvaćen ili odbačen, odnosno da se neće pregovarati o bilo kojem od pojedinačnih poitanja koja su razmatrana.</article-text-transliterated><comment-list /></article><comments><comment-count>0</comment-count></comments></document>