<document global_id="sr-08-271"><url>https://www.srbijadanas.com/vesti/svet/tragedija-mesec-dana-pred-vencanje-ovo-je-verenik-tragicno-nastradale-mine-cerke-tajkuna-foto-2018-03-12</url><source-id>08</source-id><local-id>271</local-id><source-name>srbijadanas</source-name><article><article-title>TRAGEDIJA mesec dana pred venčanje: Ovo je verenik tragično nastradale Mine, ćerke tajkuna (FOTO) </article-title><article-time>2018-03-12</article-time><article-author>Srbija Danas/ Telegraf.rs</article-author><article-text> Verili su se u oktobru prošle godine, a venčanje je bilo zakazano za 14. april ove godine. Pročitajte i : U avionskoj nesreći koja se juče dogodila u Iranu, život je izgubila Mina Basaran, bogata naslednica porodice Basaran i kćerka tajkuna Husejina Basarana, koja je sredinom aprila trebalo da se uda za Murata Gezera, uspešnog biznismena takođe iz Istanbula. Turska štampa često je pisala o Mini i njenom vereniku Muratu, jer, oboje su bili mladi, bogati, vrlo uspešni u svojim poslovima i poznata lica turskog džet seta. Tako je bilo i u oktobru prošle godine, kada je upriličena velika zabava u hotelu "Soho House" u Istanbulu, kada se par verio. Trebalo je da se venčaju 14. aprila ove godine. Murat Gezer je vlasnik kompanije "Metprint Printing Systems" koja se bavi dizajnom i proizvodnjom metalne ambalaže, a posluje širom Evrope, Bliskog istoka i Afrike. Kako prenose turski mediji, Gezer tečno govori engleski i nemački jezik, a studirao je na na američkom Univerzitetu Inter Kontinental. Tragična nesreća koja se juče dogodila blizu Teherana, prekinula je sve planove mladog para o zajedničkom životu. Novi kabinet Angele Merkel: Deset novajlija, tri promene resora, samo dvoje ministara i šefica Vlade ostali su na svojim mestima Mina Basaran poginula je sa sedam drugarica, kad su se vraćale iz Dubaija gde su proslavljale njeno devojačko veče. Avion kojim su putovale, pripadao je Mininoj porodičnoj kompaniji. Život su izgubile i tri članice posade.</article-text><article-text-transliterated> Verili su se u oktobru prošle godine, a venčanje je bilo zakazano za 14. april ove godine. Pročitajte i : U avionskoj nesreći koja se juče dogodila u Iranu, život je izgubila Mina Basaran, bogata naslednica porodice Basaran i kćerka tajkuna Husejina Basarana, koja je sredinom aprila trebalo da se uda za Murata Gezera, uspešnog biznismena takođe iz Istanbula. Turska štampa često je pisala o Mini i njenom vereniku Muratu, jer, oboje su bili mladi, bogati, vrlo uspešni u svojim poslovima i poznata lica turskog džet seta. Tako je bilo i u oktobru prošle godine, kada je upriličena velika zabava u hotelu "Soho House" u Istanbulu, kada se par verio. Trebalo je da se venčaju 14. aprila ove godine. Murat Gezer je vlasnik kompanije "Metprint Printing Systems" koja se bavi dizajnom i proizvodnjom metalne ambalaže, a posluje širom Evrope, Bliskog istoka i Afrike. Kako prenose turski mediji, Gezer tečno govori engleski i nemački jezik, a studirao je na na američkom Univerzitetu Inter Kontinental. Tragična nesreća koja se juče dogodila blizu Teherana, prekinula je sve planove mladog para o zajedničkom životu. Novi kabinet Angele Merkel: Deset novajlija, tri promene resora, samo dvoje ministara i šefica Vlade ostali su na svojim mestima Mina Basaran poginula je sa sedam drugarica, kad su se vraćale iz Dubaija gde su proslavljale njeno devojačko veče. Avion kojim su putovale, pripadao je Mininoj porodičnoj kompaniji. Život su izgubile i tri članice posade.</article-text-transliterated><comment-list /></article><comments><comment-count>0</comment-count></comments></document>