<document global_id="sr-08-159"><url>https://www.srbijadanas.com/kultura/dogadjaji/sasa-2016-11-26</url><source-id>08</source-id><local-id>159</local-id><source-name>srbijadanas</source-name><article><article-title>POČELI 39.MASUKINI DANI: Velika Plana centar pozorišne kulture </article-title><article-time>2016-11-26</article-time><article-author>Dušan Marić</article-author><article-text> Muzičko-poetskim kabareom, u izvođenju prvaka Narodnog pozorišta u Beogradu Nebojše Dugalića, Borisa Pingovića, Nine Ćosić i Voje Savića, sinoć su u Velikoj Plani počeli 39. Masukini pozorišni dani.U sledeće dve nedelje, do 12.decembra, ljubitelji pozorišta moći će da u Centru za kulturu „Masuka“ u Velikoj Plani pogledaju deset predstava u okviru osnovnog i tri predstave u okviru dečijeg „matine programa“. Na repertoaru osnovnog programa su sledeće predstave: Masuka preveo „Romea i Juliju“ na srpski jezik Ova manifestacija održava se u znak sećanja na Velimira Živojinovića Masuku (1886-1974), srpskog pesnika, pripovedača, dramaturga, književnog i pozorišnog kritičara i prevodioca koji je rođen u Velikoj Plani, gde je završio osnovnu školu. U Smederevu je završio gimnaziju, a 1914. diplomirao je germanistiku na Univerzitetu u Beogradu. Tokom Prvog svetskog rata je radio u vojnoj cenzuri i povlačio se sa srpskom vojskom 1915. godine preko Peći, Rožaja i Podgorice do Albanije i San Đovanija, gde je lečen od upale pluća. Nakon rata radio je kao nastavnik u Četvrtoj muškoj gimnaziji u Beogradu, a zatim prešao u Narodno pozorište u Beogradu. Od 11. novembra 1924. do 21. avgusta 1925. bio je upravnik Narodnog pozorišta u Beogradu. Subota, 26.novembar: „Prokletstvo“ (tekst Semir Gicić, režija Nenad Despotović), u izvođenju pozorišta "CASTELLUM" iz Kostolca. Utorak 29.novembar: „Beogradska trilogija“ (tekst Biljana Srbljanović, režija Dejan Cicmilović) u izvođenju KC „Radoje Domanović“ iz Rače. Sreda 30.novembar: „Sab(h)rana dela Vilijema Šekspira“ (tekst Viki Borgeson, Neša Long i Bule Singer, režija Branislav Nedić) u izvođenju Gradskog pozorišta Jagodina. Petak 2.decembar: „Nemam da platim i neću da platim“ (tekst Dario Fo, režija Miloš Jagodić) u izvođenju Pozorišta „Bata Bulić“ iz Petrovca na Mlavi. Subota 3.decembar: „Istočni anđeo“ (tekst Ljiljana Lašić, režija Dragoslav Ilić, u izvođenju „Zvezdana teatra“ (igraju Ljiljana Stjepanović, Ljiljana Lašić i Stevan Piale). Utorak 6.decembar: „Kazanova protiv Don Žuana“ (tekst Miodrag Ilić, režija Predrag Ejdus) u izvođenju Madlenijuma Beograd (igraju Predrag Ejdus, Petar Benčina i Andrijana Oliverić). Sreda 7.decembar: „Tektonika osećanja“ (tekst Erik Emanuel Šmit, režija Andrea Lazić) u izvođenju Šabačkog pozorišta (igraju Ivan Tomašević, Kristina Pajković, Aneta Tomašević i Vladimir Milojević).. Četvrtak 8.decembar: „Brakolomije“ (režija i gluma: Kalina Kovačević, Nenad Stojmenović, Aleksandar Srećković i Bojana Stefanović) u izvođenju Narodnog pozorišta Beograd. Subota 10.decembar: „Opera za tri groša“ (tekst Bertold Breht, režija Zoran Rakić) u izvođenju Teatra 5 Beograd. Ponedeljak 12.decembar: „Sabirni centar“ (tekst Dušan Kovačević, režija Dejan Cicmilović) u izvođenju Centra za kulturu Masuka Velika Plana. Sve predstave počinju u 20 časova.</article-text><article-text-transliterated> Muzičko-poetskim kabareom, u izvođenju prvaka Narodnog pozorišta u Beogradu Nebojše Dugalića, Borisa Pingovića, Nine Ćosić i Voje Savića, sinoć su u Velikoj Plani počeli 39. Masukini pozorišni dani.U sledeće dve nedelje, do 12.decembra, ljubitelji pozorišta moći će da u Centru za kulturu „Masuka“ u Velikoj Plani pogledaju deset predstava u okviru osnovnog i tri predstave u okviru dečijeg „matine programa“. Na repertoaru osnovnog programa su sledeće predstave: Masuka preveo „Romea i Juliju“ na srpski jezik Ova manifestacija održava se u znak sećanja na Velimira Živojinovića Masuku (1886-1974), srpskog pesnika, pripovedača, dramaturga, književnog i pozorišnog kritičara i prevodioca koji je rođen u Velikoj Plani, gde je završio osnovnu školu. U Smederevu je završio gimnaziju, a 1914. diplomirao je germanistiku na Univerzitetu u Beogradu. Tokom Prvog svetskog rata je radio u vojnoj cenzuri i povlačio se sa srpskom vojskom 1915. godine preko Peći, Rožaja i Podgorice do Albanije i San Đovanija, gde je lečen od upale pluća. Nakon rata radio je kao nastavnik u Četvrtoj muškoj gimnaziji u Beogradu, a zatim prešao u Narodno pozorište u Beogradu. Od 11. novembra 1924. do 21. avgusta 1925. bio je upravnik Narodnog pozorišta u Beogradu. Subota, 26.novembar: „Prokletstvo“ (tekst Semir Gicić, režija Nenad Despotović), u izvođenju pozorišta "CASTELLUM" iz Kostolca. Utorak 29.novembar: „Beogradska trilogija“ (tekst Biljana Srbljanović, režija Dejan Cicmilović) u izvođenju KC „Radoje Domanović“ iz Rače. Sreda 30.novembar: „Sab(h)rana dela Vilijema Šekspira“ (tekst Viki Borgeson, Neša Long i Bule Singer, režija Branislav Nedić) u izvođenju Gradskog pozorišta Jagodina. Petak 2.decembar: „Nemam da platim i neću da platim“ (tekst Dario Fo, režija Miloš Jagodić) u izvođenju Pozorišta „Bata Bulić“ iz Petrovca na Mlavi. Subota 3.decembar: „Istočni anđeo“ (tekst Ljiljana Lašić, režija Dragoslav Ilić, u izvođenju „Zvezdana teatra“ (igraju Ljiljana Stjepanović, Ljiljana Lašić i Stevan Piale). Utorak 6.decembar: „Kazanova protiv Don Žuana“ (tekst Miodrag Ilić, režija Predrag Ejdus) u izvođenju Madlenijuma Beograd (igraju Predrag Ejdus, Petar Benčina i Andrijana Oliverić). Sreda 7.decembar: „Tektonika osećanja“ (tekst Erik Emanuel Šmit, režija Andrea Lazić) u izvođenju Šabačkog pozorišta (igraju Ivan Tomašević, Kristina Pajković, Aneta Tomašević i Vladimir Milojević).. Četvrtak 8.decembar: „Brakolomije“ (režija i gluma: Kalina Kovačević, Nenad Stojmenović, Aleksandar Srećković i Bojana Stefanović) u izvođenju Narodnog pozorišta Beograd. Subota 10.decembar: „Opera za tri groša“ (tekst Bertold Breht, režija Zoran Rakić) u izvođenju Teatra 5 Beograd. Ponedeljak 12.decembar: „Sabirni centar“ (tekst Dušan Kovačević, režija Dejan Cicmilović) u izvođenju Centra za kulturu Masuka Velika Plana. Sve predstave počinju u 20 časova.</article-text-transliterated><comment-list /></article><comments><comment-count>0</comment-count></comments></document>