<document global_id="sr-08-16"><url>https://www.srbijadanas.com/vesti/info/dacic-odluka-o-zajednickoj-izbornoj-listi-sa-sns-om-u-februaru-2020-01-25</url><source-id>08</source-id><local-id>16</local-id><source-name>srbijadanas</source-name><article><article-title>Dačić: Odluka o zajedničkoj izbornoj listi sa SNS-om u februaru </article-title><article-time>2020-01-25</article-time><article-author>Tanjug</article-author><article-text> Grenelova poruka da rok neće biti neograničan, prema Dačićevom mišljenju, upućena je Prištini. Kako je naveo, zahtevi da Srbija prestane sa lobiranjem protiv priznanja i članstva Kosova u međunarodnim organizacijama zarad ukidanja taksi nisu novi zahtevi.  On je ponovio da se promenio odnos snaga i da danas 93 članice UN priznaju Kosovo, 95 ga ne priznaje a pet država je u nekom fluidnom stavu. Dačić je rekao da je dijalog Beograda i Prištine blokiran, a da sve o čemu Grenel priča su prateće aktivnosti oko dijaloga. On je ocenio i da je veoma važna i predstojeća, prva poseta regionu visokog predstavnika EU za spoljnu politiku i bezbednost, Žozepa Borela.  Govoreći o zakonu o slobodi veroispovesti u Crnoj Gori, Dačić kaže da se Srbija duboko ne slaže sa tim zakonom i da podržava naš narod tamo, ali da nije samo on pokazatelj problema u Crnoj Gori, Prema njegovim rečima, prenebregava se da vlasti u Podgorici nisu uvažile sve primedbe Venecijanske komisije.  Traženje neprijatelja iz Beograda - ma nemate vi neprijatelja iz Beograda. Imate crnogorsku državnost, ko vam brani. Bili nezavisna država ili ne, morate da poštujete prava Srba i to su Srbi koji tamo vekovima žive - rekao je Dačić. Kako kaže, bilo bi bolje da se nađe zajednički jezik izmedju vladajuće stranke u Crnoj Gori i srpskog naroda, jer je to u interesu Crne Gore. Lider SPS najavio je i da će ta stranka sredinom februara doneti odluku o tome da li će na predstojećim parlamentarnim izborima nastupiti na zajedničkoj listi sa SNS. 

  
                Tanjug/​Dragan Kujundžić        
 Prema njegovim rečima, nesporni su dobri rezultati za proteklih sedam, osam godina. Povodom smanjenja izbornog cenzusa sa pet na tri odsto, Dačić kaže da se to ne tiče SPS, već da je to uvek tražila opozicija. 
 

    

Ivica Dačić SNS koalicija izbori Ričard Grenel Žozep Borel Crna Gora Aleksandar Vučić SPS 
  if (window.innerWidth &lt; 1025) { /* (c)AdOcean 2003-2018, blic.rs.Srbijadanas.com.mobile.Vesti.P3 300x250 */ ado.slave('adoceanringierrsxlpsjrghvf', {myMaster: 'DWkBZCNYbOWb0mvVxeIfhUITL21.9U7H5_cBS0BtXkT.S7' }); } 
Pročitajte sve najvažnije vesti
 if (window.innerWidth &gt; 1024) { /* (c)AdOcean 2003-2019, blic.rs.Srbijadanas.com.desktop.Vesti.D1 */ ado.slave("adoceanringierrsrpeqpillmh", {myMaster: "pHTr_J1NiGe891lQXJm5McV_3CWNXrCLOUmMBbvanJz.R7" }); } 
 if (window.innerWidth &lt; 1025) { /* (c)AdOcean 2003-2019, blic.rs.Srbijadanas.com.mobile.Vesti.D1 */ ado.slave("adoceanringierrslodenwlohp", {myMaster: "DWkBZCNYbOWb0mvVxeIfhUITL21.9U7H5_cBS0BtXkT.S7" }); } 



  if (window.innerWidth &gt; 1024) { /* (c)AdOcean 2003-2018, blic.rs.Srbijadanas.com.desktop.Vesti.600x250 (adnow) */ ado.slave('adoceanringierrswpfkfulruu', {myMaster: 'pHTr_J1NiGe891lQXJm5McV_3CWNXrCLOUmMBbvanJz.R7' }); }  

      </article-text><article-text-transliterated> Grenelova poruka da rok neće biti neograničan, prema Dačićevom mišljenju, upućena je Prištini. Kako je naveo, zahtevi da Srbija prestane sa lobiranjem protiv priznanja i članstva Kosova u međunarodnim organizacijama zarad ukidanja taksi nisu novi zahtevi.  On je ponovio da se promenio odnos snaga i da danas 93 članice UN priznaju Kosovo, 95 ga ne priznaje a pet država je u nekom fluidnom stavu. Dačić je rekao da je dijalog Beograda i Prištine blokiran, a da sve o čemu Grenel priča su prateće aktivnosti oko dijaloga. On je ocenio i da je veoma važna i predstojeća, prva poseta regionu visokog predstavnika EU za spoljnu politiku i bezbednost, Žozepa Borela.  Govoreći o zakonu o slobodi veroispovesti u Crnoj Gori, Dačić kaže da se Srbija duboko ne slaže sa tim zakonom i da podržava naš narod tamo, ali da nije samo on pokazatelj problema u Crnoj Gori, Prema njegovim rečima, prenebregava se da vlasti u Podgorici nisu uvažile sve primedbe Venecijanske komisije.  Traženje neprijatelja iz Beograda - ma nemate vi neprijatelja iz Beograda. Imate crnogorsku državnost, ko vam brani. Bili nezavisna država ili ne, morate da poštujete prava Srba i to su Srbi koji tamo vekovima žive - rekao je Dačić. Kako kaže, bilo bi bolje da se nađe zajednički jezik izmedju vladajuće stranke u Crnoj Gori i srpskog naroda, jer je to u interesu Crne Gore. Lider SPS najavio je i da će ta stranka sredinom februara doneti odluku o tome da li će na predstojećim parlamentarnim izborima nastupiti na zajedničkoj listi sa SNS. 

  
                Tanjug/​Dragan Kujundžić        
 Prema njegovim rečima, nesporni su dobri rezultati za proteklih sedam, osam godina. Povodom smanjenja izbornog cenzusa sa pet na tri odsto, Dačić kaže da se to ne tiče SPS, već da je to uvek tražila opozicija. 
 

    

Ivica Dačić SNS koalicija izbori Ričard Grenel Žozep Borel Crna Gora Aleksandar Vučić SPS 
  if (window.innerWidth &lt; 1025) { /* (c)AdOcean 2003-2018, blic.rs.Srbijadanas.com.mobile.Vesti.P3 300x250 */ ado.slave('adoceanringierrsxlpsjrghvf', {myMaster: 'DWkBZCNYbOWb0mvVxeIfhUITL21.9U7H5_cBS0BtXkT.S7' }); } 
Pročitajte sve najvažnije vesti
 if (window.innerWidth &gt; 1024) { /* (c)AdOcean 2003-2019, blic.rs.Srbijadanas.com.desktop.Vesti.D1 */ ado.slave("adoceanringierrsrpeqpillmh", {myMaster: "pHTr_J1NiGe891lQXJm5McV_3CWNXrCLOUmMBbvanJz.R7" }); } 
 if (window.innerWidth &lt; 1025) { /* (c)AdOcean 2003-2019, blic.rs.Srbijadanas.com.mobile.Vesti.D1 */ ado.slave("adoceanringierrslodenwlohp", {myMaster: "DWkBZCNYbOWb0mvVxeIfhUITL21.9U7H5_cBS0BtXkT.S7" }); } 



  if (window.innerWidth &gt; 1024) { /* (c)AdOcean 2003-2018, blic.rs.Srbijadanas.com.desktop.Vesti.600x250 (adnow) */ ado.slave('adoceanringierrswpfkfulruu', {myMaster: 'pHTr_J1NiGe891lQXJm5McV_3CWNXrCLOUmMBbvanJz.R7' }); }  

      </article-text-transliterated><comment-list /></article><comments><comment-count>0</comment-count></comments></document>