<document global_id="sr-08-8"><url>https://www.srbijadanas.com/vesti/drustvo/na-danasnji-dan-umro-je-vuk-stefanovic-karadzic-video-2020-02-06</url><source-id>08</source-id><local-id>8</local-id><source-name>srbijadanas</source-name><article><article-title>Na današnji dan umro je Vuk Stefanović Karadžić! (VIDEO) </article-title><article-time>2020-02-06</article-time><article-author>Srbija Danas</article-author><article-text> Vuk Stefanović Karadžić (Tršić, 6. novembar 1787 - Beč, 7. februar 1864) je bio srpski filolog, reformator srpskog jezika, sakupljač narodnih umotvorina i pisac prvog rečnika srpskog jezika. Vuk je najznačajnija ličnost srpske književnosti prve polovine XIX veka. Posle smrti dosta njegove braće njegovi roditelji su mu dali ime Vuk da bi to ime oteralo duhove i veštice. Učestvovao je u Prvom srpskom ustanku kao pisar i činovnik u Negotinskoj krajini, a nakon sloma ustanka preselio se u Beč, 1813. godine. Tu je upoznao Jerneja Kopitara, cenzora slovenskih knjiga, na čiji je podsticaj krenuo u prikupljanje srpskih narodnih pesama, reformu ćirilice i borbu za uvođenje narodnog jezika u srpsku književnost. Vukovim reformama u srpski jezik je uveden fonetski pravopis, a srpski jezik je potisnuo slavenosrpski jezik koji je u to vreme bio jezik obrazovanih ljudi. Tako se kao najvažnije godine Vukove reforme ističu 1818, 1836, 1839, 1847. i 1852.</article-text><article-text-transliterated> Vuk Stefanović Karadžić (Tršić, 6. novembar 1787 - Beč, 7. februar 1864) je bio srpski filolog, reformator srpskog jezika, sakupljač narodnih umotvorina i pisac prvog rečnika srpskog jezika. Vuk je najznačajnija ličnost srpske književnosti prve polovine XIX veka. Posle smrti dosta njegove braće njegovi roditelji su mu dali ime Vuk da bi to ime oteralo duhove i veštice. Učestvovao je u Prvom srpskom ustanku kao pisar i činovnik u Negotinskoj krajini, a nakon sloma ustanka preselio se u Beč, 1813. godine. Tu je upoznao Jerneja Kopitara, cenzora slovenskih knjiga, na čiji je podsticaj krenuo u prikupljanje srpskih narodnih pesama, reformu ćirilice i borbu za uvođenje narodnog jezika u srpsku književnost. Vukovim reformama u srpski jezik je uveden fonetski pravopis, a srpski jezik je potisnuo slavenosrpski jezik koji je u to vreme bio jezik obrazovanih ljudi. Tako se kao najvažnije godine Vukove reforme ističu 1818, 1836, 1839, 1847. i 1852.</article-text-transliterated><comment-list /></article><comments><comment-count>0</comment-count></comments></document>