<document global_id="sr-08-227"><url>https://www.srbijadanas.com/vesti/info/nikolic-na-svetosavskoj-akademoiji-drzimo-se-poruka-svetog-save-2017-01-27</url><source-id>08</source-id><local-id>227</local-id><source-name>srbijadanas</source-name><article><article-title>NIKOLIĆ NA SVETOSAVSKOJ AKADEMIJI: Držimo se poruka Svetog Save </article-title><article-time>2017-01-27</article-time><article-author>Tanjug</article-author><article-text> Predsednik Srbije Tomislav Nikolić poručio je večeras na Svetosavskoj akademiji da bi bilo manje zla i neznanja, a više ljubavi, dobrote, pomirenja i praštanja kada bi svako na svetu rastao držeći se poruka Svetog Save. Na Svetosavskoj akademji u Narodnom pozorištu Nikolić je rekao da je Sveti Sava isticao važnost sloge, pomirenja sa drugima i samim sobom. Kako je naveo, svi Srbi, ma gde bili na svetu, treba da se prepoznaju u jedinstvu vere i nacije i da budu povezani iskrenim i neraskidivim osećanjem pripadnosti velikoj srpskoj pravoslavnoj svetosavskoj porodici. "Koliko nama u Srbiji toliko i vama, sestre i braćo u Crnoj Gori, Republici Srpskoj i rasejanju, treba preneti Savine poruke. Čuvajte svoj jezik, pismo, svoje običaje, svoju pesmu, svog Svetog Savu. Sa ponosom ističite svoje srpsko ime i poreklo", poručio je Nikolić. On je naveo da sve dok negujemo i čuvamo bliskost sa svojom zemljim i zemljom svojih predaka čuvamo srpstvo. Predsednik Srbije je rekao i da biti prosvehen ne znači samo biti obrazovan jer je prosvećenost više od učenosti i predstavlja usvajanje vrednosnog sistema bliskog porukama prvog srpskog učitelja i prosvetitelja. Nikolić je poručio da su profesori u našoj istoriji istinski junaci i heroji čiji bi primer svi današnji prosvetari sa ponosom trebalo da slede. "Kakva god da je kora hleba i kora muke koju delimo kao država i društvo, brašno i kvasac buduće pogače u vašim je rukama. Zato su i velika naša očekivanja od svih vas kojima je povereno najvrednije što imamo -naša deca", kazao je Nikolić. Nikolić je prosvetarima poručio da nađu snagu u učenju Svetog Save i da grade modernu, prestižnu, u savremenoj svetskoj akademskoj i naučnoj zajednici uglednu poštovanu Srbiju, isto ono što je u svoje doba radio i Sveti Sava.</article-text><article-text-transliterated> Predsednik Srbije Tomislav Nikolić poručio je večeras na Svetosavskoj akademiji da bi bilo manje zla i neznanja, a više ljubavi, dobrote, pomirenja i praštanja kada bi svako na svetu rastao držeći se poruka Svetog Save. Na Svetosavskoj akademji u Narodnom pozorištu Nikolić je rekao da je Sveti Sava isticao važnost sloge, pomirenja sa drugima i samim sobom. Kako je naveo, svi Srbi, ma gde bili na svetu, treba da se prepoznaju u jedinstvu vere i nacije i da budu povezani iskrenim i neraskidivim osećanjem pripadnosti velikoj srpskoj pravoslavnoj svetosavskoj porodici. "Koliko nama u Srbiji toliko i vama, sestre i braćo u Crnoj Gori, Republici Srpskoj i rasejanju, treba preneti Savine poruke. Čuvajte svoj jezik, pismo, svoje običaje, svoju pesmu, svog Svetog Savu. Sa ponosom ističite svoje srpsko ime i poreklo", poručio je Nikolić. On je naveo da sve dok negujemo i čuvamo bliskost sa svojom zemljim i zemljom svojih predaka čuvamo srpstvo. Predsednik Srbije je rekao i da biti prosvehen ne znači samo biti obrazovan jer je prosvećenost više od učenosti i predstavlja usvajanje vrednosnog sistema bliskog porukama prvog srpskog učitelja i prosvetitelja. Nikolić je poručio da su profesori u našoj istoriji istinski junaci i heroji čiji bi primer svi današnji prosvetari sa ponosom trebalo da slede. "Kakva god da je kora hleba i kora muke koju delimo kao država i društvo, brašno i kvasac buduće pogače u vašim je rukama. Zato su i velika naša očekivanja od svih vas kojima je povereno najvrednije što imamo -naša deca", kazao je Nikolić. Nikolić je prosvetarima poručio da nađu snagu u učenju Svetog Save i da grade modernu, prestižnu, u savremenoj svetskoj akademskoj i naučnoj zajednici uglednu poštovanu Srbiju, isto ono što je u svoje doba radio i Sveti Sava.</article-text-transliterated><comment-list><comments comment-id="1"><comment-parent-id>empty</comment-parent-id><comment-text>Komentar Toma za predsednika.Dobre stvari ne treba menjati.</comment-text><comment-text-transliterated>Komentar Toma za predsednika.Dobre stvari ne treba menjati.</comment-text-transliterated></comments></comment-list></article><comments><comment-count>1</comment-count></comments></document>