<document global_id="sr-08-232"><url>https://www.srbijadanas.com/zabava/zanimljivosti/kakav-benzin-kakav-dizel-automobil-cete-uskoro-da-vozite-na-slanu-vodu-video-2017-01-30</url><source-id>08</source-id><local-id>232</local-id><source-name>srbijadanas</source-name><article><article-title>KAKAV BENZIN, KAKAV DIZEL! Automobil ćete uskoro da vozite na SLANU VODU! (VIDEO) </article-title><article-time>2017-01-30</article-time><article-author>Srbija Danas/Webtribune.rs</article-author><article-text> Putevima po Evropi će, verovali ili ne, uskoro početi da idu vozila koja ne koriste benzin ili naftu, već - slanu vodu.  Nazivi srpskih gradova prevedeni na engleski jezik su nešto najluđe što ste ikada videli (FOTO) Najavljeno da je Quant e-Sportlimousine, auto koji ide na slanu vodu, odobren kad je u pitanju naš kontinent. On radi pomoću sistema protočnih baterija koji može da dostigne neverovatnih 920 konjskih snaga, odnosno 680 kilovata.  Auto koji je napravila nemačka kompanija Quant može da dostigne brzinu od 100 km/h za 2,8 sekundi. Maksimalna brzina mu je 350 km/h. Oni napominju: </article-text><article-text-transliterated> Putevima po Evropi će, verovali ili ne, uskoro početi da idu vozila koja ne koriste benzin ili naftu, već - slanu vodu.  Nazivi srpskih gradova prevedeni na engleski jezik su nešto najluđe što ste ikada videli (FOTO) Najavljeno da je Quant e-Sportlimousine, auto koji ide na slanu vodu, odobren kad je u pitanju naš kontinent. On radi pomoću sistema protočnih baterija koji može da dostigne neverovatnih 920 konjskih snaga, odnosno 680 kilovata.  Auto koji je napravila nemačka kompanija Quant može da dostigne brzinu od 100 km/h za 2,8 sekundi. Maksimalna brzina mu je 350 km/h. Oni napominju: </article-text-transliterated><comment-list /></article><comments><comment-count>0</comment-count></comments></document>