<document global_id="sr-08-147"><url>https://www.srbijadanas.com/clanak/gotov-posao-dzeko-napustio-siti-04-08-2015</url><source-id>08</source-id><local-id>147</local-id><source-name>srbijadanas</source-name><article><article-title>GOTOV POSAO: Džeko napustio Siti </article-title><article-time>04-08-2015</article-time><article-author /><article-text> Reprezentativac Bosne i Hercegovine Edin Džeko karijeru će nastaviti u Romi, koja je u utorak uspela da nađe zajednički jezik sa Mančester sitijem oko obeštećenja. Ovime je priča oko toga da li će Džeko ostati u Engleskoj i zvanično završena. Naime, "građani" su prvo tražili čitavih 30 miliona evra za visokog napadača, ali su na kraju morali da se zadovolje sa 14 miliona funti, odnosno 19 miliona jedinica evropske valute - prenose svetski mediji. Sada jedino preostaje da 29-godišnji fudbaler prođe medicinske preglede i stavi paraf na ugovor o vernosti rimskom klubu. Rođeni Sarajlija će na taj način posle Željezničara, Teplica, Volfsburga i Mančester Sitija karijeru nastaviti u "Večnom gradu" u timu za koji već nastupa njegov zemljak Miralem Pjanić.</article-text><article-text-transliterated> Reprezentativac Bosne i Hercegovine Edin Džeko karijeru će nastaviti u Romi, koja je u utorak uspela da nađe zajednički jezik sa Mančester sitijem oko obeštećenja. Ovime je priča oko toga da li će Džeko ostati u Engleskoj i zvanično završena. Naime, "građani" su prvo tražili čitavih 30 miliona evra za visokog napadača, ali su na kraju morali da se zadovolje sa 14 miliona funti, odnosno 19 miliona jedinica evropske valute - prenose svetski mediji. Sada jedino preostaje da 29-godišnji fudbaler prođe medicinske preglede i stavi paraf na ugovor o vernosti rimskom klubu. Rođeni Sarajlija će na taj način posle Željezničara, Teplica, Volfsburga i Mančester Sitija karijeru nastaviti u "Večnom gradu" u timu za koji već nastupa njegov zemljak Miralem Pjanić.</article-text-transliterated><comment-list /></article><comments><comment-count>0</comment-count></comments></document>