<document global_id="sr-08-212"><url>https://www.srbijadanas.com/vesti/beograd/manje-para-vise-znanja-akademija-oxford-daje-velike-popuste-ukoliko-ispunjavate-ovaj-uslov-2016-12-28</url><source-id>08</source-id><local-id>212</local-id><source-name>srbijadanas</source-name><article><article-title>MANJE PARA - VIŠE ZNANJA: Akademija Oxford daje VELIKE POPUSTE ukoliko ispunjavate OVAJ uslov </article-title><article-time>2016-12-28</article-time><article-author>Srbija Danas</article-author><article-text> Vremena su takva da od nas zahtevaju što više rada, a više rada zahteva i više kvalifikacija za određeni posao. Tu vam pomoć može pružiti akademija Oxford u saradnji sa opštinom Zemun. Naime, ukoliko ste korisnik Moje zemunske kartice u akademiji možete početi da ostvarujete nova saznanja ili da usavršite stara. Vizija Akademije Oxford je da svojim profesionalnim i kvalitetnim uslugama u oblasti učenja stranih jezika, izrade prevoda, kurseva za prekvalifikaciju i dokvalifikaciju, kurseva računara, stručnih osposobljavanja stvori što bolju sliku o sebi i prepoznatljivo ime i da ostane lider u svojoj oblasti poslovanja. Akademija Oxford osnovana je 2008. godine, a misija je da klijentima, saradnicima i polaznicima obezbedi visokokvalitetnu i pouzdanu uslugu po najpovoljnijim cenama. SA MOJOM ZEMUNSKOM KARTICOM I KOD FRIZERA! U ovom salonu ćete ostvariti neverovatne popuste na bilo koju uslugu! Upis traje tokom cele godine, a za građane Zemuna koji poseduju Moju zemunsku karticu obezbeđen je popust od 15 odsto popusta na kurseve engleskog, nemačkog, francuskog, italijanskog, ruskog i španskog. Sertifikati koji se dobijaju na kraju kursa se upisuju u radnu knjižicu i validni su na teritoriji Srbije, ali i u nekim zemljama Evropske unije. „Moja zemunska kartica“ može se izvaditi bez nadoknade, samo uz ličnu kartu, na šalteru u opštini Zemun, za svega par minuta. Info telefon: 011 2197 985 Više informacija o "Mojoj zemunskoj kartici" možete naći na sajtu opštine Zemun, kao i na fejsbuk stranici Moja zemunska kartica. </article-text><article-text-transliterated> Vremena su takva da od nas zahtevaju što više rada, a više rada zahteva i više kvalifikacija za određeni posao. Tu vam pomoć može pružiti akademija Oxford u saradnji sa opštinom Zemun. Naime, ukoliko ste korisnik Moje zemunske kartice u akademiji možete početi da ostvarujete nova saznanja ili da usavršite stara. Vizija Akademije Oxford je da svojim profesionalnim i kvalitetnim uslugama u oblasti učenja stranih jezika, izrade prevoda, kurseva za prekvalifikaciju i dokvalifikaciju, kurseva računara, stručnih osposobljavanja stvori što bolju sliku o sebi i prepoznatljivo ime i da ostane lider u svojoj oblasti poslovanja. Akademija Oxford osnovana je 2008. godine, a misija je da klijentima, saradnicima i polaznicima obezbedi visokokvalitetnu i pouzdanu uslugu po najpovoljnijim cenama. SA MOJOM ZEMUNSKOM KARTICOM I KOD FRIZERA! U ovom salonu ćete ostvariti neverovatne popuste na bilo koju uslugu! Upis traje tokom cele godine, a za građane Zemuna koji poseduju Moju zemunsku karticu obezbeđen je popust od 15 odsto popusta na kurseve engleskog, nemačkog, francuskog, italijanskog, ruskog i španskog. Sertifikati koji se dobijaju na kraju kursa se upisuju u radnu knjižicu i validni su na teritoriji Srbije, ali i u nekim zemljama Evropske unije. „Moja zemunska kartica“ može se izvaditi bez nadoknade, samo uz ličnu kartu, na šalteru u opštini Zemun, za svega par minuta. Info telefon: 011 2197 985 Više informacija o "Mojoj zemunskoj kartici" možete naći na sajtu opštine Zemun, kao i na fejsbuk stranici Moja zemunska kartica. </article-text-transliterated><comment-list><comments comment-id="1"><comment-parent-id>empty</comment-parent-id><comment-text>Moja ćerka je završila kurs nemačkog A1 u ovoj ''Akademiji''. Mesec dana kasnije sam saznala da je profesorka nemačkog zapravo profesorka engleskog sa polu-znanjem A1 iz nemačkog. Ja sam iz Mladenovca</comment-text><comment-text-transliterated>Moja ćerka je završila kurs nemačkog A1 u ovoj ''Akademiji''. Mesec dana kasnije sam saznala da je profesorka nemačkog zapravo profesorka engleskog sa polu-znanjem A1 iz nemačkog. Ja sam iz Mladenovca</comment-text-transliterated></comments></comment-list></article><comments><comment-count>1</comment-count></comments></document>