<document global_id="sr-08-25"><url>https://www.srbijadanas.com/vesti/region/monstruozna-diskriminacija-srba-u-vukovaru-godina-prode-nema-knjiga-za-srpske-dake-eu-cuti-2020-01-13</url><source-id>08</source-id><local-id>25</local-id><source-name>srbijadanas</source-name><article><article-title>MONSTRUOZNA DISKRIMINACIJA SRBA U VUKOVARU: Godina prođe, a nema knjiga za srpske đake! EU ĆUTI! </article-title><article-time>2020-01-13</article-time><article-author>Tanjug </article-author><article-text> Deca srpskog porekla u Vukovaru, koja pohađaju OŠ "Nikola Andrić" i na početku drugog polugodišta još nemaju udžbenike na maternjem jeziku, a jedan od roditelja uputio je tim povodom otvoreno pismo hrvatsoj Vladi, narodnom pravobranitelju i pravobranitelju za prava dece. Otac jednog od učenika te škole, Dragan Crogorac, u otvorenom pismu istakao je da njegovo dete i drugi đaci Vb razreda, na primer, imaju samo udžbenik i radne sveske za hrvatski, srpski i engleski jezik, dok sve ostale predmete - geografiju, istoriju, muzičku kulturu, likovnu kulturu, prirodu, matematiku, informatiku i tehničku kulturu - uče iz beleški sa nastave. Crogorac ukazuje da je to nedopustivo, pogotovu u okolnostima u kojima se govori da druga deca u Hrvatskoj dobijaju besplatne udžbenike o trošku budžeta. Crogorac je najavio i da će se obratiti za pomoć i podršku matičnoj zemlji, Srbiji.</article-text><article-text-transliterated> Deca srpskog porekla u Vukovaru, koja pohađaju OŠ "Nikola Andrić" i na početku drugog polugodišta još nemaju udžbenike na maternjem jeziku, a jedan od roditelja uputio je tim povodom otvoreno pismo hrvatsoj Vladi, narodnom pravobranitelju i pravobranitelju za prava dece. Otac jednog od učenika te škole, Dragan Crogorac, u otvorenom pismu istakao je da njegovo dete i drugi đaci Vb razreda, na primer, imaju samo udžbenik i radne sveske za hrvatski, srpski i engleski jezik, dok sve ostale predmete - geografiju, istoriju, muzičku kulturu, likovnu kulturu, prirodu, matematiku, informatiku i tehničku kulturu - uče iz beleški sa nastave. Crogorac ukazuje da je to nedopustivo, pogotovu u okolnostima u kojima se govori da druga deca u Hrvatskoj dobijaju besplatne udžbenike o trošku budžeta. Crogorac je najavio i da će se obratiti za pomoć i podršku matičnoj zemlji, Srbiji.</article-text-transliterated><comment-list /></article><comments><comment-count>0</comment-count></comments></document>