<document global_id="sr-08-60"><url>https://www.srbijadanas.com/vesti/drustvo/profesor-iz-lebana-spremao-daka-da-recituje-ovu-erotsku-pesmu-uruceno-mu-priznanje-za-najboljeg-2019-12-24</url><source-id>08</source-id><local-id>60</local-id><source-name>srbijadanas</source-name><article><article-title>Profesoru iz Lebana koji je spremao đaka da RECITUJE EROTSKU PESMU uručeno priznanje za NAJBOLJEG EDUKATORA </article-title><article-time>2019-12-24</article-time><article-author>Srbija Danas/Jugmedia</article-author><article-text> Profesoru Dušanu Blagojeviću, nastavniku srpskog jezika i književnosti u Gimnaziji u Lebanu, koji je bio mentor srednjoškolcu koji se na takmičenju recitatora predstavio erotskom pesmom, a zatim podržao svoje đake koji su protestovali zbog "zabranjene" školske predstave nakon čega je direktor ove obrazovne ustanove podneo ostavku, uručeno je priznanje jednog od deset najboljih eduaktora Srbije za 2019. godinu. Kako piše Jugmedia.rs, projekat "Najbolji edukatori Srbije" već šestu godinu zaredom organizuje Udruženje "Živojin Mišić" i priznanja se dodeljuju, kako se navodi, "onima koji uče našu decu, podstiču promene u ovom društvu, i menjaju svet na bolje". Podsetimo, za Blagojevića se čulo u aprilu ove godine kada je, dan pre polaska na put gimnazijalaca iz Lebana na takmičenje Pozorišnih susreta učenika gimnazije Srbije u Kragujevcu, direktor gimnazije u ovoj varoši Dragan Đorić zabranio učenicima da nastupaju na tim susretima. Zbog te odluke tridesetak učenika ove škole, otpočeli su protest, a do cele drame je došlo nakon skandala sa erotskom pesmom sa kojom je učenik iz ove gimnazije pobedio na okružnom takmičenju u recitovanju. Inače, ova zabrana je usledila posle skandala s pesmom "Seljenje duše", autora Nebojše Čehranova, kojom je nedavno učenik četvrtog razreda Gimnazije iz Lebana pobedio na Okružnom takmičenju recitatora, a kome je upravo profesor Blagojević bio mentor. Kolege iz Gimnazije Vlasotince oglasile su se tim povodom sa saopštenjem da je reč o "neprimerenom pornografskom sadržaju bez ikakve umetničke vrednosti", pa se ovdašnja javnost ubzburkala i podelila na one koji podržavaju i one koji osuđuju recitovanje te pesme pred osnovcima svih uzrasta. "Zabranjena" predstava je ipak odigrana u dvorištu škole, a poznati glumac, sada i političar, Sergej Trifunović davao je preko društvenih mreža učenicima javnu podršku. Kako bi se učenici koji su protestovali vratili u školske klupe, direktor je odlučio da tada podnese ostavku. Ovo su reči pesme koje ja izazvala polemike: Seljenje duše. Te 79. godine u Ulcinju sve su mi bile dale. Osim jedne. Naravno! Bila najlepša, ali titograđanka. Misim, bilo nekog vatanja, a i to nešto srednježalosno beše.. Al da se desi "ono najgore“: nikako. Da ne nabrajam sad sve te crnogorske argumente. No, u oktobru stiže pismo da joj je navrbaba sa očeve strane iznenada krepala u 118. godini i da će cijela porodica na sprovod na žabljak.. Osim nje, koja jadna sprijema četvrti put prijemni za FDU u Beograd, odsek dramaturgija. Pod P.S. stoji doslovce: "Dođi, biće svega…" Vidim ja sazrela stvar i zapalinski putem Titograda. Nit lepše prirode nit grđeg grada. Ali nije sad riječ o tome:  posluži mi popovu čorbu mmmmmm, neku njegušku žilavu pršutu: stala mi nasred grla razmaženog s parizerom, ono ni tamo ni ovamo. Ja bio pomodreo, ne mogu da dišem.. Kad ti me mladica opauči po leđima, brale: izlete ona pršuta ko servis nastasea. Aj u krevet da vidimo to sve.. Kad dođoh do prolaza, nešto mi zatajila alatka.. Uh, majku mu, ona se raširila ko mrtva, al ovaj moj ni makac. Ajd sestro malo usmeni rad. Šta bre, jel ono miš uz pušku, miš niz pušku, haha. Xaxa kxkx misim usneni i tako taj rad. Eee, vala, ja ti to u usta neću dok sam živa. Eeee sad. Možda kad bi me oženio. Ajde, bre, pomeri se s mesta pu pu pu.. Negooo, i ti ćeš mi u BG sa tako nazadnim svatanjem. Aj pokušaj još jednom. Neeeeće nešto... Ma, tako si me tresnula po leđima da sam sad sav indisponiran..  A, i, znaš, ovih dana proučavam nešto preseljenje duše.. Onokao, čitam mnogo i o toj Šredingerovoj mački... Spopali me i anunnaki pa sam baš intelektualno izmožden.. Biće da je to razlog, haha. Veruješ li ti u reinkarnaciju? U seljenje duše Ma vjerujem, nego... pa sede na ivicu kreveta pored mene, pljunu u prste, pa krenula da mi onako pljuvačkom sve pipa oko korena mekanog, ko da traži gde se probušila guma na biciklu. Što to činiš, jadna ne bila- ja onako poliglotski. Maaa, neđe ti ova stvar izdušššššuje Primljena je iz 6. puta. A ja ni iz trećeg nisam. Nije nam bilo suđeno.</article-text><article-text-transliterated> Profesoru Dušanu Blagojeviću, nastavniku srpskog jezika i književnosti u Gimnaziji u Lebanu, koji je bio mentor srednjoškolcu koji se na takmičenju recitatora predstavio erotskom pesmom, a zatim podržao svoje đake koji su protestovali zbog "zabranjene" školske predstave nakon čega je direktor ove obrazovne ustanove podneo ostavku, uručeno je priznanje jednog od deset najboljih eduaktora Srbije za 2019. godinu. Kako piše Jugmedia.rs, projekat "Najbolji edukatori Srbije" već šestu godinu zaredom organizuje Udruženje "Živojin Mišić" i priznanja se dodeljuju, kako se navodi, "onima koji uče našu decu, podstiču promene u ovom društvu, i menjaju svet na bolje". Podsetimo, za Blagojevića se čulo u aprilu ove godine kada je, dan pre polaska na put gimnazijalaca iz Lebana na takmičenje Pozorišnih susreta učenika gimnazije Srbije u Kragujevcu, direktor gimnazije u ovoj varoši Dragan Đorić zabranio učenicima da nastupaju na tim susretima. Zbog te odluke tridesetak učenika ove škole, otpočeli su protest, a do cele drame je došlo nakon skandala sa erotskom pesmom sa kojom je učenik iz ove gimnazije pobedio na okružnom takmičenju u recitovanju. Inače, ova zabrana je usledila posle skandala s pesmom "Seljenje duše", autora Nebojše Čehranova, kojom je nedavno učenik četvrtog razreda Gimnazije iz Lebana pobedio na Okružnom takmičenju recitatora, a kome je upravo profesor Blagojević bio mentor. Kolege iz Gimnazije Vlasotince oglasile su se tim povodom sa saopštenjem da je reč o "neprimerenom pornografskom sadržaju bez ikakve umetničke vrednosti", pa se ovdašnja javnost ubzburkala i podelila na one koji podržavaju i one koji osuđuju recitovanje te pesme pred osnovcima svih uzrasta. "Zabranjena" predstava je ipak odigrana u dvorištu škole, a poznati glumac, sada i političar, Sergej Trifunović davao je preko društvenih mreža učenicima javnu podršku. Kako bi se učenici koji su protestovali vratili u školske klupe, direktor je odlučio da tada podnese ostavku. Ovo su reči pesme koje ja izazvala polemike: Seljenje duše. Te 79. godine u Ulcinju sve su mi bile dale. Osim jedne. Naravno! Bila najlepša, ali titograđanka. Misim, bilo nekog vatanja, a i to nešto srednježalosno beše.. Al da se desi "ono najgore“: nikako. Da ne nabrajam sad sve te crnogorske argumente. No, u oktobru stiže pismo da joj je navrbaba sa očeve strane iznenada krepala u 118. godini i da će cijela porodica na sprovod na žabljak.. Osim nje, koja jadna sprijema četvrti put prijemni za FDU u Beograd, odsek dramaturgija. Pod P.S. stoji doslovce: "Dođi, biće svega…" Vidim ja sazrela stvar i zapalinski putem Titograda. Nit lepše prirode nit grđeg grada. Ali nije sad riječ o tome:  posluži mi popovu čorbu mmmmmm, neku njegušku žilavu pršutu: stala mi nasred grla razmaženog s parizerom, ono ni tamo ni ovamo. Ja bio pomodreo, ne mogu da dišem.. Kad ti me mladica opauči po leđima, brale: izlete ona pršuta ko servis nastasea. Aj u krevet da vidimo to sve.. Kad dođoh do prolaza, nešto mi zatajila alatka.. Uh, majku mu, ona se raširila ko mrtva, al ovaj moj ni makac. Ajd sestro malo usmeni rad. Šta bre, jel ono miš uz pušku, miš niz pušku, haha. Xaxa kxkx misim usneni i tako taj rad. Eee, vala, ja ti to u usta neću dok sam živa. Eeee sad. Možda kad bi me oženio. Ajde, bre, pomeri se s mesta pu pu pu.. Negooo, i ti ćeš mi u BG sa tako nazadnim svatanjem. Aj pokušaj još jednom. Neeeeće nešto... Ma, tako si me tresnula po leđima da sam sad sav indisponiran..  A, i, znaš, ovih dana proučavam nešto preseljenje duše.. Onokao, čitam mnogo i o toj Šredingerovoj mački... Spopali me i anunnaki pa sam baš intelektualno izmožden.. Biće da je to razlog, haha. Veruješ li ti u reinkarnaciju? U seljenje duše Ma vjerujem, nego... pa sede na ivicu kreveta pored mene, pljunu u prste, pa krenula da mi onako pljuvačkom sve pipa oko korena mekanog, ko da traži gde se probušila guma na biciklu. Što to činiš, jadna ne bila- ja onako poliglotski. Maaa, neđe ti ova stvar izdušššššuje Primljena je iz 6. puta. A ja ni iz trećeg nisam. Nije nam bilo suđeno.</article-text-transliterated><comment-list /></article><comments><comment-count>0</comment-count></comments></document>