<document global_id="sr-08-273"><url>https://www.srbijadanas.com/zena/porodica/tepate-deci-evo-zasto-treba-odmah-da-prestanete-2018-03-11</url><source-id>08</source-id><local-id>273</local-id><source-name>srbijadanas</source-name><article><article-title>TEPATE DECI? Evo zašto treba odmah da prestanete! </article-title><article-time>2018-03-11</article-time><article-author>Srbija Danas/Blic Magazin</article-author><article-text> Kao i kod učenja novog stranog jezika, što više vaše dete bude govorilo, brže će i naučiti. Logoped Vanja Nikolić otkriva neke od trikova kojima ćete poboljšati govor vašeg mališana.  Kada komunicirate sa detetom ne zaboravite na ovih 8 pravila! Mislili ste biće plave, ali su ipak postale braon: Boja očiju kod beba se menja upravo iz ovog razloga Ukoliko vaš mališan nije neka pričalica, najbolji način da ga podstaknete da više govori jeste kroz igru. Igrajte se sa njim "slovo na slovo" ili igre u kojoj svako treba da za određeno vreme navede što više predmeta. Ponavljanjem naziva predmeta detetov rečnih se proširuje. Ukoliko dete nepravilno izgovara neke reči, vi za njim ponovite onako kako treba, ali sa osmehom, tako da dete ne oseti da ga ispravljate. Konstantnim ispravljanjem vršite nepotreban pritisak na dete, pa je najbolje ako se usredsredite na jednu ili dve reči istovremeno koje ćete ispraviti.  Prema rečima logopeda, ono što je veoma važno, a što većina roditelja zanemaruje, jeste da nikada ne tepate svome detetu, već da mu se obraćate kao odrasloj osobi.  Sa dve godine, dete bi trebalo da ima rečnik od oko 300 reči i da gradi proste rečenice. Čitajte mu knjige, jer ono u tom periodu voli da gleda slike i da sluša priče. Naložite mu da imitira životinje i da ih imenuje. Tokom treće godine dolazi do uvećanja obima i raznovrsnosti vokabulara i dete tada zna da od 500 do 1000 reči - ističe logoped i upozorava da nije poželjno da deca koja još dobro ne govore maternji jezik gledaju crtane filmove na nekom drugom jeziku.</article-text><article-text-transliterated> Kao i kod učenja novog stranog jezika, što više vaše dete bude govorilo, brže će i naučiti. Logoped Vanja Nikolić otkriva neke od trikova kojima ćete poboljšati govor vašeg mališana.  Kada komunicirate sa detetom ne zaboravite na ovih 8 pravila! Mislili ste biće plave, ali su ipak postale braon: Boja očiju kod beba se menja upravo iz ovog razloga Ukoliko vaš mališan nije neka pričalica, najbolji način da ga podstaknete da više govori jeste kroz igru. Igrajte se sa njim "slovo na slovo" ili igre u kojoj svako treba da za određeno vreme navede što više predmeta. Ponavljanjem naziva predmeta detetov rečnih se proširuje. Ukoliko dete nepravilno izgovara neke reči, vi za njim ponovite onako kako treba, ali sa osmehom, tako da dete ne oseti da ga ispravljate. Konstantnim ispravljanjem vršite nepotreban pritisak na dete, pa je najbolje ako se usredsredite na jednu ili dve reči istovremeno koje ćete ispraviti.  Prema rečima logopeda, ono što je veoma važno, a što većina roditelja zanemaruje, jeste da nikada ne tepate svome detetu, već da mu se obraćate kao odrasloj osobi.  Sa dve godine, dete bi trebalo da ima rečnik od oko 300 reči i da gradi proste rečenice. Čitajte mu knjige, jer ono u tom periodu voli da gleda slike i da sluša priče. Naložite mu da imitira životinje i da ih imenuje. Tokom treće godine dolazi do uvećanja obima i raznovrsnosti vokabulara i dete tada zna da od 500 do 1000 reči - ističe logoped i upozorava da nije poželjno da deca koja još dobro ne govore maternji jezik gledaju crtane filmove na nekom drugom jeziku.</article-text-transliterated><comment-list><comments comment-id="1"><comment-parent-id>empty</comment-parent-id><comment-text>Nemojte ni da mazite decu, ni da ih poljubite. Nikakva bliskost, pravite od njih pedere i lezbejke jer tako sada treba. Zivela EU!</comment-text><comment-text-transliterated>Nemojte ni da mazite decu, ni da ih poljubite. Nikakva bliskost, pravite od njih pedere i lezbejke jer tako sada treba. Zivela EU!</comment-text-transliterated></comments></comment-list></article><comments><comment-count>1</comment-count></comments></document>