<document global_id="sr-08-192"><url>https://www.srbijadanas.com/vesti/hronika/srpski-hanibal-pojeo-lice-cimeru-razrezao-ga-od-uveta-do-uveta-i-izscupao-jezik-zbog-cece-i-jece-2016-12-22</url><source-id>08</source-id><local-id>192</local-id><source-name>srbijadanas</source-name><article><article-title>SRPSKI HANIBAL POJEO LICE CIMERU: Razrezao ga od uveta do uveta i isčupao jezik zbog Cece i Jece </article-title><article-time>2016-12-22</article-time><article-author>Kurir</article-author><article-text> Jovanović je Šarića isekao žiletom od uveta do uveta, isčupao mu jezik, a potom mu odgrizao deo lica, i ovako stravičan zločin izvršio zbog svađe oko muzike, saznaje Kurir iz izvora istrage. Monstrum se tu nije zaustavio. Krvlju koja je šikljala iz vrata cimera po zidovima ćelije koju su delili dva meseca ispisao je imena „Ceca i Jeca“. -Prema prvim rezultatima istrage, motiv napada Jovanovića u noći između utorka i srede bio je to što mu se nije dopala muzika koju je Šarić pustao u ćeliji. Zbog toga mislimo da su imena koja je ispisao na zidovima, imena naših pevačica, kaže Kurirov izvor. On objašnjava da je prizor koji su zatekli zatvorski stražari bio stravičan. -Jovanović je mirno sedeo na svom krevetu, iako su pod i zidovi bili potpuno umrljani krvlju ubijenog Šarića, koji je ležao na podu prerezanog vrata. Nije pokazivao nikakve emocije. Samo je prokomentarisao da ne treba da „se opterećuju, jer je Šarić nebitan lik, koji nije zaslužio da živi. Posle ove strahote, mnogi su Jovanovića uporedili sa Hanibalom Lektorom, psihopatom i ljudožderom. Takože su objasnili da zatvorenici imaju pravo na držanje žileta zbog održavanja lične higijene. -Iz plastičnog „bika“ izvukao je žilet i ubio Šarića, koji je služio kaznu od 5 godina zbog nekoliko razbojništva. Podsetimo, Jovanović je 2013. godine proglašen krivim da je 31. oktobra 2010. godine u zgradi u Ulici Majakovskog ubio svoju bivšu devojku Danijelu Jovanović (27) i njenog komšiju Aleksandra Kitanovića (23).Marko se posvađao sa devojkom Danijelom, a potom je te večeri sačekao iza lifta u zgradi. Kada je došla u stan, zazvonio je i potom ugurao u stan da bi mu ona kazala da se više ne zabavljaju i da je našla drugog momka odnosno komšiju Aleksandra. Opširnije o tome klikom OVDE.</article-text><article-text-transliterated> Jovanović je Šarića isekao žiletom od uveta do uveta, isčupao mu jezik, a potom mu odgrizao deo lica, i ovako stravičan zločin izvršio zbog svađe oko muzike, saznaje Kurir iz izvora istrage. Monstrum se tu nije zaustavio. Krvlju koja je šikljala iz vrata cimera po zidovima ćelije koju su delili dva meseca ispisao je imena „Ceca i Jeca“. -Prema prvim rezultatima istrage, motiv napada Jovanovića u noći između utorka i srede bio je to što mu se nije dopala muzika koju je Šarić pustao u ćeliji. Zbog toga mislimo da su imena koja je ispisao na zidovima, imena naših pevačica, kaže Kurirov izvor. On objašnjava da je prizor koji su zatekli zatvorski stražari bio stravičan. -Jovanović je mirno sedeo na svom krevetu, iako su pod i zidovi bili potpuno umrljani krvlju ubijenog Šarića, koji je ležao na podu prerezanog vrata. Nije pokazivao nikakve emocije. Samo je prokomentarisao da ne treba da „se opterećuju, jer je Šarić nebitan lik, koji nije zaslužio da živi. Posle ove strahote, mnogi su Jovanovića uporedili sa Hanibalom Lektorom, psihopatom i ljudožderom. Takože su objasnili da zatvorenici imaju pravo na držanje žileta zbog održavanja lične higijene. -Iz plastičnog „bika“ izvukao je žilet i ubio Šarića, koji je služio kaznu od 5 godina zbog nekoliko razbojništva. Podsetimo, Jovanović je 2013. godine proglašen krivim da je 31. oktobra 2010. godine u zgradi u Ulici Majakovskog ubio svoju bivšu devojku Danijelu Jovanović (27) i njenog komšiju Aleksandra Kitanovića (23).Marko se posvađao sa devojkom Danijelom, a potom je te večeri sačekao iza lifta u zgradi. Kada je došla u stan, zazvonio je i potom ugurao u stan da bi mu ona kazala da se više ne zabavljaju i da je našla drugog momka odnosno komšiju Aleksandra. Opširnije o tome klikom OVDE.</article-text-transliterated><comment-list /></article><comments><comment-count>0</comment-count></comments></document>