<document global_id="sr-08-10"><url>https://www.srbijadanas.com/vesti/region/arendelovac-uz-bracu-u-crnoj-gori-hiljade-gradana-na-litiji-video-2020-02-01</url><source-id>08</source-id><local-id>10</local-id><source-name>srbijadanas</source-name><article><article-title>ARANĐELOVAC UZ BRAĆU U CRNOJ GORI Hiljade građana na litiji "MILO UKRAO JEZIK I VOLJU NARODA" (VIDEO) </article-title><article-time>2020-02-01</article-time><article-author>Srbija Danas/Agencije</article-author><article-text> Građani su noseći ikone i crkvene barjake prisustvovali molebanu u Hramu Svetih apostola Petra i Pavla. Među okupljenima se moglo čuti da više ljudi nije bilo od petooktobarskih promena, kad je u Aranđelovac dolazio Vojislav Koštunica. Profesor doktor Časlav Koprivica obratio se narodu i poručio da se Srbija mora oglasiti. Doktor političkih nauka Dušan Proroković istakao je da je Milo obogatio naš jezik novom reči - svetinjokradica. Istoričar Aleksandar Raković je praćen ovacijama poručio: Milo je prvo ukrao referendum, pa je ukrao jezik, pa je ukrao volju naroda i uveo Crnu Goru u NATO, sad hoće da ukrade crkvu. E, tu se malo preračunao!</article-text><article-text-transliterated> Građani su noseći ikone i crkvene barjake prisustvovali molebanu u Hramu Svetih apostola Petra i Pavla. Među okupljenima se moglo čuti da više ljudi nije bilo od petooktobarskih promena, kad je u Aranđelovac dolazio Vojislav Koštunica. Profesor doktor Časlav Koprivica obratio se narodu i poručio da se Srbija mora oglasiti. Doktor političkih nauka Dušan Proroković istakao je da je Milo obogatio naš jezik novom reči - svetinjokradica. Istoričar Aleksandar Raković je praćen ovacijama poručio: Milo je prvo ukrao referendum, pa je ukrao jezik, pa je ukrao volju naroda i uveo Crnu Goru u NATO, sad hoće da ukrade crkvu. E, tu se malo preračunao!</article-text-transliterated><comment-list /></article><comments><comment-count>0</comment-count></comments></document>