<document global_id="sr-08-101"><url>https://www.srbijadanas.com/sport/fudbal/uoci-meca-lige-evrope-sadik-natho-suma-i-asano-se-obratili-javnosti-uefa-ce-ovo-ceniti-2019-10-22</url><source-id>08</source-id><local-id>101</local-id><source-name>srbijadanas</source-name><article><article-title>UOČI MEČA LIGE EVROPE: Sadik, Natho, Suma i Asano se OBRATILI javnosti! UEFA će ovo ceniti </article-title><article-time>2019-10-22</article-time><article-author>Srbija Danas</article-author><article-text> Fudbalski klub Partizan priključio se akciji koju organizuju UEFA. Na četri različita jezika, koji predstavljaju njihove maternje, prvotimci Partizana Umar Sadik, Bibars Natho, Sajduba Suma i Takuma Asano obratili su se širokoj fudbalskoj naciji u kampanji "Reci NE rasizmu". Reci Ne rasizmu! #saynotoracism @europaleague @asatakugram @sadiq.umar19 @bibars66 @seydoubasoumah ##FootballPeople Објава коју дели  FK Partizan (@partizanbelgrade) дана 21. Окт 2019. у 11:34 PDT Sve je ovo vezano za meč grupne faze UEL koju Partizan igra u četvrtak od 19 časova pred svojim navijačima. Pogledajte slike srpske odbojkašice, Sare Sakradžije 
</article-text><article-text-transliterated> Fudbalski klub Partizan priključio se akciji koju organizuju UEFA. Na četri različita jezika, koji predstavljaju njihove maternje, prvotimci Partizana Umar Sadik, Bibars Natho, Sajduba Suma i Takuma Asano obratili su se širokoj fudbalskoj naciji u kampanji "Reci NE rasizmu". Reci Ne rasizmu! #saynotoracism @europaleague @asatakugram @sadiq.umar19 @bibars66 @seydoubasoumah ##FootballPeople Objava koju deli  FK Partizan (@partizanbelgrade) dana 21. Okt 2019. u 11:34 PDT Sve je ovo vezano za meč grupne faze UEL koju Partizan igra u četvrtak od 19 časova pred svojim navijačima. Pogledajte slike srpske odbojkašice, Sare Sakradžije </article-text-transliterated><comment-list /></article><comments><comment-count>0</comment-count></comments></document>