<document global_id="sr-08-145"><url>https://www.srbijadanas.com/clanak/idealno-pice-za-svaki-znak-04-08-2015</url><source-id>08</source-id><local-id>145</local-id><source-name>srbijadanas</source-name><article><article-title>ŽIVELI, ALI UMERENO: Idealno piće za svaki horoskopski znak </article-title><article-time>04-08-2015</article-time><article-author>Srbija Danas</article-author><article-text> Ovan  Oni vole da isprobavaju nove stvari, zbog čega je degustacija novih koktela idealno zanimanje za njih. Važno je da kokteli ne budu previše slatki, a obično im svaki dosadi nakon što ga duže vreme piju. Kokteli brzo "lupaju" u glavu sve osim Ovnova, pa su oni svojevrsni velik kapacitet za koktele. Bik Bikovi su veseli, prijateljski nastrojeni ljudi koji uživaju u dobrom društvu i zabavi s bliskim prijateljima. Bolje se zabavljaju u odabranom društvu nego okruženi nepoznatim licima na ludoj avanturi. Ipak, oni cene raskoš, pa će rado posegnuti za kapljicom dobrog viskija. U nedostatku boljeg odabira, popiće bilo šta, a treba da pripaze na količinu jer su neumereni u jelu i piću. Blizanci Vrlo su komunikativni, otvoreni i lako se snalaze u svim društvenim situacija. Pod delovanjem alkohola rado koketiraju i razgovaraju sa strancima. Idealno piće za njih je šeri, ali će rado popiti i crno vino u svim oblicima. Rak Oni su impulsivni i veoma emotivni, ali često menjaju raspoloženja i pod uticajem alkohola znaju se ponašati pomalo teatralno. Vole dobra talijanska crna vina, ali će im se svideti i slatki likeri od voća. Lav Lavovi su velikodušni, zabavni i kreativni, a često vole kvalitetno piće u društvu. Idealno piće za njih je džin, kojeg mogu piti na razne načine, bilo čistog ili mešanog sa nekim drugim pićem. Alkohol će samo podstaći njihovu simpatičnu, zabavnu stranu, pa su omiljeno društvo u izlascima. Device Njihov klasičan odabir je džin i tonik, jednostavna mešavina bez dodatnih kalorija. Ako preteraju s pićem, na videlo može izaći njihova potisnuta, pomalo agresivna strana, pa tada upadaju u verbalne konflikte. Vaga I u najtežim trenucima, pripadnici ovog znaka kontrolišu situaciju. Oni su tip ljudi za koje znate da će se dobro zabaviti na zabavi i lako uklopiti u društvo koje će zabaviti svojim humorom. Njihovo idealno piće je martini, a retko će preterati. Ipak, ako se to dogodi, najčešće će im pripasti muka.. Škorpija Oni su odlučni, moćni i probitačni. Takođe, mogu biti ljubomorni i posesivni, što se pojačava preteranim unosom alkohola. Odgovara im čaša finog viskija ili vodke, a ako piju više, dobar je odabir pivo. Strelac Ne vole fensi pića, a prvi im je odabir pivo. Često će naručiti i druga pića koja vide na šanku, a među omiljenima su im i slatke rakije poput medovače ili rakije od višnje. Trebalo bi da pripaze da ne mešaju previše pića, jer znaju postati vrlo emocionalni i nostalgični pod uticajem previše alkohola. Vodolija Idealno piće za pomalo divlje, ekscentrične i zabavne Vodolije je tekila u svim svojim oblicima. Vole da je piju čistu, pomešanu sa sokom ili u koktelu. Ona će ih "podići" i oraspoložiti, ali ipak treba da pripaze na količinu, jer su skloni neodgovornom ponašanju i olakom opijanju. Ribe Kako su Ribe osetljive i nežne, njima je potrebno piće koje ima toplinu, a istovremeno će im "razvezati jezik". Idealan odabir je koktel "White Russian" koji se sastoji od vodke, likera od kafe i slatke pavlake. Ako želite da saznate kakav je vaš znak kad popije koju više i kako podnosi alkohol, možete pročitati na OVOM linku. Pročitajte i:</article-text><article-text-transliterated> Ovan  Oni vole da isprobavaju nove stvari, zbog čega je degustacija novih koktela idealno zanimanje za njih. Važno je da kokteli ne budu previše slatki, a obično im svaki dosadi nakon što ga duže vreme piju. Kokteli brzo "lupaju" u glavu sve osim Ovnova, pa su oni svojevrsni velik kapacitet za koktele. Bik Bikovi su veseli, prijateljski nastrojeni ljudi koji uživaju u dobrom društvu i zabavi s bliskim prijateljima. Bolje se zabavljaju u odabranom društvu nego okruženi nepoznatim licima na ludoj avanturi. Ipak, oni cene raskoš, pa će rado posegnuti za kapljicom dobrog viskija. U nedostatku boljeg odabira, popiće bilo šta, a treba da pripaze na količinu jer su neumereni u jelu i piću. Blizanci Vrlo su komunikativni, otvoreni i lako se snalaze u svim društvenim situacija. Pod delovanjem alkohola rado koketiraju i razgovaraju sa strancima. Idealno piće za njih je šeri, ali će rado popiti i crno vino u svim oblicima. Rak Oni su impulsivni i veoma emotivni, ali često menjaju raspoloženja i pod uticajem alkohola znaju se ponašati pomalo teatralno. Vole dobra talijanska crna vina, ali će im se svideti i slatki likeri od voća. Lav Lavovi su velikodušni, zabavni i kreativni, a često vole kvalitetno piće u društvu. Idealno piće za njih je džin, kojeg mogu piti na razne načine, bilo čistog ili mešanog sa nekim drugim pićem. Alkohol će samo podstaći njihovu simpatičnu, zabavnu stranu, pa su omiljeno društvo u izlascima. Device Njihov klasičan odabir je džin i tonik, jednostavna mešavina bez dodatnih kalorija. Ako preteraju s pićem, na videlo može izaći njihova potisnuta, pomalo agresivna strana, pa tada upadaju u verbalne konflikte. Vaga I u najtežim trenucima, pripadnici ovog znaka kontrolišu situaciju. Oni su tip ljudi za koje znate da će se dobro zabaviti na zabavi i lako uklopiti u društvo koje će zabaviti svojim humorom. Njihovo idealno piće je martini, a retko će preterati. Ipak, ako se to dogodi, najčešće će im pripasti muka.. Škorpija Oni su odlučni, moćni i probitačni. Takođe, mogu biti ljubomorni i posesivni, što se pojačava preteranim unosom alkohola. Odgovara im čaša finog viskija ili vodke, a ako piju više, dobar je odabir pivo. Strelac Ne vole fensi pića, a prvi im je odabir pivo. Često će naručiti i druga pića koja vide na šanku, a među omiljenima su im i slatke rakije poput medovače ili rakije od višnje. Trebalo bi da pripaze da ne mešaju previše pića, jer znaju postati vrlo emocionalni i nostalgični pod uticajem previše alkohola. Vodolija Idealno piće za pomalo divlje, ekscentrične i zabavne Vodolije je tekila u svim svojim oblicima. Vole da je piju čistu, pomešanu sa sokom ili u koktelu. Ona će ih "podići" i oraspoložiti, ali ipak treba da pripaze na količinu, jer su skloni neodgovornom ponašanju i olakom opijanju. Ribe Kako su Ribe osetljive i nežne, njima je potrebno piće koje ima toplinu, a istovremeno će im "razvezati jezik". Idealan odabir je koktel "White Russian" koji se sastoji od vodke, likera od kafe i slatke pavlake. Ako želite da saznate kakav je vaš znak kad popije koju više i kako podnosi alkohol, možete pročitati na OVOM linku. Pročitajte i:</article-text-transliterated><comment-list /></article><comments><comment-count>0</comment-count></comments></document>