<document global_id="sr-08-24"><url>https://www.srbijadanas.com/vesti/region/nakon-skandala-sa-srpkim-udzbenicima-u-vukovaru-saopsten-razlog-kasnjenja-knjiga-2020-01-13</url><source-id>08</source-id><local-id>24</local-id><source-name>srbijadanas</source-name><article><article-title>Nakon skandala sa srpkim udžbenicima u Vukovaru, saopšten RAZLOG kašnjenja knjiga </article-title><article-time>2020-01-13</article-time><article-author>Tanjug </article-author><article-text> Učenici prvog i petog razreda osnovnih škola u Hrvatskoj, koji nastavu pohađaju na srpskom jeziku i ćiriličnom pismu, i dalje su bez udžbenika, a zamenik gradonačelnika Vukovara iz reda srpske zajednice Srđan Milaković kaže da je razlog kašnjenje sa prevodom udžbenika sa hrvatskog jezika na srpski jezik, što je obaveza predviđena zakonom. Milaković je objasnio da problem ne postoji samo u Vukovaru, već i u delovima istočne Hrvatske — Istočnoj Slavoniji, Baranji i Zapadnom Sremu, gde se sprovodi potpuna nastava na srpskom jeziku i ćiriličnom pismu i gde deca takođe nemaju nikakve udžbenike. Na problem nedostatka udžbenika na maternjem jeziku pažnju je usmerilo otvoreno pismo koje je otac jednog učenika koji pohađa osnovnu školu "Nikola Andrić" u Vukovaru uputio Vladi Hrvatske, narodnom pravobranitelju i pravobranitelju za prava dece. U otvorenom pismu, otac učenika V razreda te škole Dragan Crnogorac istakao je da njegovo dete i drugi đaci tog odeljenja imaju samo udžbenik i radne sveske za hrvatski, srpski i engleski jezik, dok sve ostale predmete — geografiju, istoriju, muzičku kulturu, likovnu kulturu, prirodu, matematiku, informatiku i tehničku kulturu — uče iz beleški sa nastave. Milaković kaže da je ceo proces okasnio najpre zbog prevoda, a potom, kada su prevodi završeni, zbog procedure odobravanja udžbenika. Prema njegovim rečima, postavlja se pitanje da li će i u drugom polugodištu ta procedura biti završena, jer udžbenici nisu još otišli ni u štampu i nije baš realno očekivati da to u neko dogledno vreme bude završeno. On dodaje da nije siguran da je u Hrvatskoj od nadležnih to neko doživeo kao ozbiljan problem, a i ako budu tako nešto komentarisali prebaciće priču na formalno-pravnu proceduru, uz objašnjenje da oni ne mogu da utiču na greške koje su se desile.</article-text><article-text-transliterated> Učenici prvog i petog razreda osnovnih škola u Hrvatskoj, koji nastavu pohađaju na srpskom jeziku i ćiriličnom pismu, i dalje su bez udžbenika, a zamenik gradonačelnika Vukovara iz reda srpske zajednice Srđan Milaković kaže da je razlog kašnjenje sa prevodom udžbenika sa hrvatskog jezika na srpski jezik, što je obaveza predviđena zakonom. Milaković je objasnio da problem ne postoji samo u Vukovaru, već i u delovima istočne Hrvatske — Istočnoj Slavoniji, Baranji i Zapadnom Sremu, gde se sprovodi potpuna nastava na srpskom jeziku i ćiriličnom pismu i gde deca takođe nemaju nikakve udžbenike. Na problem nedostatka udžbenika na maternjem jeziku pažnju je usmerilo otvoreno pismo koje je otac jednog učenika koji pohađa osnovnu školu "Nikola Andrić" u Vukovaru uputio Vladi Hrvatske, narodnom pravobranitelju i pravobranitelju za prava dece. U otvorenom pismu, otac učenika V razreda te škole Dragan Crnogorac istakao je da njegovo dete i drugi đaci tog odeljenja imaju samo udžbenik i radne sveske za hrvatski, srpski i engleski jezik, dok sve ostale predmete — geografiju, istoriju, muzičku kulturu, likovnu kulturu, prirodu, matematiku, informatiku i tehničku kulturu — uče iz beleški sa nastave. Milaković kaže da je ceo proces okasnio najpre zbog prevoda, a potom, kada su prevodi završeni, zbog procedure odobravanja udžbenika. Prema njegovim rečima, postavlja se pitanje da li će i u drugom polugodištu ta procedura biti završena, jer udžbenici nisu još otišli ni u štampu i nije baš realno očekivati da to u neko dogledno vreme bude završeno. On dodaje da nije siguran da je u Hrvatskoj od nadležnih to neko doživeo kao ozbiljan problem, a i ako budu tako nešto komentarisali prebaciće priču na formalno-pravnu proceduru, uz objašnjenje da oni ne mogu da utiču na greške koje su se desile.</article-text-transliterated><comment-list><comments comment-id="1"><comment-parent-id>empty</comment-parent-id><comment-text>.</comment-text><comment-text-transliterated>.</comment-text-transliterated></comments></comment-list></article><comments><comment-count>1</comment-count></comments></document>