<document global_id="sr-08-293"><url>https://www.srbijadanas.com/vesti/sirija/ekskluzivno-spisak-250-islamskih-ratnika-sa-balkana-u-siriji-i-iraku-15-decaka-davuda-3-otac-2018-03-29</url><source-id>08</source-id><local-id>293</local-id><source-name>srbijadanas</source-name><article><article-title>EKSKLUZIVNO: SPISAK 250 ISLAMSKIH RATNIKA SA BALKANA U SIRIJI I IRAKU (15): Dečaka Davuda (3) otac kidnapovao i odveo na ratište </article-title><article-time>2018-03-29</article-time><article-author>Srbija Danas/Dušan Marić</article-author><article-text> Martinović Edin (1987) iz Novog Pazara, u Siriju je otišao u julu 2014.  Do odlaska u rat živeo je u Holandiji. Poginuo je 23. septembra 2014. godine, kao pripadnik Islamske države. Pročitajte i: Matoši Patriot (19) iz sela Velikince kod Gnjilana, poginuo je 8. avusta 2014.  u Siriji, samo nekoliko meseci nakon što je otišao u rat. Pre odlaska na Bliski istok bio je učenik medrese „Alaud-di“. Bio je blizak sa radikalnim gnjilanskim imamom Zekerijom Ćazimijem i teroristom Lavdrimom Muhadžerijem, koji je bio Ćazimijev učitelj. Na društvenim mrežama je aktivno propagirao islam, predstavljajući se nadimkom koji doslovno preveden na albanski jezik glasi „Dođi u Džihad“. Kada je jedan imam na društvenim mrežama kritikovao njegovo propagiranje Islamske države i terorizma, Matoši mu je odgovorio: „Neka me bog odredi da ti odsečem glavu“. Po informacijama koje je porodica dobila od njegovih saboraca, tačku na ovu tužnu i promašenu životnu priču stavio je pucanj iz snajpera. Mehmeti Velji (27) iz Beograda, u Siriju ga odveo Samir Šaćiri. Mehmeti Muaz iz Preševa, poginuo u Siriji. Meco Muhamed iz Sarajeva, pripadnik vehabijskog pokreta, po jednim izvorima, sredinom 2013. godine vratio se iz Sirije, po drugim u tu zemlju nije ni stigao, jer su ga bezbedonosne službe zaustavile na tursko-sirijskoj granici. Njegove zet Enes Omeragić  (1981) uhapšen je 18. novembra 2015. Pod optužbom da je tog dana u terorističkom napadu ubio pripadnike oružanih snaga BiH Armina Salkića i Nedeljka Radića. Policija BiH ga je 20. marta 2008. godine hapsila zajedno sa vehabijama Rijadom Rustempašićem, Abdulahom Handžićem, Edisom Velićem i Muhamedom Fičerom, pod optužbom da spremaju terorističke akcije, jer je pretresom njihovih stanova pronađena veća količina eksploziva. Uhapšen je i 2014. u velikoj akciji „Damask“, zajedno sa većom grupom lica osumnjičenih da su ratovala u Siriji ili učestvovala u regrutovanju islamskih ratnika. Mešanović Sulejman (1988) iz Gradačca. Interpol je 19. juna 2016. godine raspisao crvenu poternicu zbog pripadanja islamskim terorističkim grupama koje se bore u Siriji za Senadom Kasupovićem, Ramom Grahovićem (1967)  iz Velike Kladuše, Ibrom Čufurovićem (1995) iz Velike Kladuše, Edinom Pečenkovićem (1963) iz Bihaća, Jasminom Keserovićem (1995) iz Zavidovića i Sulejmanom Mešanovićem. Mešanović je jedan od osnivača paradžemata u Gračacu, a policija u Sarajevu raspolaže podacima da je u Siriji boravio više puta i da je promenio ime. Mešanović Ismar iz Tešnja je pre odlaska u Siriju živeo u Longaroneu, Italija, gde je radio kao moler.  Oženio se 2011. Kubankom Lidijom Solano Hererom, sa kojom je dobio sina Davuda. Ona tvrdi da joj je Mešanović u decembru 2013. rekao da sa njihovim trogodišnjim sinom ide na nekoliko dana u Bosnu kod rodbine.  Poslednji put se sa njima čula krajem decembra, kada joj je muž rekao da se nalaze u Srbiji. O njima nije znala ništa sve dok u decembru 2014. na društvenim mrežama nije svoje dete videla među islamskim teroristima u Siriji. Dečak je „izgubljenog pogleda“,  u uniformi, sa puškom-igračkom oko vrata i crnim povezom sa islamskim simbolima.  Na drugoj fotografiji dečak se nalazi na motociklu, u naručju teroriste sa crvenom bradom, kojeg su italijanske bezbedonosne službe identifikovale kao Saida Čolića iz BiH, koji se u Siriji nalazi od 2013.   Ispostavilo se da je Ismar Mešanović poginuo oko 6. januara 2014.godine, pet dana od dolaska na ratište, pa se pretpostavlja da je Čolić preuzeo brigu o detetu, u skladu sa pravilom terorista da u slučaju pogibije porodicu palog teroriste „nasleđuje“ neko od saboraca. Italijanska policija je došla do podatka da je Mešanovića među islamske teroriste vrbovao Bilal Bosnić, na svom predavanju u Pordenoneu. Mešanović je bio pripadnik jedinice od 20-30 boraca iz BiH u Siriji kojom je komandovao Edin Pečenković. Njegovo prisustvo u istoj jedinici pominje Sedin Huseinović, koji je u Siriji ratovao u leto 2012. pa u jesen 2013. godine. Vesti iz Sirije, Iraka i Jemena možete pogledati OVDE. Piše: Dušan Marić</article-text><article-text-transliterated> Martinović Edin (1987) iz Novog Pazara, u Siriju je otišao u julu 2014.  Do odlaska u rat živeo je u Holandiji. Poginuo je 23. septembra 2014. godine, kao pripadnik Islamske države. Pročitajte i: Matoši Patriot (19) iz sela Velikince kod Gnjilana, poginuo je 8. avusta 2014.  u Siriji, samo nekoliko meseci nakon što je otišao u rat. Pre odlaska na Bliski istok bio je učenik medrese „Alaud-di“. Bio je blizak sa radikalnim gnjilanskim imamom Zekerijom Ćazimijem i teroristom Lavdrimom Muhadžerijem, koji je bio Ćazimijev učitelj. Na društvenim mrežama je aktivno propagirao islam, predstavljajući se nadimkom koji doslovno preveden na albanski jezik glasi „Dođi u Džihad“. Kada je jedan imam na društvenim mrežama kritikovao njegovo propagiranje Islamske države i terorizma, Matoši mu je odgovorio: „Neka me bog odredi da ti odsečem glavu“. Po informacijama koje je porodica dobila od njegovih saboraca, tačku na ovu tužnu i promašenu životnu priču stavio je pucanj iz snajpera. Mehmeti Velji (27) iz Beograda, u Siriju ga odveo Samir Šaćiri. Mehmeti Muaz iz Preševa, poginuo u Siriji. Meco Muhamed iz Sarajeva, pripadnik vehabijskog pokreta, po jednim izvorima, sredinom 2013. godine vratio se iz Sirije, po drugim u tu zemlju nije ni stigao, jer su ga bezbedonosne službe zaustavile na tursko-sirijskoj granici. Njegove zet Enes Omeragić  (1981) uhapšen je 18. novembra 2015. Pod optužbom da je tog dana u terorističkom napadu ubio pripadnike oružanih snaga BiH Armina Salkića i Nedeljka Radića. Policija BiH ga je 20. marta 2008. godine hapsila zajedno sa vehabijama Rijadom Rustempašićem, Abdulahom Handžićem, Edisom Velićem i Muhamedom Fičerom, pod optužbom da spremaju terorističke akcije, jer je pretresom njihovih stanova pronađena veća količina eksploziva. Uhapšen je i 2014. u velikoj akciji „Damask“, zajedno sa većom grupom lica osumnjičenih da su ratovala u Siriji ili učestvovala u regrutovanju islamskih ratnika. Mešanović Sulejman (1988) iz Gradačca. Interpol je 19. juna 2016. godine raspisao crvenu poternicu zbog pripadanja islamskim terorističkim grupama koje se bore u Siriji za Senadom Kasupovićem, Ramom Grahovićem (1967)  iz Velike Kladuše, Ibrom Čufurovićem (1995) iz Velike Kladuše, Edinom Pečenkovićem (1963) iz Bihaća, Jasminom Keserovićem (1995) iz Zavidovića i Sulejmanom Mešanovićem. Mešanović je jedan od osnivača paradžemata u Gračacu, a policija u Sarajevu raspolaže podacima da je u Siriji boravio više puta i da je promenio ime. Mešanović Ismar iz Tešnja je pre odlaska u Siriju živeo u Longaroneu, Italija, gde je radio kao moler.  Oženio se 2011. Kubankom Lidijom Solano Hererom, sa kojom je dobio sina Davuda. Ona tvrdi da joj je Mešanović u decembru 2013. rekao da sa njihovim trogodišnjim sinom ide na nekoliko dana u Bosnu kod rodbine.  Poslednji put se sa njima čula krajem decembra, kada joj je muž rekao da se nalaze u Srbiji. O njima nije znala ništa sve dok u decembru 2014. na društvenim mrežama nije svoje dete videla među islamskim teroristima u Siriji. Dečak je „izgubljenog pogleda“,  u uniformi, sa puškom-igračkom oko vrata i crnim povezom sa islamskim simbolima.  Na drugoj fotografiji dečak se nalazi na motociklu, u naručju teroriste sa crvenom bradom, kojeg su italijanske bezbedonosne službe identifikovale kao Saida Čolića iz BiH, koji se u Siriji nalazi od 2013.   Ispostavilo se da je Ismar Mešanović poginuo oko 6. januara 2014.godine, pet dana od dolaska na ratište, pa se pretpostavlja da je Čolić preuzeo brigu o detetu, u skladu sa pravilom terorista da u slučaju pogibije porodicu palog teroriste „nasleđuje“ neko od saboraca. Italijanska policija je došla do podatka da je Mešanovića među islamske teroriste vrbovao Bilal Bosnić, na svom predavanju u Pordenoneu. Mešanović je bio pripadnik jedinice od 20-30 boraca iz BiH u Siriji kojom je komandovao Edin Pečenković. Njegovo prisustvo u istoj jedinici pominje Sedin Huseinović, koji je u Siriji ratovao u leto 2012. pa u jesen 2013. godine. Vesti iz Sirije, Iraka i Jemena možete pogledati OVDE. Piše: Dušan Marić</article-text-transliterated><comment-list /></article><comments><comment-count>0</comment-count></comments></document>