<document global_id="sr-08-194"><url>https://www.srbijadanas.com/vesti/info/cuvena-prorocanstva-oca-tadeja-jednog-dana-posle-velikih-stradanja-srbi-ce-se-ujediniti-2017-01-01</url><source-id>08</source-id><local-id>194</local-id><source-name>srbijadanas</source-name><article><article-title>ČUVENA PROROČANSTVA OCA TADEJA: Jednog dana, posle velikih stradanja, Srbi će se ujediniti! </article-title><article-time>2017-01-01</article-time><article-author>Telegraf/Srbija Danas</article-author><article-text> Starac Tadej Vitovnički, sveti srpski prorok, isposnik i veliki bogovidac, koji se upokojio 2004. godine, ostavio je za sobom mnoga proročanstva o Srbima, Crnoj Gori, Kosovu i događajima koji će se uskoro zbiti. Evo najinteresantnijih delova. Osam godina pre jednostranog proglašenja nezavisnosti Kosova, otac Tadej je rekao: "Albanci na Kosovu će proglasiti nezavisnost. Ali, to će biti protivpravno. Jednog dana, posle velikih stradanja u koje će upasti Srbija i čitav srpski narod, zbog bogoodstupništva srpskih vlastodržaca ali i jednog dela naroda, ipak će doći do ujedinjenja najvećeg dela Srba. I Amerika i Zapad će Srbe ponovno goniti. Ipak, posle velikih srpskih stradanja (ovo je govorio posle 1999.), iznenada, Amerika i Zapad će doživeti strahoviti poraz, pa će se sva njihova vojska povući sa Kosova. Tada će Srbi, za veoma kratko vreme osloboditi svoju duhovnu kolevku". Osim što je govorio da će se Crna Gora otcepiti objašnjavao je i da će udar na srpski jezik biti silan u Crnoj Gori i da će bezbožna vlast udariti i na srpsku crkvu. Neki građani koji su navodno imali direktan susret sa ocen Tadejom kažu da im je rekao da će u Crnoj Gori u jednom trenutku početi građanski rat, a na kraju i rat sa Albancima. Jednom čoveku iz Nikšića koji je stalno išao kod starca Tadeja rekao je da ne kupuje stan u Nikšiću, jer još nije pravo vreme, i da Crna Gora uskoro postaje nezavisna te da će za Srbe biti veoma teško. Ipak, opet je rekao da će Srbi na kraju, posle velikih stradanja pobediti, ali da će cena pobede biti veoma velika. Najveći udar biće na SPC u Crnoj Gori i Mitropoliju na Cetinju. Na kraju, kako je govorio starac Tadej, Crnu Goru će miriti ljudi iz Srbije, i ona će na kraju ponovo ući u sastav jedinstvene srpske države. Čak je govorio da će i mošti Svetog Vasilija Ostroškog jedno vreme morati da budu prebačene iz Ostroga na sigurnije mesto, piše u tekstu na pogledi.rs. Tadej je govorio i da će Amerika uskoro pući kao balon, i da će tek posle kraha Amerike, Zapada i NATO-a, Srbi biti većinsko stanovništvo na Kosovu, jer će se NATO povući sa Kosova. Što je tragično, rekao je da će Srbi da se vrate bogu tek posle žestokog stradanja, i da će Zapad ponovo i vojno ratovati protiv Srbije. Govorio je da će i Vojvodina da krene putem separatizma, i da će u Vojvodini i Beogradu biti najteže, a najsigurnije u Centralnoj Srbiji. Što se tiče Srba u Republici Srpskoj, starac je rekao da će se i oni na kraju pridružiti ujedinjenoj srpskoj državi. Tadej je navodno mnogo voleo Ruse i govorio je da oni imaju veliki dar pokajanja kakvog kod Srba retko ima. Govorio je da se treba stalno moliti, biti smiren i dobar, voleti bližnje, biti poslušan roditeljima i u mislima. Prvi duhovnik u manastiru mu je bio Rus koji se zvao Amvrosije, u manastiru Miljkovo kraj Morave. Biće mnogo opasno, a u jednom trenutku doći će do skoro totalnog kraha Srbije. Sveti starac je navodno govorio da se ne kupuju kuće pored velikih reka, i da treba ulagati u nekretnine, u kupovinu zemlje i objekata u Srbiji, pre svega Centralnoj. Pogotovo je govorio da se izbegava kupovina kuća u Vojvodini i Beogradu, a ako već neko hoće da kupi kuću ili stan u Beogradu da to ne bude u centru niti pored Save i Dunava, već malo ka periferiji i dalje od velikih reka, piše nepoznati autor. Starac Gavrilo je to objasnio ovako: Pola Beograda biće poplavljeno, a pola će se urušiti sam od sebe jer je potkopan nekakvim tunelima. A i druga će ga nevolja snaći. Ljudi neće smeti ni ulicom slobodno šetati. Kad su ga pitali: Zašto oče? "Ne znam" – rekao je, "samo vidim kolone ljudi kako izlaze iz Beograda, nemojte tamo ići i budućnost počinjati, moraćete bežati iz njega". Savetovao je svim gastabajterima da ulažu u nekretnine u Centralnoj Srbiji i da ne drže novac u bankama, jer će im to preko noći propasti, kad na berzama dođe do haosa.</article-text><article-text-transliterated> Starac Tadej Vitovnički, sveti srpski prorok, isposnik i veliki bogovidac, koji se upokojio 2004. godine, ostavio je za sobom mnoga proročanstva o Srbima, Crnoj Gori, Kosovu i događajima koji će se uskoro zbiti. Evo najinteresantnijih delova. Osam godina pre jednostranog proglašenja nezavisnosti Kosova, otac Tadej je rekao: "Albanci na Kosovu će proglasiti nezavisnost. Ali, to će biti protivpravno. Jednog dana, posle velikih stradanja u koje će upasti Srbija i čitav srpski narod, zbog bogoodstupništva srpskih vlastodržaca ali i jednog dela naroda, ipak će doći do ujedinjenja najvećeg dela Srba. I Amerika i Zapad će Srbe ponovno goniti. Ipak, posle velikih srpskih stradanja (ovo je govorio posle 1999.), iznenada, Amerika i Zapad će doživeti strahoviti poraz, pa će se sva njihova vojska povući sa Kosova. Tada će Srbi, za veoma kratko vreme osloboditi svoju duhovnu kolevku". Osim što je govorio da će se Crna Gora otcepiti objašnjavao je i da će udar na srpski jezik biti silan u Crnoj Gori i da će bezbožna vlast udariti i na srpsku crkvu. Neki građani koji su navodno imali direktan susret sa ocen Tadejom kažu da im je rekao da će u Crnoj Gori u jednom trenutku početi građanski rat, a na kraju i rat sa Albancima. Jednom čoveku iz Nikšića koji je stalno išao kod starca Tadeja rekao je da ne kupuje stan u Nikšiću, jer još nije pravo vreme, i da Crna Gora uskoro postaje nezavisna te da će za Srbe biti veoma teško. Ipak, opet je rekao da će Srbi na kraju, posle velikih stradanja pobediti, ali da će cena pobede biti veoma velika. Najveći udar biće na SPC u Crnoj Gori i Mitropoliju na Cetinju. Na kraju, kako je govorio starac Tadej, Crnu Goru će miriti ljudi iz Srbije, i ona će na kraju ponovo ući u sastav jedinstvene srpske države. Čak je govorio da će i mošti Svetog Vasilija Ostroškog jedno vreme morati da budu prebačene iz Ostroga na sigurnije mesto, piše u tekstu na pogledi.rs. Tadej je govorio i da će Amerika uskoro pući kao balon, i da će tek posle kraha Amerike, Zapada i NATO-a, Srbi biti većinsko stanovništvo na Kosovu, jer će se NATO povući sa Kosova. Što je tragično, rekao je da će Srbi da se vrate bogu tek posle žestokog stradanja, i da će Zapad ponovo i vojno ratovati protiv Srbije. Govorio je da će i Vojvodina da krene putem separatizma, i da će u Vojvodini i Beogradu biti najteže, a najsigurnije u Centralnoj Srbiji. Što se tiče Srba u Republici Srpskoj, starac je rekao da će se i oni na kraju pridružiti ujedinjenoj srpskoj državi. Tadej je navodno mnogo voleo Ruse i govorio je da oni imaju veliki dar pokajanja kakvog kod Srba retko ima. Govorio je da se treba stalno moliti, biti smiren i dobar, voleti bližnje, biti poslušan roditeljima i u mislima. Prvi duhovnik u manastiru mu je bio Rus koji se zvao Amvrosije, u manastiru Miljkovo kraj Morave. Biće mnogo opasno, a u jednom trenutku doći će do skoro totalnog kraha Srbije. Sveti starac je navodno govorio da se ne kupuju kuće pored velikih reka, i da treba ulagati u nekretnine, u kupovinu zemlje i objekata u Srbiji, pre svega Centralnoj. Pogotovo je govorio da se izbegava kupovina kuća u Vojvodini i Beogradu, a ako već neko hoće da kupi kuću ili stan u Beogradu da to ne bude u centru niti pored Save i Dunava, već malo ka periferiji i dalje od velikih reka, piše nepoznati autor. Starac Gavrilo je to objasnio ovako: Pola Beograda biće poplavljeno, a pola će se urušiti sam od sebe jer je potkopan nekakvim tunelima. A i druga će ga nevolja snaći. Ljudi neće smeti ni ulicom slobodno šetati. Kad su ga pitali: Zašto oče? "Ne znam" – rekao je, "samo vidim kolone ljudi kako izlaze iz Beograda, nemojte tamo ići i budućnost počinjati, moraćete bežati iz njega". Savetovao je svim gastabajterima da ulažu u nekretnine u Centralnoj Srbiji i da ne drže novac u bankama, jer će im to preko noći propasti, kad na berzama dođe do haosa.</article-text-transliterated><comment-list /></article><comments><comment-count>0</comment-count></comments></document>