<document global_id="sr-08-110"><url>https://www.srbijadanas.com/clanak/traze-otcepljenje-ljudski-lanci-za-referendum-o-nezavisnosti-baskijaca-21-06-2015</url><source-id>08</source-id><local-id>110</local-id><source-name>srbijadanas</source-name><article><article-title>TRAŽE SVOJU DRŽAVU: Hiljade Baskijaca u demonstracijama za nezavisnost (VIDEO-FOTO) </article-title><article-time>21-06-2015</article-time><article-author>Tanjug</article-author><article-text> Demonstranti u dugoj šarenoj odeći, prošli su kroz baskijsku prestonicu Vitoriju, trgovinski centar Bilbao i letovalište San Sebastijan, kao i kroz Pamplonu i susedni region Navara, u kojoj veliki broj stanovnika govori baskijski. Mnogi demonstranti obojili su lica i telo u crveno, belo i zeleno - boje baskijske zastave. Protest je organizovala platforma "U vašim je rukama" (Gure Esku Dago), koja se zalaže za nezavisnost, a podržale su ga separatističke stranke, kao i na desetine lokalnih javnih ličnosti iz sveta umetnosti i sporta, preneo je AFP. Ova grupa organizovala je u junu 2014. ljudski lanac dug 123 kilometra, od Duranga na severu do Pamplone. Baskija, koja ima sopstveni jezik i kulturu, oduvek traži veću nezavisnost od Španije. Današnje proteste pratili su muzički i plesni performansi, a organizatori su na mestima okupljanja postavili velike glasačke kutije, kao simbole referenduma koji žele da održe. Pročitajte i:</article-text><article-text-transliterated> Demonstranti u dugoj šarenoj odeći, prošli su kroz baskijsku prestonicu Vitoriju, trgovinski centar Bilbao i letovalište San Sebastijan, kao i kroz Pamplonu i susedni region Navara, u kojoj veliki broj stanovnika govori baskijski. Mnogi demonstranti obojili su lica i telo u crveno, belo i zeleno - boje baskijske zastave. Protest je organizovala platforma "U vašim je rukama" (Gure Esku Dago), koja se zalaže za nezavisnost, a podržale su ga separatističke stranke, kao i na desetine lokalnih javnih ličnosti iz sveta umetnosti i sporta, preneo je AFP. Ova grupa organizovala je u junu 2014. ljudski lanac dug 123 kilometra, od Duranga na severu do Pamplone. Baskija, koja ima sopstveni jezik i kulturu, oduvek traži veću nezavisnost od Španije. Današnje proteste pratili su muzički i plesni performansi, a organizatori su na mestima okupljanja postavili velike glasačke kutije, kao simbole referenduma koji žele da održe. Pročitajte i:</article-text-transliterated><comment-list /></article><comments><comment-count>0</comment-count></comments></document>