<document global_id="sr-08-91"><url>https://www.srbijadanas.com/vesti/svet/amerika-otvara-mrezu-labaratorija-za-biolosko-oruzje-covecanstvo-u-opasnosti-2019-11-11</url><source-id>08</source-id><local-id>91</local-id><source-name>srbijadanas</source-name><article><article-title>Amerika otvara mrežu laboratorija za BIOLOŠKO ORUŽJE: Čovečanstvo u opasnosti! </article-title><article-time>2019-11-11</article-time><article-author>Srna</article-author><article-text> On je podsetio da su Amerikanci demontirali Sporazum o likvidaciji raketa srednjeg i kratkog dometa (INF), napustili ugovor o antiballističkim raketama (ABMT) iz 2002. godine, imaju rezerve prema ratifikaciji Sveobuhvatnog ugovora o zabrani nuklearnog testiranja (CTBT) i rada na produženju novog START (Ugovora o smanjenju strateškog naoružanja) i podvukao činjenicu da je Vašington nedavno objavio da se priprema da se povuče iz Ugovora o otvorenom nebu. Amerika otvara mrežu labaratorija za biološko oružje Petrušev je takođe upozorio da SAD otvaraju mrežu laboratorija širom sveta u kojima se može proizvoditi biološko oružje. On je istakao da je od posebnog značaja aktivnost Pentagona sa ciljem otvaranja laboratorija za proizvodnju biološkog oružja širom sveta, pre svega u zemljama članicama Zajednice nezavisnih država. Patrušev ističe da će se u laboratorijama, osim proizvodnje biološkog oružja, sprovoditi istraživanje o infektivnim oboljenjima. Prema njegovim rečima, sve to upućuje na potrebu za bliskom koordinacijom sa stranim partnerima, uključujući kroz potpisivanje bilateralnih sporazuma o biološkoj bezbednosti. Sekretar Saveta bezbednosti Rusije dodao je da zapad ojačava nacionalizam, neonacizam i očiglednu rusofobiju, uz diskriminaciju ruskog jezika i klevetanje i izokretanje zajedničke istorije zemalja članica Zajednice nezavisnih država.</article-text><article-text-transliterated> On je podsetio da su Amerikanci demontirali Sporazum o likvidaciji raketa srednjeg i kratkog dometa (INF), napustili ugovor o antiballističkim raketama (ABMT) iz 2002. godine, imaju rezerve prema ratifikaciji Sveobuhvatnog ugovora o zabrani nuklearnog testiranja (CTBT) i rada na produženju novog START (Ugovora o smanjenju strateškog naoružanja) i podvukao činjenicu da je Vašington nedavno objavio da se priprema da se povuče iz Ugovora o otvorenom nebu. Amerika otvara mrežu labaratorija za biološko oružje Petrušev je takođe upozorio da SAD otvaraju mrežu laboratorija širom sveta u kojima se može proizvoditi biološko oružje. On je istakao da je od posebnog značaja aktivnost Pentagona sa ciljem otvaranja laboratorija za proizvodnju biološkog oružja širom sveta, pre svega u zemljama članicama Zajednice nezavisnih država. Patrušev ističe da će se u laboratorijama, osim proizvodnje biološkog oružja, sprovoditi istraživanje o infektivnim oboljenjima. Prema njegovim rečima, sve to upućuje na potrebu za bliskom koordinacijom sa stranim partnerima, uključujući kroz potpisivanje bilateralnih sporazuma o biološkoj bezbednosti. Sekretar Saveta bezbednosti Rusije dodao je da zapad ojačava nacionalizam, neonacizam i očiglednu rusofobiju, uz diskriminaciju ruskog jezika i klevetanje i izokretanje zajedničke istorije zemalja članica Zajednice nezavisnih država.</article-text-transliterated><comment-list /></article><comments><comment-count>0</comment-count></comments></document>