<document global_id="sr-08-44"><url>https://www.srbijadanas.com/vesti/region/kinezi-su-otvoreni-i-druzeljubivi-goran-je-kuci-dosao-pre-koronavirusa-jedva-ceka-da-se-vrati-u-2020-02-06</url><source-id>08</source-id><local-id>44</local-id><source-name>srbijadanas</source-name><article><article-title>"Kinezi su otvoreni i druželjubivi" Goran je kući došao PRE KORONAVIRUSA: JEDVA ČEKA da se vrati u Vuhan! </article-title><article-time>2020-02-06</article-time><article-author>Srbija Danas/Blic</article-author><article-text> U zavičaj je došao da provede božićne praznike, nekoliko sedmica pre nego što se pojavio koronavirus od kojeg strahuje cela planeta. Školska godina u Kini trebalo je da počne 4. februara, ali je nastava odgođena do daljnjeg. Mladić nestrpljivo iščekuje kada bi se ponovo mogao vratiti na posao u ovaj kineski grad u kojem živi oko 11 miliona stanovnika, a koji je postao karantin i središte epidemije koronavirusa. -Koronavirus se pojavio u jednom delu grada, koji je prilično daleko od mesta na kojem ja stanujem. Da bi se metroom stiglo iz jednog do drugog kraja grada potrebno je četiri sata. Virus je najpre tretiran kao prehlada, upozoravali su stanovnike da nose maske i izbegavaju veće skupove, da smanje kontakte sa drugima , a tek kad su počeli da se dešavaju smrtni slučajevi, shvatili smo da se radi o epidemiji koja nije bezazlena - priča Goran. Kaže da se svakodnevno čuje sa menadžerkom škole u kojoj radi. Goran je radio deset godina kao profesor engleskog u Modriči, a onda je odlučio da ode u Kinu gde je dobio posao u Centru za učenje jezika. Radi sa decom od tri do osam godina koji kroz igru uče engleski. Sa nestrpljenjem čeka povratak u Kinu. Dolazak u najmnogoljudniju zemlju, među ljude sa drugačijom kulturom, navikama, hranom, bio je veliki izazov na koji je Goran gledao sa puno optimizma. I hrana mu je predstavljala veliki izazov, jer Kinezi ne jedu mnogo slano, ali jedu začinjeno i slatko i još kombinuju sa ljutim. Nakon šest radnih dana Goran je nedelje, koje su mu jedini slobodni dani, koristio da što bolje upozna znamenitosti ovog grada. Kakav je grad kad nema virusa</article-text><article-text-transliterated> U zavičaj je došao da provede božićne praznike, nekoliko sedmica pre nego što se pojavio koronavirus od kojeg strahuje cela planeta. Školska godina u Kini trebalo je da počne 4. februara, ali je nastava odgođena do daljnjeg. Mladić nestrpljivo iščekuje kada bi se ponovo mogao vratiti na posao u ovaj kineski grad u kojem živi oko 11 miliona stanovnika, a koji je postao karantin i središte epidemije koronavirusa. -Koronavirus se pojavio u jednom delu grada, koji je prilično daleko od mesta na kojem ja stanujem. Da bi se metroom stiglo iz jednog do drugog kraja grada potrebno je četiri sata. Virus je najpre tretiran kao prehlada, upozoravali su stanovnike da nose maske i izbegavaju veće skupove, da smanje kontakte sa drugima , a tek kad su počeli da se dešavaju smrtni slučajevi, shvatili smo da se radi o epidemiji koja nije bezazlena - priča Goran. Kaže da se svakodnevno čuje sa menadžerkom škole u kojoj radi. Goran je radio deset godina kao profesor engleskog u Modriči, a onda je odlučio da ode u Kinu gde je dobio posao u Centru za učenje jezika. Radi sa decom od tri do osam godina koji kroz igru uče engleski. Sa nestrpljenjem čeka povratak u Kinu. Dolazak u najmnogoljudniju zemlju, među ljude sa drugačijom kulturom, navikama, hranom, bio je veliki izazov na koji je Goran gledao sa puno optimizma. I hrana mu je predstavljala veliki izazov, jer Kinezi ne jedu mnogo slano, ali jedu začinjeno i slatko i još kombinuju sa ljutim. Nakon šest radnih dana Goran je nedelje, koje su mu jedini slobodni dani, koristio da što bolje upozna znamenitosti ovog grada. Kakav je grad kad nema virusa</article-text-transliterated><comment-list /></article><comments><comment-count>0</comment-count></comments></document>