<document global_id="sr-08-283"><url>https://www.srbijadanas.com/vesti/info/poseta-sa-posebnim-ciljem-putinovi-nocni-vukovi-u-beogradu-gradom-proneli-pesmu-caru-lazaru-2018-03-28</url><source-id>08</source-id><local-id>283</local-id><source-name>srbijadanas</source-name><article><article-title>Poseta sa POSEBNIM CILJEM: Putinovi "Noćni vukovi" u Beogradu, gradom proneli stihove caru Lazaru </article-title><article-time>2018-03-28</article-time><article-author>Srbija Danas/Srpski telegraf</article-author><article-text> Srpski narod jedini pamti šta su Rusi sve uradili za njih! Srbe i Ruse povezuju jezik, kultura i vera. Svet koji nas okružuje je licemeran i zato treba da podržavamo jedni druge. U tom zajedništvu leži naša snaga. Ovo su reči kojima se obratio  sveštenik Afanasije koji je sa Putinovim "Noćnim vukovima" stigao u Srbiju i pozdravio srpski narod. Ruski bajkeri juče su zvanično u Beogradu završili turneju "Ruski Balkan". Na svom hodočašću obilazili su srpske pravoslavne svetinje kako bi Srbiji pokazali da u najkritičnijim vremenima može da računa na podršku Rusije. Pročitajte i: Na zapadu ih nazivaju teroristima, a u pravoslavnom svetu dočekuju oberučke. "Noćni vukovi" su poznati po prijateljstvu sa ruskim predsednikom Vladimirom Putinom, a na hodočašće putuju pod zastavom na kojoj je na srpskom ispisana pesma o srpskom caru Lazaru "Kneževa kletva". A kako bi još više produbili prijateljstva dva naroda, planiraju da povežu dva polja - rusko Kulikovo, gde se odigrala jedna od najznačajnijih bitaka u istoriji ove zemlje, i Kosovo polje. Otac Afanasije je oduševljen dobrotom i iskrenom ljubavlju običnog srpskog čoveka.</article-text><article-text-transliterated> Srpski narod jedini pamti šta su Rusi sve uradili za njih! Srbe i Ruse povezuju jezik, kultura i vera. Svet koji nas okružuje je licemeran i zato treba da podržavamo jedni druge. U tom zajedništvu leži naša snaga. Ovo su reči kojima se obratio  sveštenik Afanasije koji je sa Putinovim "Noćnim vukovima" stigao u Srbiju i pozdravio srpski narod. Ruski bajkeri juče su zvanično u Beogradu završili turneju "Ruski Balkan". Na svom hodočašću obilazili su srpske pravoslavne svetinje kako bi Srbiji pokazali da u najkritičnijim vremenima može da računa na podršku Rusije. Pročitajte i: Na zapadu ih nazivaju teroristima, a u pravoslavnom svetu dočekuju oberučke. "Noćni vukovi" su poznati po prijateljstvu sa ruskim predsednikom Vladimirom Putinom, a na hodočašće putuju pod zastavom na kojoj je na srpskom ispisana pesma o srpskom caru Lazaru "Kneževa kletva". A kako bi još više produbili prijateljstva dva naroda, planiraju da povežu dva polja - rusko Kulikovo, gde se odigrala jedna od najznačajnijih bitaka u istoriji ove zemlje, i Kosovo polje. Otac Afanasije je oduševljen dobrotom i iskrenom ljubavlju običnog srpskog čoveka.</article-text-transliterated><comment-list /></article><comments><comment-count>0</comment-count></comments></document>