<document global_id="sr-08-29"><url>https://www.srbijadanas.com/vesti/drustvo/evo-kako-zive-srbi-koji-su-otisli-u-svet-kuci-s-posla-ides-umoran-ali-bez-stresa-i-pitanja-sta-ce-2020-01-06</url><source-id>08</source-id><local-id>29</local-id><source-name>srbijadanas</source-name><article><article-title>EVO KAKO ŽIVE SRBI KOJI SU OTIŠLI U SVET: Kući s posla ideš umoran, ali bez stresa i pitanja ŠTA ĆE BITI SUTRA! </article-title><article-time>2020-01-06</article-time><article-author>Srbija Danas/Blic</article-author><article-text> Srbe širom Nemačke iznajmljivanje stana mesečno košta od 500 do 1.300 evra, odnosno i više od 1.500 evra ukoliko odluče da zakupe kuću. Najčešće zakupljuju stanove na periferiji, čak i ako na posao moraju da putuju kilometrima, jer su cene zakupa u centralnom delu grada i duplo veće. Ova devojka kaže da se svaki put oseća kao na audiciji pri odlasku na gledanje stana. Poslova ima, kaže ona, ali da biste ga dobili, a iz Srbije ste, morate da ispunite niz uslova koji nisu toliko jednostavni i često mogu biti nesavladiva prepreka. Prvo, da biste dobili vizu, ako vam je ne obezbeđuje poslodavac, neophodno je da na računu imate od 800 do 1.000 evra ili da neko garantuje za vas, poput rođaka ili poznanika. Radnu dozvolu izdaje isključivo Služba zapošljavanja Austrije, a zahtev za njeno izdavanje podnosi poslodavac u Austriji pre dolaska zaposlenog u zemlju. Srbi traže svoju šansu u Austriji uglavnom tražeći zanimanje za koje nije potrebno fakultetsko obrazovanje, a plate za takve poslove kreću se od 1.800 do 3.000 evra. Za rad u Austriji neophodna vam je crveno-belo-crvena kartica koja predstavlja boravišno-radnu dozvolu za Austriju i koriste je zaposleni iz "trećih zemalja" kada dobiju konkretnu ponudu za zaposlenje. U ovu grupu zemalja spada i Srbija, a reč je o zemljama van Evropske ekonomske zone. Crveno-belo-crvena kartica važi 12 meseci i dozvoljava naseljavanje na određeno vreme i zaposlenje kod poslodavca koji vas je zatražio. Nakon godinu dana može se podneti zahtev za slobodan pristup tržištu rada. Ko se doseli s ovom dozvolom, ne mora da dokazuje poznavanje nemačkog. Ona dodaje da je verovatnoća da na taj način dobije posao ravna nuli. Njih dvoje su jako želeli da odu baš u Švedsku, pa su pokušali da nađu alternativne načine. Na sreću, imali su prijatelja koji je želeo da im pomogne. Oni koji su malo stariji i ne znaju engleski rade građevinu, a oni koji dobro znaju jezik i koji su malo mlađi većinom rade kao obezbeđenje ili konobari. Ona je po struci medicinska sestra, ali da bi u Srbiji našla posao u okvirima svoje profesije nije imala, kako nam je rekla, "ni para ni vezu", pa je spakovala kofere i otisnula se u nepoznato. Uslovi za strance, navodi on, iz godine u godinu se pooštravaju, pa je mnogo "papira" neophodno za odlazak u ovu zemlju. Način rada je potpuno drugačiji od zapadnjačkog. U lokalnim firmama plate su odlične za naše uslove, i više od toga, dok im je dovođenje stranca u firmu nešto poput prestiža. Ipak, postoji začkoljica - radi se previše - kaže Strahinja objašnjavajući dalje šta to tačno znači: radi se ponekad do kasno u noć ili do rano ujutru, klijenti daju kratke rokove, projekti se brzo menjaju, stalno ste, kako on to opisuje, u "mašini proizvodnje".</article-text><article-text-transliterated> Srbe širom Nemačke iznajmljivanje stana mesečno košta od 500 do 1.300 evra, odnosno i više od 1.500 evra ukoliko odluče da zakupe kuću. Najčešće zakupljuju stanove na periferiji, čak i ako na posao moraju da putuju kilometrima, jer su cene zakupa u centralnom delu grada i duplo veće. Ova devojka kaže da se svaki put oseća kao na audiciji pri odlasku na gledanje stana. Poslova ima, kaže ona, ali da biste ga dobili, a iz Srbije ste, morate da ispunite niz uslova koji nisu toliko jednostavni i često mogu biti nesavladiva prepreka. Prvo, da biste dobili vizu, ako vam je ne obezbeđuje poslodavac, neophodno je da na računu imate od 800 do 1.000 evra ili da neko garantuje za vas, poput rođaka ili poznanika. Radnu dozvolu izdaje isključivo Služba zapošljavanja Austrije, a zahtev za njeno izdavanje podnosi poslodavac u Austriji pre dolaska zaposlenog u zemlju. Srbi traže svoju šansu u Austriji uglavnom tražeći zanimanje za koje nije potrebno fakultetsko obrazovanje, a plate za takve poslove kreću se od 1.800 do 3.000 evra. Za rad u Austriji neophodna vam je crveno-belo-crvena kartica koja predstavlja boravišno-radnu dozvolu za Austriju i koriste je zaposleni iz "trećih zemalja" kada dobiju konkretnu ponudu za zaposlenje. U ovu grupu zemalja spada i Srbija, a reč je o zemljama van Evropske ekonomske zone. Crveno-belo-crvena kartica važi 12 meseci i dozvoljava naseljavanje na određeno vreme i zaposlenje kod poslodavca koji vas je zatražio. Nakon godinu dana može se podneti zahtev za slobodan pristup tržištu rada. Ko se doseli s ovom dozvolom, ne mora da dokazuje poznavanje nemačkog. Ona dodaje da je verovatnoća da na taj način dobije posao ravna nuli. Njih dvoje su jako želeli da odu baš u Švedsku, pa su pokušali da nađu alternativne načine. Na sreću, imali su prijatelja koji je želeo da im pomogne. Oni koji su malo stariji i ne znaju engleski rade građevinu, a oni koji dobro znaju jezik i koji su malo mlađi većinom rade kao obezbeđenje ili konobari. Ona je po struci medicinska sestra, ali da bi u Srbiji našla posao u okvirima svoje profesije nije imala, kako nam je rekla, "ni para ni vezu", pa je spakovala kofere i otisnula se u nepoznato. Uslovi za strance, navodi on, iz godine u godinu se pooštravaju, pa je mnogo "papira" neophodno za odlazak u ovu zemlju. Način rada je potpuno drugačiji od zapadnjačkog. U lokalnim firmama plate su odlične za naše uslove, i više od toga, dok im je dovođenje stranca u firmu nešto poput prestiža. Ipak, postoji začkoljica - radi se previše - kaže Strahinja objašnjavajući dalje šta to tačno znači: radi se ponekad do kasno u noć ili do rano ujutru, klijenti daju kratke rokove, projekti se brzo menjaju, stalno ste, kako on to opisuje, u "mašini proizvodnje".</article-text-transliterated><comment-list /></article><comments><comment-count>0</comment-count></comments></document>