<document global_id="sr-08-263"><url>https://www.srbijadanas.com/vip/vip/skandal-mustafa-besan-na-eminu-nece-da-mu-deca-pricaju-srpski-ona-mu-odbrusila-nikad-gore-2018-03-06</url><source-id>08</source-id><local-id>263</local-id><source-name>srbijadanas</source-name><article><article-title>OTKRIVENO: Ovo je RAZLOG Emininog i Mustafinog razvoda? </article-title><article-time>2018-03-06</article-time><article-author>Srbija Danas/Informer Hit</article-author><article-text> Turski pevač Mustafa Sandal navodno je besan na svoju još uvek zakonitu ženu Eminu Jahović zato što njihove sinove Jamana i Javuza uči da pričaju srpski jezik. Kako piše "Hit", on je poludeo kada je čuo da stariji sin Jaman sve češće priča maternjim jezikom, pa je pozvao Eminu i svašta joj rekao.  A post shared by Emina Jahovic (@yaemina) on Feb 11, 2018 at 8:58am PST On tvrdi i da Mustafa već neko vreme gaji netrpeljivost prema Srbiji i da je zapravo to jedan od glavnih razloga za njihov razvod. Njemu je smetalo svaki put kada deca dođu kod babe u Novi Pazar.  A post shared by Mustafa Sandal Official (@mustafasandal24) on Dec 18, 2017 at 11:22am PST Ovo, međutim nije jedino što smeta turskom pevaču. On navodno ludi i kad god deca odu u košarkaški kamp Emininog brata Mirsada. </article-text><article-text-transliterated> Turski pevač Mustafa Sandal navodno je besan na svoju još uvek zakonitu ženu Eminu Jahović zato što njihove sinove Jamana i Javuza uči da pričaju srpski jezik. Kako piše "Hit", on je poludeo kada je čuo da stariji sin Jaman sve češće priča maternjim jezikom, pa je pozvao Eminu i svašta joj rekao.  A post shared by Emina Jahovic (@yaemina) on Feb 11, 2018 at 8:58am PST On tvrdi i da Mustafa već neko vreme gaji netrpeljivost prema Srbiji i da je zapravo to jedan od glavnih razloga za njihov razvod. Njemu je smetalo svaki put kada deca dođu kod babe u Novi Pazar.  A post shared by Mustafa Sandal Official (@mustafasandal24) on Dec 18, 2017 at 11:22am PST Ovo, međutim nije jedino što smeta turskom pevaču. On navodno ludi i kad god deca odu u košarkaški kamp Emininog brata Mirsada. </article-text-transliterated><comment-list /></article><comments><comment-count>0</comment-count></comments></document>