<document global_id="sr-08-106"><url>https://www.srbijadanas.com/clanak/ples-koji-se-zavrteo-internetom-svi-seruju-igru-ovog-divnog-para-u-metrou-video-22-06-2015</url><source-id>08</source-id><local-id>106</local-id><source-name>srbijadanas</source-name><article><article-title>PLES koji se ZAVRTEO internetom! Svi gledaju igru ovog divnog para u METROU (VIDEO) </article-title><article-time>22-06-2015</article-time><article-author>Srbija Danas</article-author><article-text> Ako vam je potreban podsetnik da ste živi, da dišete i da ste sposobni da osećate emocije, plesači Filip Čbib i Rene Kester će vam pomoći. Oni su izneli prelepu koreografiju koja simbolizuje povezanost bola i sećanja. Majkl Džekson je rekao da je "ples jezik duše", a u ovom videu je to zaista tako. Par koji je stekao neverovatnu popularnost uz pomoć društvenih medija predivno oslikava emocije pokretima, i to u veoma neobičnom ambijentu, u metrou. Osetite snažne emocije i energiju koje ovaj plesni par odašilje: Ukoliko vam je ovo bilo interesantno, saznajte koji su to NAJDUBLJI citati i najintimnije izjave KRALJICE POPA - BIJONSE! (više o informacija na OVOM linku) Pročitajte i:</article-text><article-text-transliterated> Ako vam je potreban podsetnik da ste živi, da dišete i da ste sposobni da osećate emocije, plesači Filip Čbib i Rene Kester će vam pomoći. Oni su izneli prelepu koreografiju koja simbolizuje povezanost bola i sećanja. Majkl Džekson je rekao da je "ples jezik duše", a u ovom videu je to zaista tako. Par koji je stekao neverovatnu popularnost uz pomoć društvenih medija predivno oslikava emocije pokretima, i to u veoma neobičnom ambijentu, u metrou. Osetite snažne emocije i energiju koje ovaj plesni par odašilje: Ukoliko vam je ovo bilo interesantno, saznajte koji su to NAJDUBLJI citati i najintimnije izjave KRALJICE POPA - BIJONSE! (više o informacija na OVOM linku) Pročitajte i:</article-text-transliterated><comment-list /></article><comments><comment-count>0</comment-count></comments></document>