<document global_id="sr-08-113"><url>https://www.srbijadanas.com/clanak/nakon-rijalitija-savija-otkrila-da-li-je-decko-sacekao-posle-parova-03-07-2015</url><source-id>08</source-id><local-id>113</local-id><source-name>srbijadanas</source-name><article><article-title>NAKON RIJALITIJA - Šavija otkrila da li je dečko SAČEKAO posle Parova! </article-title><article-time>03-07-2015</article-time><article-author>Srbija Danas</article-author><article-text> Nataša Šavija se hvalila da će je dečko sigurno sačekati nakon što izađe iz rijalitija "Parovi". Kako je u šou ostala do samog kraja, te je izašla u finalu, mnogi nisu verovali u njene tvrdnje, jer se tokom njenog boravka izdešavalo svašta nešto. Razvezala je bila Nataša jezik o fudbalerima sa kojima je delila postelju (detaljnije OVDE), optužena je da je elitna prostitutka (optužbe pogledajte OVDE), naskakala je na sadašnjeg dečka Ružice Veljković - Filipa Đukića (više o tome OVDE) i "spanđala" se sa Gastozom tokom rijalitija (njihovu akciju u krevetu pogledajte OVDE). Iako je, pored svega, bila ubeđena da će je čekati napolju, po svemu sudeći tako nije bilo. Zbog čega je Nataša Šavija plakala u "Parovima" pogledajte OVDE. Kako je Nataša zavodila Zmaja izazovnim plesom saznajte OVDE. Detaljnije o vezi Nataše Šavije i Veljka Ražnatovića pogledajte OVDE. Pročitajte i:</article-text><article-text-transliterated> Nataša Šavija se hvalila da će je dečko sigurno sačekati nakon što izađe iz rijalitija "Parovi". Kako je u šou ostala do samog kraja, te je izašla u finalu, mnogi nisu verovali u njene tvrdnje, jer se tokom njenog boravka izdešavalo svašta nešto. Razvezala je bila Nataša jezik o fudbalerima sa kojima je delila postelju (detaljnije OVDE), optužena je da je elitna prostitutka (optužbe pogledajte OVDE), naskakala je na sadašnjeg dečka Ružice Veljković - Filipa Đukića (više o tome OVDE) i "spanđala" se sa Gastozom tokom rijalitija (njihovu akciju u krevetu pogledajte OVDE). Iako je, pored svega, bila ubeđena da će je čekati napolju, po svemu sudeći tako nije bilo. Zbog čega je Nataša Šavija plakala u "Parovima" pogledajte OVDE. Kako je Nataša zavodila Zmaja izazovnim plesom saznajte OVDE. Detaljnije o vezi Nataše Šavije i Veljka Ražnatovića pogledajte OVDE. Pročitajte i:</article-text-transliterated><comment-list /></article><comments><comment-count>0</comment-count></comments></document>