<document global_id="sr-08-61"><url>https://www.srbijadanas.com/kultura/vesti/masa-i-medved-omiljeni-deciji-ruski-crtani-film-najgledaniji-u-2019-2019-12-23</url><source-id>08</source-id><local-id>61</local-id><source-name>srbijadanas</source-name><article><article-title>"MAŠA I MEDVED", omiljeni dečiji ruski crtani film, najgledaniji u 2019 </article-title><article-time>2019-12-23</article-time><article-author>Srbija Danas/Tanjug</article-author><article-text> Zvanični Jutjub kanali ruskog crtanog filma "Maša i medved" na engleskom i španskom jeziku su svaki pojedinačno dostigli 10 miliona pretplatnika, i dobili nagradu Dijamanstki stvaralac, saopštila je kompanija Animacord. Ove godine "Maša i medved" obeležavaju desetogodišnjicu svog postojanja. Ovaj crtani film preveden na 36 jezika i emitovan u više od 100 zemalja. U novembru 2019. godine Maša i medved bila je među top 5 najtraženijih emisija za decu na svetu, prema nezavisnoj studiji Parot Analitike. "Maša i medved" postao je jedan od najgledanijih crtanih filmova na Jutjubu u 2019. U julu 2019. jedna epizoda ovog crtanog filma prikupila je četiri milijarde pregleda, ušavši tako u top pet najgledanijih Jujtjub video snimaka ikada.</article-text><article-text-transliterated> Zvanični Jutjub kanali ruskog crtanog filma "Maša i medved" na engleskom i španskom jeziku su svaki pojedinačno dostigli 10 miliona pretplatnika, i dobili nagradu Dijamanstki stvaralac, saopštila je kompanija Animacord. Ove godine "Maša i medved" obeležavaju desetogodišnjicu svog postojanja. Ovaj crtani film preveden na 36 jezika i emitovan u više od 100 zemalja. U novembru 2019. godine Maša i medved bila je među top 5 najtraženijih emisija za decu na svetu, prema nezavisnoj studiji Parot Analitike. "Maša i medved" postao je jedan od najgledanijih crtanih filmova na Jutjubu u 2019. U julu 2019. jedna epizoda ovog crtanog filma prikupila je četiri milijarde pregleda, ušavši tako u top pet najgledanijih Jujtjub video snimaka ikada.</article-text-transliterated><comment-list /></article><comments><comment-count>0</comment-count></comments></document>