<document global_id="sr-08-94"><url>https://www.srbijadanas.com/zena/porodica/mnogi-roditelji-grese-deci-je-potrebna-ljubav-ne-skupe-aktivnosti-2019-11-02</url><source-id>08</source-id><local-id>94</local-id><source-name>srbijadanas</source-name><article><article-title>Mnogi roditelji greše: Deci je potrebna ljubav, ne skupe aktivnosti </article-title><article-time>2019-11-02</article-time><article-author>Srbija Danas/Novosti</article-author><article-text> Brojne vannastavne aktivnosti, zamenile su druženje roditelja sa decom u slobodno vreme, a to nije dobro. Nikad više vannastavnih aktivnosti u životu mališana, a nikada manje zadovoljstva i topline u domu – tvrdi pedagog Majkl Vajbs. Na osnovu iskustva u radu sa školarcima, zaključio je da deca sve više postaju žrtve ambicija svojih roditelja, koji imaju velika očekivanja, ali ne i vremena za njih. Zato ih upisuju na što više časova jezika, sportskih aktivnosti, muzičkih sadržaja, misleći da će time kompenzovati odsustvo od kuće.</article-text><article-text-transliterated> Brojne vannastavne aktivnosti, zamenile su druženje roditelja sa decom u slobodno vreme, a to nije dobro. Nikad više vannastavnih aktivnosti u životu mališana, a nikada manje zadovoljstva i topline u domu – tvrdi pedagog Majkl Vajbs. Na osnovu iskustva u radu sa školarcima, zaključio je da deca sve više postaju žrtve ambicija svojih roditelja, koji imaju velika očekivanja, ali ne i vremena za njih. Zato ih upisuju na što više časova jezika, sportskih aktivnosti, muzičkih sadržaja, misleći da će time kompenzovati odsustvo od kuće.</article-text-transliterated><comment-list /></article><comments><comment-count>0</comment-count></comments></document>