<document global_id="sr-08-176"><url>https://www.srbijadanas.com/vesti/region/u-makedoniji-sutra-izbori-dijaspora-glasa-danas-2016-12-10</url><source-id>08</source-id><local-id>176</local-id><source-name>srbijadanas</source-name><article><article-title>U MAKEDONIJI SUTRA IZBORI: Dijaspora glasa danas </article-title><article-time>2016-12-10</article-time><article-author>Beta</article-author><article-text> Dijaspora glasa danas. Na 46 glasačkih mesta u diplomatsko-konzularnim predstavništvima Makedonije u inostranstvu moći će da glasa 20.573 pripadnika dijaspore, koji su se prijavili, a dan ranije glasaju i raseljeni, osuđenici, vojnici, kao i bolesni i nemoćni. Evropska komsija je u petak, dan pre izborne tišine, poslala poruku da su izbori obaveza iz dogovora o rešavanju krize, nazvanog Pržinski dogovor. Na izborima učestvuje pet koalicija, a glavna bitka vodiće se između vladajuće VMRO DPMNE i opozicionog SDSM i šest partija koje na izbore izlaze samostalno, među kojima su i dve najveće albanske partije Demokratska unija za integracije (DUI) i Demokratska partija Albanaca (DPA). Lider vladajuće VMRO DPMNE Nikola Gruevski je poslednjeg dana kampanje pozvao građane da glasaju za njegovu koaliciju jer ispunjava obećanja, dok je njegov glavni suparnik predsednik opozicione SDSM Zoran Zaev najavio da će biti konfiskacije imovine i novca koje su ljudi iz vrha vlasti nezakonito stekli u poslednjih 10 godina. Izborni sistem od šest izbornih jedinica favorizuje velike stranke, pa je zbog toga u koaliciji sa VMRO DPMNE više od 20 manjih partija, dok se oko SDSM okupilo petnaestak stranaka. Glavni adut vladajuće stranke u predizbornoj kampanji bio je patriotizam, a u govorima na mitinzima su optuživali SDSM za nameru da federalizuje Makedoniju, promeni Ustav i uvede albanski jezik na celoj teritoriji zemlje. Lider VMRO DPMNE je biračima predstavio i ekonomski program, koji predviđa i 70.000 novih radnih mesta, investicije i veća socijalna davanja. Koalicija oko SDSM je ponudila vraćanje demokratije u Makedoniju, bolji život, borbu pritiv kriminala i korrupcije, bolje socijalne pakete. Bitka među partijama Albanaca u Makedoniji na ovim izborima se, prema procenama, prvi put neće voditi samo između dve partije DUI i DPA, koje su ozbiljnu konkurenciju dobile u koaliciji oko pokreta Besa i Alijansi za Albance. Osim te dve nove albanske opozicione koalicije, prema anketama, manje stranke i koalicije koje izlaze na izbore imaju veoma male šanse da osvoje poslaničke mandate. Glasanje u nedelju će nadgledati 7.585 domaćih i 667 stranih posmatrača. Među domaćim najviše posmatrača je akreditovala nevladina organizacija "Most", a među stranima OEBS. Na izborima u šest izbornih jedinica u Makedoniji bira se 120 poslanika, dok sedma izborna jedinica, za inostranstvo, daje do tri poslanika.</article-text><article-text-transliterated> Dijaspora glasa danas. Na 46 glasačkih mesta u diplomatsko-konzularnim predstavništvima Makedonije u inostranstvu moći će da glasa 20.573 pripadnika dijaspore, koji su se prijavili, a dan ranije glasaju i raseljeni, osuđenici, vojnici, kao i bolesni i nemoćni. Evropska komsija je u petak, dan pre izborne tišine, poslala poruku da su izbori obaveza iz dogovora o rešavanju krize, nazvanog Pržinski dogovor. Na izborima učestvuje pet koalicija, a glavna bitka vodiće se između vladajuće VMRO DPMNE i opozicionog SDSM i šest partija koje na izbore izlaze samostalno, među kojima su i dve najveće albanske partije Demokratska unija za integracije (DUI) i Demokratska partija Albanaca (DPA). Lider vladajuće VMRO DPMNE Nikola Gruevski je poslednjeg dana kampanje pozvao građane da glasaju za njegovu koaliciju jer ispunjava obećanja, dok je njegov glavni suparnik predsednik opozicione SDSM Zoran Zaev najavio da će biti konfiskacije imovine i novca koje su ljudi iz vrha vlasti nezakonito stekli u poslednjih 10 godina. Izborni sistem od šest izbornih jedinica favorizuje velike stranke, pa je zbog toga u koaliciji sa VMRO DPMNE više od 20 manjih partija, dok se oko SDSM okupilo petnaestak stranaka. Glavni adut vladajuće stranke u predizbornoj kampanji bio je patriotizam, a u govorima na mitinzima su optuživali SDSM za nameru da federalizuje Makedoniju, promeni Ustav i uvede albanski jezik na celoj teritoriji zemlje. Lider VMRO DPMNE je biračima predstavio i ekonomski program, koji predviđa i 70.000 novih radnih mesta, investicije i veća socijalna davanja. Koalicija oko SDSM je ponudila vraćanje demokratije u Makedoniju, bolji život, borbu pritiv kriminala i korrupcije, bolje socijalne pakete. Bitka među partijama Albanaca u Makedoniji na ovim izborima se, prema procenama, prvi put neće voditi samo između dve partije DUI i DPA, koje su ozbiljnu konkurenciju dobile u koaliciji oko pokreta Besa i Alijansi za Albance. Osim te dve nove albanske opozicione koalicije, prema anketama, manje stranke i koalicije koje izlaze na izbore imaju veoma male šanse da osvoje poslaničke mandate. Glasanje u nedelju će nadgledati 7.585 domaćih i 667 stranih posmatrača. Među domaćim najviše posmatrača je akreditovala nevladina organizacija "Most", a među stranima OEBS. Na izborima u šest izbornih jedinica u Makedoniji bira se 120 poslanika, dok sedma izborna jedinica, za inostranstvo, daje do tri poslanika.</article-text-transliterated><comment-list /></article><comments><comment-count>0</comment-count></comments></document>