<document global_id="sr-08-89"><url>https://www.srbijadanas.com/vesti/region/velika-akcija-zbog-laznih-diploma-do-sada-uhapsene-22-osobe-medu-njima-i-bivsi-politicar-2019-11-13</url><source-id>08</source-id><local-id>89</local-id><source-name>srbijadanas</source-name><article><article-title>VELIKA AKCIJA ZBOG LAŽNIH DIPLOMA: Do sada uhapšene 22 osobe, među njima i BIVŠI POLITIČAR </article-title><article-time>2019-11-13</article-time><article-author>Srbija Danas/Avaz</article-author><article-text> Službenici Agencije za istrage i zaštitu (SIPA) započeli su jutros operativnu akciju "Pero".  U toku su pretresi stambenih i poslovnih objekata, ostalih prostorija i pokretnih stvari na 12 lokacija na području Bihaća, Cazina, Sarajeva, Zenice, Visokog, Tuzle i Istočnog Sarajeva zbog postojanja osnova sumnje da su osobe osumnjičene u ovom predmetu počinile krivična dela zloupotreba službenog položaja i ovlašćenja, primanje dara i drugih oblika koristi i pranje novca. Reč je, kako mediji pišu, o lažnim diplomama, a prema Nezvaničnim informacijama uhapšen je i bivši delegat u Domu naroda Parlamenta Federacije BiH i nekadašnji generalni sekretar političke stranke A-SDA Admir Hadžipašić.  On se ranije dovodio u vezu s lažnim diplomama jer ima svoj privatni centar za obrazovanje u Cazinu. Kako pišu mediji, on je vlasnik vlasnik Centara za obrazovanje odraslih VITA plus Cazin. Ova ustanova osnovana je 22. januara 2014. godine i poseduje odobrenje za rad koje je izdalo Ministarstva obrazovanja, nauke, kulture i sporta USK. Centar za obrazovanje odraslih VITA plus Cazin pruža usluge dokvalifikacija, prekvalifikacija i usavršavanje, ali i kurseve nemačkog i engleskog jezika. Hadžipašić je prošle godine podneo ostavku na sve funkcije u A-SDA nakon što je u javnosti objavljen snimak iz 2013. godine na kojem od ženske osobe traži seksualni odnos u zamenu za posao.</article-text><article-text-transliterated> Službenici Agencije za istrage i zaštitu (SIPA) započeli su jutros operativnu akciju "Pero".  U toku su pretresi stambenih i poslovnih objekata, ostalih prostorija i pokretnih stvari na 12 lokacija na području Bihaća, Cazina, Sarajeva, Zenice, Visokog, Tuzle i Istočnog Sarajeva zbog postojanja osnova sumnje da su osobe osumnjičene u ovom predmetu počinile krivična dela zloupotreba službenog položaja i ovlašćenja, primanje dara i drugih oblika koristi i pranje novca. Reč je, kako mediji pišu, o lažnim diplomama, a prema Nezvaničnim informacijama uhapšen je i bivši delegat u Domu naroda Parlamenta Federacije BiH i nekadašnji generalni sekretar političke stranke A-SDA Admir Hadžipašić.  On se ranije dovodio u vezu s lažnim diplomama jer ima svoj privatni centar za obrazovanje u Cazinu. Kako pišu mediji, on je vlasnik vlasnik Centara za obrazovanje odraslih VITA plus Cazin. Ova ustanova osnovana je 22. januara 2014. godine i poseduje odobrenje za rad koje je izdalo Ministarstva obrazovanja, nauke, kulture i sporta USK. Centar za obrazovanje odraslih VITA plus Cazin pruža usluge dokvalifikacija, prekvalifikacija i usavršavanje, ali i kurseve nemačkog i engleskog jezika. Hadžipašić je prošle godine podneo ostavku na sve funkcije u A-SDA nakon što je u javnosti objavljen snimak iz 2013. godine na kojem od ženske osobe traži seksualni odnos u zamenu za posao.</article-text-transliterated><comment-list /></article><comments><comment-count>0</comment-count></comments></document>