<document global_id="sr-08-276"><url>https://www.srbijadanas.com/vip/vip/izbacena-iz-granda-promenila-je-ime-evo-kao-danas-izgleda-pevacica-ciji-skandal-je-drmao-estradu-2018-03-20</url><source-id>08</source-id><local-id>276</local-id><source-name>srbijadanas</source-name><article><article-title>IZBAČENA IZ GRANDA, PROMENILA IME... A evo kako danas izgleda pevačica čiji skandal je DRMAO estradu! </article-title><article-time>2018-03-20</article-time><article-author>Srbija Danas</article-author><article-text> Pevačica Marija Mara Stojadinović odrasla je u Vrnjačkoj banji, karijeru je započela sa samo 18 godina, a nakon što je neko vreme radila kao televizijski voditelj otisnula se u muzičke vode. Najpre je pevala u grupi "Nemoguće vruće”, i u tom periodu snimala za izdavačku kuću ZAM, a 2006. godine objavila je prvi solo album koji je izdala za "Grand”. Međutim, iako je snimila nekoliko pesama koje su se u to vreme izdvojile kao hitovi, Marija je ubrzo prekinula saradnju sa "Grandom". Naime, ona je izbačena iz ove produkcijske kuće kada su u novinama osvanule fotografije na kojima je na plaži u toplesu. Ubrzo nakon ovog skandala, pevačica je napustila Srbiju i preselila se u Čikago, i to zbog studija. U ovom gradu završila je engleski jezik, ali i nastavila da se bavi muzikom, pa aktivno nastupa u Americi, po nekoliko puta nedeljno. U međuvremenu, ona je odlučila da promeni svoje umetničko ime, pa je Marija Mara zamenila imenom Lepa Mara, pod kojim se sada predstavlja i nastupa. Ostala je verna plavoj kosi, ali i oblinama, te joj ne smeta što je "nabacila" koji kilogram viška. Pevačica se u Americi i udala, a evo kako izgleda njen suprug. Da se prisetimo njenog glasa:</article-text><article-text-transliterated> Pevačica Marija Mara Stojadinović odrasla je u Vrnjačkoj banji, karijeru je započela sa samo 18 godina, a nakon što je neko vreme radila kao televizijski voditelj otisnula se u muzičke vode. Najpre je pevala u grupi "Nemoguće vruće”, i u tom periodu snimala za izdavačku kuću ZAM, a 2006. godine objavila je prvi solo album koji je izdala za "Grand”. Međutim, iako je snimila nekoliko pesama koje su se u to vreme izdvojile kao hitovi, Marija je ubrzo prekinula saradnju sa "Grandom". Naime, ona je izbačena iz ove produkcijske kuće kada su u novinama osvanule fotografije na kojima je na plaži u toplesu. Ubrzo nakon ovog skandala, pevačica je napustila Srbiju i preselila se u Čikago, i to zbog studija. U ovom gradu završila je engleski jezik, ali i nastavila da se bavi muzikom, pa aktivno nastupa u Americi, po nekoliko puta nedeljno. U međuvremenu, ona je odlučila da promeni svoje umetničko ime, pa je Marija Mara zamenila imenom Lepa Mara, pod kojim se sada predstavlja i nastupa. Ostala je verna plavoj kosi, ali i oblinama, te joj ne smeta što je "nabacila" koji kilogram viška. Pevačica se u Americi i udala, a evo kako izgleda njen suprug. Da se prisetimo njenog glasa:</article-text-transliterated><comment-list><comments comment-id="1"><comment-parent-id>empty</comment-parent-id><comment-text>DOOBRO SE UDALA ALAL VERA!</comment-text><comment-text-transliterated>DOOBRO SE UDALA ALAL VERA!</comment-text-transliterated></comments></comment-list></article><comments><comment-count>1</comment-count></comments></document>