<document global_id="sr-08-286"><url>https://www.srbijadanas.com/zabava/zanimljivosti/evo-kako-cete-lakse-nauciti-strani-jezik-da-ne-morate-ni-malo-da-se-pomucite-2018-03-23</url><source-id>08</source-id><local-id>286</local-id><source-name>srbijadanas</source-name><article><article-title>Evo kako ćete LAKŠE naučiti strani jezik, a da ne morate NIMALO da se pomučite! </article-title><article-time>2018-03-23</article-time><article-author>Srbija Danas</article-author><article-text> Ako niste od onih koji lako uče strane jezike, obradovaće vas istraživanje naučnika univerziteta u Cirihu i Frajburgu. Oni tvrde da slušanje stranog jezika tokom sna može da vam pomogne da ga naučite. U studiji objavljenoj u Crebral Cortex Oxford Journal, 60 osoba kojima je nemački maternji jezik učili su nekoliko reči na holandskom jeziku. Životinje kojima je KUTIJA najbolja igračka! (VIDEO) Autori su nakon toga tiho pustili snimak tih reči na holandskom jeziku, pri čemu je polovina učesnika studije bila budna, a polovina spavala. Nekoliko sati kasnije obe grupe su radile test, pri čemu je grupa koja je slušala snimak u snu bila mnogo uspešnija. Pročitajte i: Rezultati navode na zaključak da slušanje stranih reči u snu zapravo olakšava učenje. Autor studije Bjern Raš, međutim, upozorava da to nije dovoljno da naučite strani jezik. Naučnici su otkrili da se najviše uči u prvoj polovini noći, u fazi dubokog spavanja bez snova, tzv. NREM-faza. To znači da ćete, ako ležete u 11 uveče najbolje rezultate postići ako slušate strani jezik od ponoći do dva sata ujutro.</article-text><article-text-transliterated> Ako niste od onih koji lako uče strane jezike, obradovaće vas istraživanje naučnika univerziteta u Cirihu i Frajburgu. Oni tvrde da slušanje stranog jezika tokom sna može da vam pomogne da ga naučite. U studiji objavljenoj u Crebral Cortex Oxford Journal, 60 osoba kojima je nemački maternji jezik učili su nekoliko reči na holandskom jeziku. Životinje kojima je KUTIJA najbolja igračka! (VIDEO) Autori su nakon toga tiho pustili snimak tih reči na holandskom jeziku, pri čemu je polovina učesnika studije bila budna, a polovina spavala. Nekoliko sati kasnije obe grupe su radile test, pri čemu je grupa koja je slušala snimak u snu bila mnogo uspešnija. Pročitajte i: Rezultati navode na zaključak da slušanje stranih reči u snu zapravo olakšava učenje. Autor studije Bjern Raš, međutim, upozorava da to nije dovoljno da naučite strani jezik. Naučnici su otkrili da se najviše uči u prvoj polovini noći, u fazi dubokog spavanja bez snova, tzv. NREM-faza. To znači da ćete, ako ležete u 11 uveče najbolje rezultate postići ako slušate strani jezik od ponoći do dva sata ujutro.</article-text-transliterated><comment-list><comments comment-id="1"><comment-parent-id>empty</comment-parent-id><comment-text>Najbolje je ucenje kad je covek u toj sredini gde se pravilno i dijalekt uci.</comment-text><comment-text-transliterated>Najbolje je ucenje kad je covek u toj sredini gde se pravilno i dijalekt uci.</comment-text-transliterated></comments></comment-list></article><comments><comment-count>1</comment-count></comments></document>