<document global_id="sr-08-38"><url>https://www.srbijadanas.com/kultura/vesti/ne-propustite-filmovi-koji-su-lansirali-lindzi-lohan-hit-ledzera-dzon-hjuza-2019-12-29</url><source-id>08</source-id><local-id>38</local-id><source-name>srbijadanas</source-name><article><article-title>NE PROPUSTITE: Filmovi koji su LANSIRALI Lindzi Lohan, Hit Ledžera, Džon Hjuza </article-title><article-time>2019-12-29</article-time><article-author>Srbija Danas/DDL</article-author><article-text> Uz serije koje smo obožavali 90-ih, posebnu nostalgiju izazivaju i filmovi koje smo gledali paralelno. Ovo su najbolji tinejdžerski filmovi koje i dalje volimo da gledamo! Ali  ne samo u 90-ima, već i ranije, ali i ranim dvehiljaditima– filmove koje je danas gušt gledati zbog radnje koju znamo napamet, stila kojem se možemo smejati (ili se čak i inspirisati, u zavisnosti od razdoblja), citata koji su ostali deo popularne kulture. U nastavku ih donosimo 8, a verovatno listi možete pridodati nekog svog favorita i krenuti u putovanje kroz vreme na svom kauču. 10 Things I Hate About You Baziran na Šekspirovoj drami "Ukroćena goropad", radnja počinje od dve sestre, mlađe Bjanke i starije Ket, čiji strogi otac ne dopušta izlaske pre mature. Kako bi popularna Bjanka ipak uspela da ode na matursko ceče s još popularnijim Džoijem, smišlja plan kako da najzločestiji dečko u školi zavede potpuno nezainteresovanu Ket. Film je, osim što nam je doneo ljubavne priče, puno smeha i možda malo plakanja, u zvezdanu orbitu lansirao Džuliju Stajls, Hita Ledžera i Džozefa Gordona-Levita. Save the Last Dance S popularnošću na vrhuncu, Džulija Stajls se pojavila u još jednom filmu koji smo obožavali. Nakon što joj majka pogine u nesreći, njen lik Sara odlazi da živi s ocem u crnačku četvrt gde zaista treba da se prilagodi. Njena najveća želja je da uspe kao balerina, a igrom slučaja upoznaje Dereka (Šon Patrik Tomas) s kojim deli ljubav prema plesu i koji će njenu koreografiju dovesti do savršenstva sa svojim hip-hop pokretima. I ne zaboravite da obratite pažnju na muziku iz filma! Clueless Film "Clueless" je zvezdani status obezbedio Ališi Silverston, koja u filmu glumi razmaženu bogatašicu Šer, najpopularniju devojčicu u školi koja je navikla uvek da dobije sve što poželi. S najboljom prijateljicom Dion pokušaće da preobrazi novu učenicu u jednako popularnu devojku, a sve u potrazi za savršenim dečkom. Osim Ališe Silverstoun, svoje su karijere dalje nastavili da grade i Britani Marfi i Pol Rad. Ljubavne zavrzlame i jako, jako puno odevnih kombinacija, učinile su ovaj film jednom od kultnih ostvarenja 90-ih. Mean Girls Lindzi Lohan, Rejčel MekAdams, Amanda Sajfred i Lejsi Čebert čine glavnu četvorku ovog filma. Lindzi u ulozi neprilagođene Kejdi koja je celi život provela u afričkoj divljini i koja zatim mora da se snađe u džungli odnosa u jednoj srednjoj školi. Bring It On Najpopularniji film o američkim čirlidersicama predvodile su tada iznimno popularne Kirsten Danst, Eliza Dušku i Gabrijel Junion. Osim fantastičnih koreografija, u paketu smo dobili i rivalstvo i ljubavnu priču, ali i nekoliko popularnih citata koje smo tada s oduševljenjem izgovarali. She's All That Svaki film s Fredijem Prinsom Juniorom bio je apsolutni hit. U ovoj tinejdžerskoj komediji glumi Zeka, najpopularnijeg frajera u školi koji za okladu pokušava da pretvori najnepopularniju devojku u kraljicu mature. Makeover aspekt koji ružno pače pretvara u najlepšu devojku u školi nije bio jedinstven za ovaj film ali je definitivno element koji smo obožavali da gledamo. Sixteen Candles Ovo je prvi film Džona Hjuza koji nam je osim "Jutarnjeg kluba" doneo i "Slobodan dan Ferisa Bjulera", ali i prva dva nastavka "Sam u kući", "Betovena", "Denis Napast", između ostalog. Hjuz je svoje magične prste imao u većini popularnih filmova 80-ih i 90-ih, lista se nastavlja unedogled. The Breakfast Club The Breakfast Club je kultni teen film koji radnju ima samo u jednoj noći. Pet potpuno različitih tinejdžera iz različitih školskih kategorija mora da odsluži kaznu u jednoj prostoriji i da pokušaju da pronađu zajednički jezik, a osim odličnog "soundtracka" iz filma pamtimo i jako dobre citate.</article-text><article-text-transliterated> Uz serije koje smo obožavali 90-ih, posebnu nostalgiju izazivaju i filmovi koje smo gledali paralelno. Ovo su najbolji tinejdžerski filmovi koje i dalje volimo da gledamo! Ali  ne samo u 90-ima, već i ranije, ali i ranim dvehiljaditima– filmove koje je danas gušt gledati zbog radnje koju znamo napamet, stila kojem se možemo smejati (ili se čak i inspirisati, u zavisnosti od razdoblja), citata koji su ostali deo popularne kulture. U nastavku ih donosimo 8, a verovatno listi možete pridodati nekog svog favorita i krenuti u putovanje kroz vreme na svom kauču. 10 Things I Hate About You Baziran na Šekspirovoj drami "Ukroćena goropad", radnja počinje od dve sestre, mlađe Bjanke i starije Ket, čiji strogi otac ne dopušta izlaske pre mature. Kako bi popularna Bjanka ipak uspela da ode na matursko ceče s još popularnijim Džoijem, smišlja plan kako da najzločestiji dečko u školi zavede potpuno nezainteresovanu Ket. Film je, osim što nam je doneo ljubavne priče, puno smeha i možda malo plakanja, u zvezdanu orbitu lansirao Džuliju Stajls, Hita Ledžera i Džozefa Gordona-Levita. Save the Last Dance S popularnošću na vrhuncu, Džulija Stajls se pojavila u još jednom filmu koji smo obožavali. Nakon što joj majka pogine u nesreći, njen lik Sara odlazi da živi s ocem u crnačku četvrt gde zaista treba da se prilagodi. Njena najveća želja je da uspe kao balerina, a igrom slučaja upoznaje Dereka (Šon Patrik Tomas) s kojim deli ljubav prema plesu i koji će njenu koreografiju dovesti do savršenstva sa svojim hip-hop pokretima. I ne zaboravite da obratite pažnju na muziku iz filma! Clueless Film "Clueless" je zvezdani status obezbedio Ališi Silverston, koja u filmu glumi razmaženu bogatašicu Šer, najpopularniju devojčicu u školi koja je navikla uvek da dobije sve što poželi. S najboljom prijateljicom Dion pokušaće da preobrazi novu učenicu u jednako popularnu devojku, a sve u potrazi za savršenim dečkom. Osim Ališe Silverstoun, svoje su karijere dalje nastavili da grade i Britani Marfi i Pol Rad. Ljubavne zavrzlame i jako, jako puno odevnih kombinacija, učinile su ovaj film jednom od kultnih ostvarenja 90-ih. Mean Girls Lindzi Lohan, Rejčel MekAdams, Amanda Sajfred i Lejsi Čebert čine glavnu četvorku ovog filma. Lindzi u ulozi neprilagođene Kejdi koja je celi život provela u afričkoj divljini i koja zatim mora da se snađe u džungli odnosa u jednoj srednjoj školi. Bring It On Najpopularniji film o američkim čirlidersicama predvodile su tada iznimno popularne Kirsten Danst, Eliza Dušku i Gabrijel Junion. Osim fantastičnih koreografija, u paketu smo dobili i rivalstvo i ljubavnu priču, ali i nekoliko popularnih citata koje smo tada s oduševljenjem izgovarali. She's All That Svaki film s Fredijem Prinsom Juniorom bio je apsolutni hit. U ovoj tinejdžerskoj komediji glumi Zeka, najpopularnijeg frajera u školi koji za okladu pokušava da pretvori najnepopularniju devojku u kraljicu mature. Makeover aspekt koji ružno pače pretvara u najlepšu devojku u školi nije bio jedinstven za ovaj film ali je definitivno element koji smo obožavali da gledamo. Sixteen Candles Ovo je prvi film Džona Hjuza koji nam je osim "Jutarnjeg kluba" doneo i "Slobodan dan Ferisa Bjulera", ali i prva dva nastavka "Sam u kući", "Betovena", "Denis Napast", između ostalog. Hjuz je svoje magične prste imao u većini popularnih filmova 80-ih i 90-ih, lista se nastavlja unedogled. The Breakfast Club The Breakfast Club je kultni teen film koji radnju ima samo u jednoj noći. Pet potpuno različitih tinejdžera iz različitih školskih kategorija mora da odsluži kaznu u jednoj prostoriji i da pokušaju da pronađu zajednički jezik, a osim odličnog "soundtracka" iz filma pamtimo i jako dobre citate.</article-text-transliterated><comment-list /></article><comments><comment-count>0</comment-count></comments></document>