<document global_id="sr-08-196"><url>https://www.srbijadanas.com/sport/kosarka/urnebesno-otkriven-pravi-razlog-zasto-denka-slusa-dzeja-foto-2016-12-30</url><source-id>08</source-id><local-id>196</local-id><source-name>srbijadanas</source-name><article><article-title>URNEBESNO: Otkriven PRAVI razlog zašto ĐENKA sluša DŽEJA (FOTO) </article-title><article-time>2016-12-30</article-time><article-author>Srbija Danas/Alo</article-author><article-text> Čarls Dženkins je odavno postao ljubimac navijača Crvene zvezde. Popularni Đenka igra fenomenalno u crveno-belom dresu, a  Amerikanac ne krije da mu je veoma lepo u Beogradu i u Srbiji. Dženkins je već naučio nekoliko reči na srpskom. Dženkins je čak i propevao na srpskom jeziku.</article-text><article-text-transliterated> Čarls Dženkins je odavno postao ljubimac navijača Crvene zvezde. Popularni Đenka igra fenomenalno u crveno-belom dresu, a  Amerikanac ne krije da mu je veoma lepo u Beogradu i u Srbiji. Dženkins je već naučio nekoliko reči na srpskom. Dženkins je čak i propevao na srpskom jeziku.</article-text-transliterated><comment-list /></article><comments><comment-count>0</comment-count></comments></document>