<document global_id="sr-08-86"><url>https://www.srbijadanas.com/biz/vesti/kako-su-cistacica-iz-srbije-i-njen-nezaposleni-sin-u-becu-zaradili-skoro-2-miliona-evra-2019-11-18</url><source-id>08</source-id><local-id>86</local-id><source-name>srbijadanas</source-name><article><article-title>Kako su čistačica iz Srbije i njen nezaposleni sin u Beču ZARADILI SKORO 2 MILIONA EVRA </article-title><article-time>2019-11-18</article-time><article-author>Srbija Danas/Blic</article-author><article-text> Ova neverovatna priča počela je 2006. godine, kada je policija u Beču registrovala povećan broj kriminalnih radnji počinjenih od strane ljudi poreklom sa naših prostora. Kako navode austrijski mediji, imali su veliki problem prilikom prevođenja snimljenih telefonskih razgovora i saslušanja koja su često dovodila do nesporazuma, a kasnije i do oslobađajućih ili blažih presuda, pa su po potrebi honorarno angažovali Vesnu D. da im prevodi sa srpskog i romskog jezika. Vesna D. inače u Beču radi kao čistačica i gotovo potpuno je nepismena. Vesna D. je, prema zvaničnim podacima bečke policije, na taj način od 2006. do 2016. godine zaradila 1.163.397 evra, a zbog povećanog obima posla policija je 2010. godine honorarno angažovala i njenog nezaposlenog sina Dragana, koji je za šest godina zaradio 740.176 evra. Austrijski mediji pišu da jedina reč sa kojom su pomenuti prevodioci izgleda imali problem jeste "porez" zato što ga ni jedno ni drugo nisu plaćali godinama na zarađeni iznos, pa su kolege iz policije morale da ih procesuiraju na osnovu prijave o utaji poreza. Prema informacijama dostavljenim javnosti, Vesna D. i Dragan D. su ostali dužni državi 741.000 evra, te su se prošle nedelje našli pred austrijskim sudom. Postupak protiv Vesne je odložen zbog bolesti tužene, a njen sin Dragan je po savetu svog advokata priznao krivicu i osuđen je na četiri meseca zatvora i društveno koristan rad. Epilog suđenja Vesni i Draganu D. naišao je na osudu austrijske javnosti i odmah su se povele polemike da li se taj zločin počiniocima isplatio zato što su na godišnjem nivou zarađivali preko 100.000 evra, što je i za tamošnje prilike mnogo iznad proseka. Kao trn u oku navode i propust policije koja je 10 godina angažovala prevodioce i uredno ih plaćala, a da oni nisu izmirili svoje poreske obaveze. Prema austrijskom zakonu, policija može da deluje samo na osnovu prijave nadležnih o utaji poreza, a nezvanično se saznaje da im ni na kraj pameti nije bilo da neko ko radi za policiju i od njih prima "platu" može da pokuša da izigra zakon. Austrijska javnost čeka ishod novih procesa protiv još oko 20 prevodilaca sličnih Vesni i Draganu koji su trenutno pod istragom. I njih je policija angažovala po istom principu – jer su im bili kolege i odmah dostupni za honoraran posao.</article-text><article-text-transliterated> Ova neverovatna priča počela je 2006. godine, kada je policija u Beču registrovala povećan broj kriminalnih radnji počinjenih od strane ljudi poreklom sa naših prostora. Kako navode austrijski mediji, imali su veliki problem prilikom prevođenja snimljenih telefonskih razgovora i saslušanja koja su često dovodila do nesporazuma, a kasnije i do oslobađajućih ili blažih presuda, pa su po potrebi honorarno angažovali Vesnu D. da im prevodi sa srpskog i romskog jezika. Vesna D. inače u Beču radi kao čistačica i gotovo potpuno je nepismena. Vesna D. je, prema zvaničnim podacima bečke policije, na taj način od 2006. do 2016. godine zaradila 1.163.397 evra, a zbog povećanog obima posla policija je 2010. godine honorarno angažovala i njenog nezaposlenog sina Dragana, koji je za šest godina zaradio 740.176 evra. Austrijski mediji pišu da jedina reč sa kojom su pomenuti prevodioci izgleda imali problem jeste "porez" zato što ga ni jedno ni drugo nisu plaćali godinama na zarađeni iznos, pa su kolege iz policije morale da ih procesuiraju na osnovu prijave o utaji poreza. Prema informacijama dostavljenim javnosti, Vesna D. i Dragan D. su ostali dužni državi 741.000 evra, te su se prošle nedelje našli pred austrijskim sudom. Postupak protiv Vesne je odložen zbog bolesti tužene, a njen sin Dragan je po savetu svog advokata priznao krivicu i osuđen je na četiri meseca zatvora i društveno koristan rad. Epilog suđenja Vesni i Draganu D. naišao je na osudu austrijske javnosti i odmah su se povele polemike da li se taj zločin počiniocima isplatio zato što su na godišnjem nivou zarađivali preko 100.000 evra, što je i za tamošnje prilike mnogo iznad proseka. Kao trn u oku navode i propust policije koja je 10 godina angažovala prevodioce i uredno ih plaćala, a da oni nisu izmirili svoje poreske obaveze. Prema austrijskom zakonu, policija može da deluje samo na osnovu prijave nadležnih o utaji poreza, a nezvanično se saznaje da im ni na kraj pameti nije bilo da neko ko radi za policiju i od njih prima "platu" može da pokuša da izigra zakon. Austrijska javnost čeka ishod novih procesa protiv još oko 20 prevodilaca sličnih Vesni i Draganu koji su trenutno pod istragom. I njih je policija angažovala po istom principu – jer su im bili kolege i odmah dostupni za honoraran posao.</article-text-transliterated><comment-list /></article><comments><comment-count>0</comment-count></comments></document>