<document global_id="sr-08-154"><url>https://www.srbijadanas.com/biz/vesti/deset-godina-uspesnog-poslovanja-vucic-obisao-fabriku-gorenje-u-valjevu-foto-2016-12-01</url><source-id>08</source-id><local-id>154</local-id><source-name>srbijadanas</source-name><article><article-title>DESET GODINA USPEŠNOG POSLOVANJA: Vučić obišao fabriku "Gorenje" u Valjevu (FOTO) </article-title><article-time>2016-12-01</article-time><article-author>Tanjug</article-author><article-text> Premijera je ispred fabrike dočekalo oko 1.000 okupljenih građana Valjeva. Vučića su dočekali predsednik Gorenje grupe Franjo Bobinac, direktor fabrike Gorenje Valjevo Boris Pavčnik, gradonačenik Valjeva Slobodan Gvozdenović, i veći broj građana Valjeva. Slovenačko Gorenje u Valjevu ima dve fabrike rashladnih uređaja. Ta kompanija je prvu fabriku frižidera i zamrzivača napravila u Valjevu 2006. godine, što je realizovano kao grinfild investicija. Gorenje proizvelo više od 5 miliona rashladnih aparata Gorenje je do sada proizvelo u Valjevu više od pet miliona rashladnih aparata, koje izvozi u zemlje celog sveta, a dva pogona zapošljavaju oko 1.600 radnika. Fabrika rashladnih uređaja Gorenje u Valjevu pozicionira se među prvih pet izvoznika u Srbiji i ostvaruje odlične poslovne rezultate. Ta kompanija je, takođe, u Valjevu kupila bivšeg lidera u proizvodnji TA peći u bivšoj Jugoslaviji Novi Elind u stečaju. Gorenje je ranije najavilo da će proširiti kapacitete i zaposliti još oko 200 radnika u Valjevu. Premijer Srbije Aleksandar Vučić je izjavio danas u Valjevu da se u Srbiji puno radi zahvaljujući velikom broju investitora i da ćemo zato kao zemlja polako, ali sigurno, stići i prestići one koji su bili mnogo ispred nas. On je rekao da će u Gorenju biti otvoreno još 300 novih radnih mesta, a da je nova investicija vredna 12 miliona evra. Vlada Srbije i Gorenje grupa su potpisali danas memorandum kojim su predviđene nove investicije i proširenje kapaciteta fabrike. Kako je rekao, ukupno u Srbiji u Gorenju radi 2.540 ljudi, od cega 1.780 u Valjevu, a ostali u Zaječaru i Staroj Pazovi. On je povodom 10 godina uspešnog poslovanja fabrike Gorenja u Valjevu poželo im još mnogo pogona u Srbji, a radnicima još vehc plate. Vučić je rekao da se svake godine povećava izvoz Srbije u Sloveniju i da tome dosta doprinosi Gorenje i drugi koji su napravili fabrike u Srbji. On je rekao da treba dosta da naučimo od Slovenaca jer su oni bili vredniji i naučili srpski jezik i zapitao koliko nas u Srbiji zna slovenački, što pokazuje koliko su bili vredniji i mislili na budućnost. Čestitke na sjajnim rezultatima Vučić je rekao da je Gorenje izdržalo u prethodnom periodu udar ruske rublje i opstalo na tom tržištu, kao i tržištima u Aziji, pošto imaju kvalitetne proizvode. On je izrazio nadu da će Gorenje u Valjevu dostići milion firždera i čestitao im na sjajnim rezultatima. Vučić kaže da je 2013. za 400 radnih mesta se prijavilo čak 7.000 ljudi, što pokazuje koliko je bilo tešo u Valjevu. Premijer je kazao da mu se jedna žena požalila da se tu puno radi ističući da je dobro što se puno radi.</article-text><article-text-transliterated> Premijera je ispred fabrike dočekalo oko 1.000 okupljenih građana Valjeva. Vučića su dočekali predsednik Gorenje grupe Franjo Bobinac, direktor fabrike Gorenje Valjevo Boris Pavčnik, gradonačenik Valjeva Slobodan Gvozdenović, i veći broj građana Valjeva. Slovenačko Gorenje u Valjevu ima dve fabrike rashladnih uređaja. Ta kompanija je prvu fabriku frižidera i zamrzivača napravila u Valjevu 2006. godine, što je realizovano kao grinfild investicija. Gorenje proizvelo više od 5 miliona rashladnih aparata Gorenje je do sada proizvelo u Valjevu više od pet miliona rashladnih aparata, koje izvozi u zemlje celog sveta, a dva pogona zapošljavaju oko 1.600 radnika. Fabrika rashladnih uređaja Gorenje u Valjevu pozicionira se među prvih pet izvoznika u Srbiji i ostvaruje odlične poslovne rezultate. Ta kompanija je, takođe, u Valjevu kupila bivšeg lidera u proizvodnji TA peći u bivšoj Jugoslaviji Novi Elind u stečaju. Gorenje je ranije najavilo da će proširiti kapacitete i zaposliti još oko 200 radnika u Valjevu. Premijer Srbije Aleksandar Vučić je izjavio danas u Valjevu da se u Srbiji puno radi zahvaljujući velikom broju investitora i da ćemo zato kao zemlja polako, ali sigurno, stići i prestići one koji su bili mnogo ispred nas. On je rekao da će u Gorenju biti otvoreno još 300 novih radnih mesta, a da je nova investicija vredna 12 miliona evra. Vlada Srbije i Gorenje grupa su potpisali danas memorandum kojim su predviđene nove investicije i proširenje kapaciteta fabrike. Kako je rekao, ukupno u Srbiji u Gorenju radi 2.540 ljudi, od cega 1.780 u Valjevu, a ostali u Zaječaru i Staroj Pazovi. On je povodom 10 godina uspešnog poslovanja fabrike Gorenja u Valjevu poželo im još mnogo pogona u Srbji, a radnicima još vehc plate. Vučić je rekao da se svake godine povećava izvoz Srbije u Sloveniju i da tome dosta doprinosi Gorenje i drugi koji su napravili fabrike u Srbji. On je rekao da treba dosta da naučimo od Slovenaca jer su oni bili vredniji i naučili srpski jezik i zapitao koliko nas u Srbiji zna slovenački, što pokazuje koliko su bili vredniji i mislili na budućnost. Čestitke na sjajnim rezultatima Vučić je rekao da je Gorenje izdržalo u prethodnom periodu udar ruske rublje i opstalo na tom tržištu, kao i tržištima u Aziji, pošto imaju kvalitetne proizvode. On je izrazio nadu da će Gorenje u Valjevu dostići milion firždera i čestitao im na sjajnim rezultatima. Vučić kaže da je 2013. za 400 radnih mesta se prijavilo čak 7.000 ljudi, što pokazuje koliko je bilo tešo u Valjevu. Premijer je kazao da mu se jedna žena požalila da se tu puno radi ističući da je dobro što se puno radi.</article-text-transliterated><comment-list><comments comment-id="1"><comment-parent-id>empty</comment-parent-id><comment-text>Nadam se da ce se ova poslovna saradnja izmedju Gorenja i Srbija nastaviti i u budicnosti.</comment-text><comment-text-transliterated>Nadam se da ce se ova poslovna saradnja izmedju Gorenja i Srbija nastaviti i u budicnosti.</comment-text-transliterated></comments></comment-list></article><comments><comment-count>1</comment-count></comments></document>