<document global_id="sr-08-215"><url>https://www.srbijadanas.com/vip/vip/bas-je-preterala-zbog-ozbiljne-rasprave-sa-majom-zorica-napustila-pinkove-zvezde-video-2017-01-26</url><source-id>08</source-id><local-id>215</local-id><source-name>srbijadanas</source-name><article><article-title>BAŠ JE PRETERALA: Zbog ozbiljne rasprave sa Majom, Zorica NAPUSTILA Pinkove zvezde (VIDEO) </article-title><article-time>2017-01-26</article-time><article-author>Srbija Danas</article-author><article-text> Koleginice Maja Nikolić i Zorica Brunclik retko kad mogu da pronađu zajednički jezik od trenutka kada su se zajedno našle u crvenim stolicama "Pinkovih zvezda". Međutim, čini se da će u subotu doći do ozbiljne rasprave zbog čega je Zorica odlučila da napusti crvenu stolicu. Pogledajte najavu:</article-text><article-text-transliterated> Koleginice Maja Nikolić i Zorica Brunclik retko kad mogu da pronađu zajednički jezik od trenutka kada su se zajedno našle u crvenim stolicama "Pinkovih zvezda". Međutim, čini se da će u subotu doći do ozbiljne rasprave zbog čega je Zorica odlučila da napusti crvenu stolicu. Pogledajte najavu:</article-text-transliterated><comment-list /></article><comments><comment-count>0</comment-count></comments></document>