<document global_id="sr-08-114"><url>https://www.srbijadanas.com/clanak/deca-sa-kosova-u-beogradu-mnogo-se-razlikuje-zivot-ovde-i-tamo-03-07-2015</url><source-id>08</source-id><local-id>114</local-id><source-name>srbijadanas</source-name><article><article-title>DECA SA KOSOVA U BEOGRADU: Mnogo se razlikuje život ovde i tamo  </article-title><article-time>03-07-2015</article-time><article-author>Tanjug</article-author><article-text> U izjavi Tanjugu on je rekao da deci ova poseta mnogo znači jer je većina prvi put u glavnom gradu Srbije. Vladi Srbije je zahvalio na bezgraničnoj podršci Srbima na Kosovu i na svemu sto čini da im omogući bolji život, dodao da vlada treba da nastavi da vodi brigu o srpskoj deci i celom Kosovu i Metohiji, kako bi ostala na svojim ognjištima, a zatim poručio: "Biće budućnosti, izdržaćemo sve nedaće. On se posebno zahvalio članovima Gradskog Veća Miri Milutinović, Tanji Popović i Goranu Vesiću što su omogućili deci da borave u Beogradu i da osete slobodu koja im nedostaje na Kosovu i Metohiji. Nastavnica Zorica Marinković iz Osnovne škole "Marko Rajković" u Vrbovcu u opštini Vitina rekla je da su te dolaskom u Beograd mogli da vide kolika je razlika u uslovima života.  "Naša deca su suočena sa ograničenjima u mnogim oblastima života. Ne mogu slobodno da se kreću, ograničeni su u igri, druženju. Mnogo se razlikuje život dece kod nas i u centralnoj Srbiji", rekla Marinković i dodala da su deca pod velikim utiskom tokom posete i da će sigurno još dugo pričati o tome. Mališani iz Klokota i Vitine oduševljeni su glavnim gradom Srbije. Mihajlo Kostić iz Vitine kaže da je njemu i njegovim vršnjacima dolazak u Beograd značio puno, jer su mnogi prvi put u glavnom gradu, da im je drago što su upoznali premijera, ali se požalio na teške uslove života na KiM, jer, kako je rekao, ne mogu slobodno da šetaju, plaše se da govore srpski... pričamo srpski jezik", preneo je deo teškoća sa kojima se suočavaju srpska deca. Stefan Vujić iz Vrbovca rekao je da je poseta prilika i da građani u Beogradu saznaju da i dalje ima srpske dece na Kosovu i Metohiji, a posebno je, kaže, zadovoljan što je "imao priliku da vidi premijera Aleksandra Vučića". "Mi njega vidimo samo preko malih ekrana i ova prilika da sa njim pričamo je velika stvar", kazao je Vujić. Srpski premijer razgovarao je danas sa decom sa Kosova i Metohije izrazivši zadovoljstvo što su došli u Beograd, pitao ih je šta bi želeli još da vide, a velika većina se izjasnila za dva najveća stadiona u Beogradu. Premijer je zato pozvao čelnike Crvene Zvezde i Partizana i zamolio ih da decu provedu kroz stadione, a mališanima je predao i poklone koje je lično obezbedio za njih. Pročitajte i:</article-text><article-text-transliterated> U izjavi Tanjugu on je rekao da deci ova poseta mnogo znači jer je većina prvi put u glavnom gradu Srbije. Vladi Srbije je zahvalio na bezgraničnoj podršci Srbima na Kosovu i na svemu sto čini da im omogući bolji život, dodao da vlada treba da nastavi da vodi brigu o srpskoj deci i celom Kosovu i Metohiji, kako bi ostala na svojim ognjištima, a zatim poručio: "Biće budućnosti, izdržaćemo sve nedaće. On se posebno zahvalio članovima Gradskog Veća Miri Milutinović, Tanji Popović i Goranu Vesiću što su omogućili deci da borave u Beogradu i da osete slobodu koja im nedostaje na Kosovu i Metohiji. Nastavnica Zorica Marinković iz Osnovne škole "Marko Rajković" u Vrbovcu u opštini Vitina rekla je da su te dolaskom u Beograd mogli da vide kolika je razlika u uslovima života.  "Naša deca su suočena sa ograničenjima u mnogim oblastima života. Ne mogu slobodno da se kreću, ograničeni su u igri, druženju. Mnogo se razlikuje život dece kod nas i u centralnoj Srbiji", rekla Marinković i dodala da su deca pod velikim utiskom tokom posete i da će sigurno još dugo pričati o tome. Mališani iz Klokota i Vitine oduševljeni su glavnim gradom Srbije. Mihajlo Kostić iz Vitine kaže da je njemu i njegovim vršnjacima dolazak u Beograd značio puno, jer su mnogi prvi put u glavnom gradu, da im je drago što su upoznali premijera, ali se požalio na teške uslove života na KiM, jer, kako je rekao, ne mogu slobodno da šetaju, plaše se da govore srpski... pričamo srpski jezik", preneo je deo teškoća sa kojima se suočavaju srpska deca. Stefan Vujić iz Vrbovca rekao je da je poseta prilika i da građani u Beogradu saznaju da i dalje ima srpske dece na Kosovu i Metohiji, a posebno je, kaže, zadovoljan što je "imao priliku da vidi premijera Aleksandra Vučića". "Mi njega vidimo samo preko malih ekrana i ova prilika da sa njim pričamo je velika stvar", kazao je Vujić. Srpski premijer razgovarao je danas sa decom sa Kosova i Metohije izrazivši zadovoljstvo što su došli u Beograd, pitao ih je šta bi želeli još da vide, a velika većina se izjasnila za dva najveća stadiona u Beogradu. Premijer je zato pozvao čelnike Crvene Zvezde i Partizana i zamolio ih da decu provedu kroz stadione, a mališanima je predao i poklone koje je lično obezbedio za njih. Pročitajte i:</article-text-transliterated><comment-list /></article><comments><comment-count>0</comment-count></comments></document>