<document global_id="sr-08-30"><url>https://www.srbijadanas.com/vesti/region/bez-spc-nema-ni-srpskog-identiteta-dodik-razgovarao-sa-patrijarhom-irinejem-2020-01-06</url><source-id>08</source-id><local-id>30</local-id><source-name>srbijadanas</source-name><article><article-title>BEZ SPC NEMA NI SRPSKOG IDENTITETA! Dodik razgovarao sa patrijarhom Irinejem </article-title><article-time>2020-01-06</article-time><article-author>Srbija Danas/Agencije</article-author><article-text> Dodik je istakao da su Srbi u Republici Srpskoj ostali verni SPC, veri i krsnoj slavi, kao najvažnijim elementima srpskog identiteta. Istakao je da je danas sa patrijarhom Irinejom razgovarao upravo o tim izazovima i potrebi jedinstvenog nastupa i delovanja. On je naglasio da su Srbi u Republici Srpskoj ostali deo jedinstvenog srpskog naroda i da, imajući u vidu srpski identitet, crkvu, jezik, pismo, krsnu slavu, veru i sve što je u osnovi tog identiteta, ne može da bude nikakvih granica koje bi mogle taj identitet da razore ili ga omalovaže. Dodik je poručio da ga veoma raduje što će patrijarh srpski Irinej doći u Republiku Srpsku 9. januara i prisustvovati obeležavanju Dana Republike, što je za srpski narod veoma važno.</article-text><article-text-transliterated> Dodik je istakao da su Srbi u Republici Srpskoj ostali verni SPC, veri i krsnoj slavi, kao najvažnijim elementima srpskog identiteta. Istakao je da je danas sa patrijarhom Irinejom razgovarao upravo o tim izazovima i potrebi jedinstvenog nastupa i delovanja. On je naglasio da su Srbi u Republici Srpskoj ostali deo jedinstvenog srpskog naroda i da, imajući u vidu srpski identitet, crkvu, jezik, pismo, krsnu slavu, veru i sve što je u osnovi tog identiteta, ne može da bude nikakvih granica koje bi mogle taj identitet da razore ili ga omalovaže. Dodik je poručio da ga veoma raduje što će patrijarh srpski Irinej doći u Republiku Srpsku 9. januara i prisustvovati obeležavanju Dana Republike, što je za srpski narod veoma važno.</article-text-transliterated><comment-list /></article><comments><comment-count>0</comment-count></comments></document>