<document global_id="sr-08-258"><url>https://www.srbijadanas.com/vesti/info/od-septembra-dva-casa-vise-gimnazijalci-dobijaju-nove-predmete-bira-se-izmedu-ponudenih-sest-2018-02-25</url><source-id>08</source-id><local-id>258</local-id><source-name>srbijadanas</source-name><article><article-title>Od septembra DVA ČASA VIŠE: Gimnazijalci dobijaju NOVE PREDMETE, bira se između ponuđenih ŠEST </article-title><article-time>2018-02-25</article-time><article-author>Srbija Danas/ Blic</article-author><article-text> Sadašnje osmake koji upišu gimnaziju od septembra očekuju još dva obavezna izborna programa, a samim tim i dva časa nedeljno više. Pročitajte i: Ministarstvo prosvete završilo je novi Plan i program nastave i učenja za opšte srednje obrazovanje, prema kome se uvode izborni predmeti. Tako će budući učenici prvog razreda, pored postojećih izbornih predmeta (građansko vaspitanje ili verska nastava i drugi strani jezik), u septembru birati još dva od šest ponuđenih programa. Kako objašnjava Biljana Stojanović iz Ministarstva prosvete, prva opcija je "jezik, mediji i kultura", kroz koji će učiti da kreiraju informacije, da razumeju pročitano u medijima, da sarađuju, komuniciraju i rešavaju probleme. Izborni programi za 1. i 2. razred gimnazije (šest programa, dva časa nedeljno) Učenici koji vole psihologiju, sociologiju i istoriju mogu da se opredele za program "pojedinac, grupa i društvo", gde će se upoznavati sa ljudskim pravima i institucijama i osposobljavati se da razvijaju kritičko mišljenje, da budu društveno odgovorni... "Zdravlje i sport" je treći program koji đaci mogu da izaberu, a cilj je da prepoznaju značaj telesnog vežbanja, kao i da se odgovorno ponašaju prema svom zdravlju. Prelistavanje dnevnih novina za 25. februar 2018. godine S druge strane, prema njenim rečima, program "primenjene nauke" bi decu trebalo da osposobi za razumevanje i primenu znanja iz fizike, biologije i hemije u svakodnevnom životu. Ljubitelji likovnog, srpskog, muzičkog i istorije mogli bi da izaberu program "umetnost i dizajn".  Izborni programi za 3. i 4. razred (devet programa, dva časa nedeljno) Jadranka je 2006. godine na letovanju doživela nesreću, oporavila se nakon 2 godine, ali njena pravna bitka traje i dalje Ona objašnjava da je reč o programima koji su spoj više predmeta i koji su kreirani tako da doprinesu razvoju veština neophodnih za život i rad u 21. veku. Kada završe drugu godinu, učenici će birati nove programe koje će učiti u 3. i 4. razredu. Tada će imati nove opcije: "obrazovanje za održivi razvoj", "umetnost i dizajn", "primenjene nauke" 1 - usmerene ka medicinskim naukama, primenjene nauke 2 - usmerene ka tehničkim naukama, "osnovi geopolitike", "ekonomija i biznis", "religija i civilizacija", "metodologija naučnog istraživanja" i "savremene tehnologije". Novine bi od septembra trebalo da budu uvedene za učenike prvog razreda, a u naredne tri godine i za drugi, treći i četvrti razred.</article-text><article-text-transliterated> Sadašnje osmake koji upišu gimnaziju od septembra očekuju još dva obavezna izborna programa, a samim tim i dva časa nedeljno više. Pročitajte i: Ministarstvo prosvete završilo je novi Plan i program nastave i učenja za opšte srednje obrazovanje, prema kome se uvode izborni predmeti. Tako će budući učenici prvog razreda, pored postojećih izbornih predmeta (građansko vaspitanje ili verska nastava i drugi strani jezik), u septembru birati još dva od šest ponuđenih programa. Kako objašnjava Biljana Stojanović iz Ministarstva prosvete, prva opcija je "jezik, mediji i kultura", kroz koji će učiti da kreiraju informacije, da razumeju pročitano u medijima, da sarađuju, komuniciraju i rešavaju probleme. Izborni programi za 1. i 2. razred gimnazije (šest programa, dva časa nedeljno) Učenici koji vole psihologiju, sociologiju i istoriju mogu da se opredele za program "pojedinac, grupa i društvo", gde će se upoznavati sa ljudskim pravima i institucijama i osposobljavati se da razvijaju kritičko mišljenje, da budu društveno odgovorni... "Zdravlje i sport" je treći program koji đaci mogu da izaberu, a cilj je da prepoznaju značaj telesnog vežbanja, kao i da se odgovorno ponašaju prema svom zdravlju. Prelistavanje dnevnih novina za 25. februar 2018. godine S druge strane, prema njenim rečima, program "primenjene nauke" bi decu trebalo da osposobi za razumevanje i primenu znanja iz fizike, biologije i hemije u svakodnevnom životu. Ljubitelji likovnog, srpskog, muzičkog i istorije mogli bi da izaberu program "umetnost i dizajn".  Izborni programi za 3. i 4. razred (devet programa, dva časa nedeljno) Jadranka je 2006. godine na letovanju doživela nesreću, oporavila se nakon 2 godine, ali njena pravna bitka traje i dalje Ona objašnjava da je reč o programima koji su spoj više predmeta i koji su kreirani tako da doprinesu razvoju veština neophodnih za život i rad u 21. veku. Kada završe drugu godinu, učenici će birati nove programe koje će učiti u 3. i 4. razredu. Tada će imati nove opcije: "obrazovanje za održivi razvoj", "umetnost i dizajn", "primenjene nauke" 1 - usmerene ka medicinskim naukama, primenjene nauke 2 - usmerene ka tehničkim naukama, "osnovi geopolitike", "ekonomija i biznis", "religija i civilizacija", "metodologija naučnog istraživanja" i "savremene tehnologije". Novine bi od septembra trebalo da budu uvedene za učenike prvog razreda, a u naredne tri godine i za drugi, treći i četvrti razred.</article-text-transliterated><comment-list /></article><comments><comment-count>0</comment-count></comments></document>