<document global_id="sr-08-50"><url>https://www.srbijadanas.com/vesti/drustvo/roditelji-pripremite-minimum-2000-evra-paprene-pripreme-za-malu-maturu-2020-01-28</url><source-id>08</source-id><local-id>50</local-id><source-name>srbijadanas</source-name><article><article-title>Roditelji, pripremite minimum 2.000 evra! Paprene pripreme za malu maturu! EVO CENOVNIKA! </article-title><article-time>2020-01-28</article-time><article-author>Srbija Danas/Kurir</article-author><article-text> Roditelji osmaka će za pripremne časove za polaganje male mature morati da iskeširaju čak 2.000 evra, pa mnogi pozajmljuju novac ili uzimaju gotovinske kredite kako bi svojoj deci obezbedili valjanu pripremu. Mala matura, koja obuhvata proveru znanja iz sedam predmeta (srpski jezik, matematika, fizika, biologija, geografija, istorija, hemija), a koju će osmaci polagati početkom juna, stres je kako za decu tako i za roditelje. Najveći broj zaposlenih u Srbiji ima platu  od 43.500 dinara, a da bi se deca valjano pripremila, potrebne su 4 i po plate, pa mnogi roditelji, skoro pola,  godine rade samo za pripremne časove za maturu. Olakšavajuća okolnost je to što ima opština  i škola koje organizuju  besplatnu programnu nastavu, ali mnogi smatraju da ona nije dovoljna jer se radi u grupama, pa deci ipak uplaćuju privatne individualne časove. Predsednik Foruma srednjih stručnih škola Milorad Antić rekao je da indivudualni rad može mnogo više da pruži učenicima nego grupni. Minimum dvočasa koji je dovoljan za pripremu za polaganje srpskog jezika je 30, za matematiku 40, za fiziku 20, za hemiju, biologiju, geografiju i istoriju desetak. Kad se sve to izračuna, za privatne časove iz srpskog jezika potrebno je odvojiti 45.000 dinara, za časove matematike 60.000, za fiziku 30.000, za časove iz hemije, biologije, geografije i istorije po 15.000 dinara. Sve to ukupno iznosi 195.000 dinara – naveo je Antić. Prema njegovim rečima, roditelji za pripremu svojih mališana moraju da iskeširaju minimum 2.000 evra. Majka S.R. rekla je da će tokom zimskog raspusta njeno dete početi da se priprema  za polaganje.</article-text><article-text-transliterated> Roditelji osmaka će za pripremne časove za polaganje male mature morati da iskeširaju čak 2.000 evra, pa mnogi pozajmljuju novac ili uzimaju gotovinske kredite kako bi svojoj deci obezbedili valjanu pripremu. Mala matura, koja obuhvata proveru znanja iz sedam predmeta (srpski jezik, matematika, fizika, biologija, geografija, istorija, hemija), a koju će osmaci polagati početkom juna, stres je kako za decu tako i za roditelje. Najveći broj zaposlenih u Srbiji ima platu  od 43.500 dinara, a da bi se deca valjano pripremila, potrebne su 4 i po plate, pa mnogi roditelji, skoro pola,  godine rade samo za pripremne časove za maturu. Olakšavajuća okolnost je to što ima opština  i škola koje organizuju  besplatnu programnu nastavu, ali mnogi smatraju da ona nije dovoljna jer se radi u grupama, pa deci ipak uplaćuju privatne individualne časove. Predsednik Foruma srednjih stručnih škola Milorad Antić rekao je da indivudualni rad može mnogo više da pruži učenicima nego grupni. Minimum dvočasa koji je dovoljan za pripremu za polaganje srpskog jezika je 30, za matematiku 40, za fiziku 20, za hemiju, biologiju, geografiju i istoriju desetak. Kad se sve to izračuna, za privatne časove iz srpskog jezika potrebno je odvojiti 45.000 dinara, za časove matematike 60.000, za fiziku 30.000, za časove iz hemije, biologije, geografije i istorije po 15.000 dinara. Sve to ukupno iznosi 195.000 dinara – naveo je Antić. Prema njegovim rečima, roditelji za pripremu svojih mališana moraju da iskeširaju minimum 2.000 evra. Majka S.R. rekla je da će tokom zimskog raspusta njeno dete početi da se priprema  za polaganje.</article-text-transliterated><comment-list><comments comment-id="1"><comment-parent-id>empty</comment-parent-id><comment-text>Primer Vranje, plate 35.000, da li ti ljudi znaju uopšte koliko su 2000 evra,ne ako i upišu srednju školu, i završe šta onda fakultet, pa može li ga upisati ko da plati sve to, i na kraju zaposliti se u recimo Geoks da radi do 16 plus subote za pomenutih 35.000, šta mislite zar nije žalosno</comment-text><comment-text-transliterated>Primer Vranje, plate 35.000, da li ti ljudi znaju uopšte koliko su 2000 evra,ne ako i upišu srednju školu, i završe šta onda fakultet, pa može li ga upisati ko da plati sve to, i na kraju zaposliti se u recimo Geoks da radi do 16 plus subote za pomenutih 35.000, šta mislite zar nije žalosno</comment-text-transliterated></comments></comment-list></article><comments><comment-count>1</comment-count></comments></document>