<document global_id="sr-08-21"><url>https://www.srbijadanas.com/vesti/svet/niko-nije-posumnjao-u-njegovu-smrt-onda-su-poceli-da-citaju-njegov-dnevnik-i-saznali-ko-je-ubica-2020-01-14</url><source-id>08</source-id><local-id>21</local-id><source-name>srbijadanas</source-name><article><article-title>Niko nije posumnjao u njegovu smrt, a onda su počeli da čitaju njegov dnevnik i saznali KO JE UBICA (VIDEO) </article-title><article-time>2020-01-14</article-time><article-author>Srbija Danas/Bild</article-author><article-text> Docent na univerzitetu Piter Farkar živeo je 69 godina, a zahvaljujući dnevniku, koji je vodio 25 godina, otkriven je njegov ubica. Kada je u oktobru 2015. nađeno beživotno telo Britanca iz malog sela Mejds Morton, nedaleko od Oksforda, u početku niko nije ništa posumnjao, ali kada je pod sličnim okolnostima umrla i njegova komšinica En Mur-Martin (83) policija je započela istragu. Farkar je u dnevniku često pisao o odnosu sa svojim mlađim partnerom, a 2014. je, između ostalog, napisao da su počeli da stanuju zajedno. Sve dok nije upoznao Bena, za Farkara, koji je bio veliki vernik, homoseksualna veza nije dolazila u obzir, ali je zahvaljujući učeniku, kome je predavao engleski jezik, shvatio je svoju "pravu seksualnu orijentaciju", prenosi "San". 🆕📺 | Catching A Killer - A Diary from the Grave: Twitter Q&amp;AOne of our Major Crime detectives, who worked on the case, will be on hand to answer your questions during the documentary.Join us from 9pm tomorrow by tweeting us or by using the hashtag: #CatchingAKiller. pic.twitter.com/dEKWAgeGJe Možda najlepša godina u njegovom životu završila se užasno: Fild mu je u piće sipao čist alkohol, a u hranu ubacivao halucinogena sredstva - sve to da bi ga naveo da mu bude slepo poslušan. Kada je policija u jesen 2015. našla Farkara mrtvog, a pored njega praznu flašu od viskija, pomislili su da je umro od trovanja alkoholom, ali pošto je otkriveno da su i Farkar i njegova komšinica spominjali iste probleme sa orijentacijom i misteriozan "beli prah", telo profesora je ekshumirano. Obdukcija je pokazala da količina alkohola koju je popio nije bila dovoljna da izazove smrt. Istražitelji su se naježili kada su pročitali Farkarov dnevnik, koji je imao oko 2.000 stranica: Farkar je, između ostalog, napisao da se često osećao "tromo" i da je mislio da će poludeti, jer vidi "odvratne gomile crnih insekata" i da je to "bio najgori dan u mom životu". U junu 2015. napisao je: An almost unbelievable story of love and betrayal #CatchingAKiller: A Diary from the Grave. Tonight at 9pm pic.twitter.com/U67i6LXMFt Danas istražitelji znaju da ga je Fild drogirao da bi ga naveo da promeni testament. Na osnovu uzoraka kose policija je kasnije utvrdila da je Farkl umro od lekova iz kutije koju su našli pored njega. Na njoj i na boci od viskija nađeni su Fildovi otisci prstiju. Prilikom pretresa Fildove kuće, istražitelji su našli razne zabeleške, između ostalog i spisak još 100 mogućih žrtava, a na jednom mestu je zapisao: "2015: Piterov kraj". Na suđenju u aprilu 2019. Fild je priznao da se upustio u neiskrene ljubavne veze s Piterom i En kako bi se dočepao njihovog bogatstva, ali je demantovao da ih je ubio. Osuđen je na doživotnu robiju sa mogućnošću oslobađanja najranije posle 36 godina.</article-text><article-text-transliterated> Docent na univerzitetu Piter Farkar živeo je 69 godina, a zahvaljujući dnevniku, koji je vodio 25 godina, otkriven je njegov ubica. Kada je u oktobru 2015. nađeno beživotno telo Britanca iz malog sela Mejds Morton, nedaleko od Oksforda, u početku niko nije ništa posumnjao, ali kada je pod sličnim okolnostima umrla i njegova komšinica En Mur-Martin (83) policija je započela istragu. Farkar je u dnevniku često pisao o odnosu sa svojim mlađim partnerom, a 2014. je, između ostalog, napisao da su počeli da stanuju zajedno. Sve dok nije upoznao Bena, za Farkara, koji je bio veliki vernik, homoseksualna veza nije dolazila u obzir, ali je zahvaljujući učeniku, kome je predavao engleski jezik, shvatio je svoju "pravu seksualnu orijentaciju", prenosi "San". 🆕📺 | Catching A Killer - A Diary from the Grave: Twitter Q&amp;AOne of our Major Crime detectives, who worked on the case, will be on hand to answer your questions during the documentary.Join us from 9pm tomorrow by tweeting us or by using the hashtag: #CatchingAKiller. pic.twitter.com/dEKWAgeGJe Možda najlepša godina u njegovom životu završila se užasno: Fild mu je u piće sipao čist alkohol, a u hranu ubacivao halucinogena sredstva - sve to da bi ga naveo da mu bude slepo poslušan. Kada je policija u jesen 2015. našla Farkara mrtvog, a pored njega praznu flašu od viskija, pomislili su da je umro od trovanja alkoholom, ali pošto je otkriveno da su i Farkar i njegova komšinica spominjali iste probleme sa orijentacijom i misteriozan "beli prah", telo profesora je ekshumirano. Obdukcija je pokazala da količina alkohola koju je popio nije bila dovoljna da izazove smrt. Istražitelji su se naježili kada su pročitali Farkarov dnevnik, koji je imao oko 2.000 stranica: Farkar je, između ostalog, napisao da se često osećao "tromo" i da je mislio da će poludeti, jer vidi "odvratne gomile crnih insekata" i da je to "bio najgori dan u mom životu". U junu 2015. napisao je: An almost unbelievable story of love and betrayal #CatchingAKiller: A Diary from the Grave. Tonight at 9pm pic.twitter.com/U67i6LXMFt Danas istražitelji znaju da ga je Fild drogirao da bi ga naveo da promeni testament. Na osnovu uzoraka kose policija je kasnije utvrdila da je Farkl umro od lekova iz kutije koju su našli pored njega. Na njoj i na boci od viskija nađeni su Fildovi otisci prstiju. Prilikom pretresa Fildove kuće, istražitelji su našli razne zabeleške, između ostalog i spisak još 100 mogućih žrtava, a na jednom mestu je zapisao: "2015: Piterov kraj". Na suđenju u aprilu 2019. Fild je priznao da se upustio u neiskrene ljubavne veze s Piterom i En kako bi se dočepao njihovog bogatstva, ali je demantovao da ih je ubio. Osuđen je na doživotnu robiju sa mogućnošću oslobađanja najranije posle 36 godina.</article-text-transliterated><comment-list /></article><comments><comment-count>0</comment-count></comments></document>