<document global_id="sr-08-77"><url>https://www.srbijadanas.com/vesti/svet/stop-za-ukrajinu-madari-im-blokirali-ulazak-u-nato-sve-zbog-jednog-razloga-2019-12-04</url><source-id>08</source-id><local-id>77</local-id><source-name>srbijadanas</source-name><article><article-title>STOP ZA UKRAJINU: Mađari im blokirali ulazak u NATO, a sve zbog JEDNOG RAZLOGA </article-title><article-time>2019-12-04</article-time><article-author>Srbija Danas/agencije</article-author><article-text> Ministar spoljnih poslova Mađarske Peter Sijarto izjavio je da će blokirati ulazak Ukrajine u NATO. On je istakao da namerava da blokira ulazak zemlje u Alijansu sve dok Ukrajina ne obnovi prava mađarskoj manjini da se školuje na maternjem jeziku, prenosi Rojters. Ranije je predsednik Državne dume Vjačeslav Volodin saopštio da se Mađarska obratila Rusiji sa zahtevom da udruže snage kako bi zaštitili prava nacionalnih manjina u Ukrajini. Budimpešta se protivi ukrajinskom zakonu o obrazovanju, i traži da se vrate prava Zakarpatskim Mađarima da se školuju na maternjem jeziku. Kijev optužuje Mađarsku za pokušaj formiranja svoje enklave na teritoriji Ukrajine. Rusija se takođe protivi novom zakonu u Ukrajini, koji značajno narušava prava brojnih stanovnika te zemlje koji govore ruskim jezikom. Zakon o državnom jeziku je bivši predsednik Ukrajine Petro Porošenko potpisao u maju. Njime se predviđa upotreba isključivo ukrajinskog jezika u gotovo svim oblastima života: u državnim organima, školama i univerzitetima, bolnicama, sudovima, vojsci, policiji, tokom izborne kampanje, referenduma i tako dalje. Međutim, dokument predviđa izuzetak za engleski i druge jezike Evropske unije.</article-text><article-text-transliterated> Ministar spoljnih poslova Mađarske Peter Sijarto izjavio je da će blokirati ulazak Ukrajine u NATO. On je istakao da namerava da blokira ulazak zemlje u Alijansu sve dok Ukrajina ne obnovi prava mađarskoj manjini da se školuje na maternjem jeziku, prenosi Rojters. Ranije je predsednik Državne dume Vjačeslav Volodin saopštio da se Mađarska obratila Rusiji sa zahtevom da udruže snage kako bi zaštitili prava nacionalnih manjina u Ukrajini. Budimpešta se protivi ukrajinskom zakonu o obrazovanju, i traži da se vrate prava Zakarpatskim Mađarima da se školuju na maternjem jeziku. Kijev optužuje Mađarsku za pokušaj formiranja svoje enklave na teritoriji Ukrajine. Rusija se takođe protivi novom zakonu u Ukrajini, koji značajno narušava prava brojnih stanovnika te zemlje koji govore ruskim jezikom. Zakon o državnom jeziku je bivši predsednik Ukrajine Petro Porošenko potpisao u maju. Njime se predviđa upotreba isključivo ukrajinskog jezika u gotovo svim oblastima života: u državnim organima, školama i univerzitetima, bolnicama, sudovima, vojsci, policiji, tokom izborne kampanje, referenduma i tako dalje. Međutim, dokument predviđa izuzetak za engleski i druge jezike Evropske unije.</article-text-transliterated><comment-list /></article><comments><comment-count>0</comment-count></comments></document>