<document global_id="sr-08-265"><url>https://www.srbijadanas.com/zena/lepota/pa-ovo-je-vec-previse-odbijamo-da-prihvatimo-ovakve-obrve-kao-novi-trend-uzas-foto-2018-03-04</url><source-id>08</source-id><local-id>265</local-id><source-name>srbijadanas</source-name><article><article-title>PA OVO JE VEĆ PREVIŠE: Odbijamo da prihvatimo OVAKVE obrve kao novi trend! UŽAS! (FOTO) </article-title><article-time>2018-03-04</article-time><article-author>Srbija Danas</article-author><article-text> Znamo da su ljudsko telo, lice, koža itd. večita inspiracija i da možete sa njima eksperimentisati na razne načine, ali što je mnogo, mnogo je.  Videli smo kako su ljudi lepili šljokice na jezik (ukoliko imate želju da vidite kako to izgleda, kliknite OVDE), pa potom i na gole grudi (na linku OVDE možete i to videti). Iako smo nebrojano puta pomislili da "nema dalje", bolje bi bilo da smo se ujeli za jezik, jer "dalje" postoji i to se odnosi na obrve.  "Riblje obrve" su očigledno brzo pale u zaborav (zbog čega nam nije žao, pogledajte OVDE), pa sada polako osvaja društvene mreže nešto sasvim suprotno.  Obrve "a la Frida Kalo", guste, čupave i spojene, iz nama nepoznatog razloga, sve više osvajaju svet.  Instagram je naravno preplavljen devojkama koje već praktikuju ovako nešto, pa pogledajte i sami kako izgledaju: A post shared by Shari Loeffler (@myfiercebrow) on Feb 20, 2018 at 5:29am PST A post shared by Sophia Hadjipanteli ☠️ (@sophiahadjipanteli) on Feb 12, 2018 at 7:42am PST A post shared by India 🏳️‍🌈 (@indiaalexandrial) on Jan 16, 2018 at 11:11am PST A post shared by personal ISSUE (@personal_issue) on Feb 22, 2018 at 12:09am PST A post shared by @scarlettcostello on Dec 10, 2017 at 5:17pm PST</article-text><article-text-transliterated> Znamo da su ljudsko telo, lice, koža itd. večita inspiracija i da možete sa njima eksperimentisati na razne načine, ali što je mnogo, mnogo je.  Videli smo kako su ljudi lepili šljokice na jezik (ukoliko imate želju da vidite kako to izgleda, kliknite OVDE), pa potom i na gole grudi (na linku OVDE možete i to videti). Iako smo nebrojano puta pomislili da "nema dalje", bolje bi bilo da smo se ujeli za jezik, jer "dalje" postoji i to se odnosi na obrve.  "Riblje obrve" su očigledno brzo pale u zaborav (zbog čega nam nije žao, pogledajte OVDE), pa sada polako osvaja društvene mreže nešto sasvim suprotno.  Obrve "a la Frida Kalo", guste, čupave i spojene, iz nama nepoznatog razloga, sve više osvajaju svet.  Instagram je naravno preplavljen devojkama koje već praktikuju ovako nešto, pa pogledajte i sami kako izgledaju: A post shared by Shari Loeffler (@myfiercebrow) on Feb 20, 2018 at 5:29am PST A post shared by Sophia Hadjipanteli ☠️ (@sophiahadjipanteli) on Feb 12, 2018 at 7:42am PST A post shared by India 🏳️‍🌈 (@indiaalexandrial) on Jan 16, 2018 at 11:11am PST A post shared by personal ISSUE (@personal_issue) on Feb 22, 2018 at 12:09am PST A post shared by @scarlettcostello on Dec 10, 2017 at 5:17pm PST</article-text-transliterated><comment-list /></article><comments><comment-count>0</comment-count></comments></document>