<document global_id="sr-08-272"><url>https://www.srbijadanas.com/vesti/info/sokantno-takmicenje-za-osnovce-ucenici-i-profesori-zaprepasceni-pitanjima-na-opstinskom-takmicenju-2018-03-12</url><source-id>08</source-id><local-id>272</local-id><source-name>srbijadanas</source-name><article><article-title>ŠOKANTNO TAKMIČENJE ZA OSNOVCE: Učenici i profesori zaprepašćeni pitanjima na opštinskom takmičenju </article-title><article-time>2018-03-12</article-time><article-author>Srbija Danas/Novosti</article-author><article-text> Na prste mogu da se izbroje učesnici opštinskih takmičenja iz književnosti u celoj Srbiji koji su proteklog vikenda uspeli da osvoje 16 od 20 bodova i tako se plasiraju na gradska i okružna takmičenja. Ništa manje nego deca, ostali su zatečeni i nastavnici srpskog jezika i književnosti kada su videli koliko su teška pitanja na koja treba da odgovore učenici sedmog i osmog razreda. Pročitajte i: Gornji Milanovac, Čačak, Novi Sad, Negotin, Požarevac, Velika Plana, Smederevska Palanka, Šabac, Aranđelovac, Pančevo - samo su neki od gradova u kojima nijedan đak nije, prema prvobitnim kriterijumima, uspeo da se plasira na okružno takmičenje. Na kraju dana, u subotu, kada su testovi Književne olimpijade pregledani i kada u većini opština deca nisu "prebacila" 12 ili 13 bodova, stigla je instrukcija organizatora, Društva za srpski jezik i književnosti, da se prag za prolaz na sledeći nivo takmičenja osmacima spusti na 12, a sedmacima na 11 od 20 bodova. Na treće pitanje testa za sedmi razred niko nije znao da odgovori. Tražen je podatak od koga je Vuk Karadžić zabeležio "Zlatnu jabuku i devet paunica". Tačan odgovor - od Gruja Mehandžića. Pošto nije bilo nijednog tačnog odgovora u celoj Srbiji, tokom dana odlučeno je da se prag za sedmi razred spusti na 15 bodova. Do kraja dana, letvica je još jednom spuštena. Nastavnici tvrde da je i pregledanje testova bilo komplikovano, pa su tokom dana stigle dopune "ključa" i novi odgovori koji mogu da budu priznati. U Društvu za srpski jezik objašnjavaju da su pitanja slali nastavnici "praktičari". To je bila novina ove godine i nije se pokazala kao uspešna. Prof. Mrkalj objašnjava da je veoma teško proveravati znanje iz apstraktnih stvari, kao što je književnost. Pre dve godine, podseća, tekst je bio veoma lak, prošao je veliki broj učenika, pa je republičko takmičenje paralelno održano u Beogradu i u Sremskim Karlovcima.</article-text><article-text-transliterated> Na prste mogu da se izbroje učesnici opštinskih takmičenja iz književnosti u celoj Srbiji koji su proteklog vikenda uspeli da osvoje 16 od 20 bodova i tako se plasiraju na gradska i okružna takmičenja. Ništa manje nego deca, ostali su zatečeni i nastavnici srpskog jezika i književnosti kada su videli koliko su teška pitanja na koja treba da odgovore učenici sedmog i osmog razreda. Pročitajte i: Gornji Milanovac, Čačak, Novi Sad, Negotin, Požarevac, Velika Plana, Smederevska Palanka, Šabac, Aranđelovac, Pančevo - samo su neki od gradova u kojima nijedan đak nije, prema prvobitnim kriterijumima, uspeo da se plasira na okružno takmičenje. Na kraju dana, u subotu, kada su testovi Književne olimpijade pregledani i kada u većini opština deca nisu "prebacila" 12 ili 13 bodova, stigla je instrukcija organizatora, Društva za srpski jezik i književnosti, da se prag za prolaz na sledeći nivo takmičenja osmacima spusti na 12, a sedmacima na 11 od 20 bodova. Na treće pitanje testa za sedmi razred niko nije znao da odgovori. Tražen je podatak od koga je Vuk Karadžić zabeležio "Zlatnu jabuku i devet paunica". Tačan odgovor - od Gruja Mehandžića. Pošto nije bilo nijednog tačnog odgovora u celoj Srbiji, tokom dana odlučeno je da se prag za sedmi razred spusti na 15 bodova. Do kraja dana, letvica je još jednom spuštena. Nastavnici tvrde da je i pregledanje testova bilo komplikovano, pa su tokom dana stigle dopune "ključa" i novi odgovori koji mogu da budu priznati. U Društvu za srpski jezik objašnjavaju da su pitanja slali nastavnici "praktičari". To je bila novina ove godine i nije se pokazala kao uspešna. Prof. Mrkalj objašnjava da je veoma teško proveravati znanje iz apstraktnih stvari, kao što je književnost. Pre dve godine, podseća, tekst je bio veoma lak, prošao je veliki broj učenika, pa je republičko takmičenje paralelno održano u Beogradu i u Sremskim Karlovcima.</article-text-transliterated><comment-list><comments comment-id="1"><comment-parent-id>empty</comment-parent-id><comment-text>e stvarno je Grujo bitan za obrazovanje</comment-text><comment-text-transliterated>e stvarno je Grujo bitan za obrazovanje</comment-text-transliterated></comments></comment-list></article><comments><comment-count>1</comment-count></comments></document>