<document global_id="sr-08-290"><url>https://www.srbijadanas.com/sport/tenis/agasi-je-otisao-nole-se-jos-nije-oglasio-evo-sta-je-razlog-2018-04-01</url><source-id>08</source-id><local-id>290</local-id><source-name>srbijadanas</source-name><article><article-title>AGASI JE OTIŠAO: Nole se još nije oglasio, a evo ŠTA je razlog </article-title><article-time>2018-04-01</article-time><article-author>Srbija Danas/Sportski žurnal</article-author><article-text> Srpski teniser Novak Đoković ostao je bez jednog od dvojice trenera, Amerikanca Andre Agasija (više pročitajte OVDE). Kako se navodi, nisu uspeli da pronađu zajednički jezik, pa je posle razgovora odlučeno da stave tačku na saradnju. Noletovi fanovi su pomalo iznenađeni, a posebno čudi informacija da se bivši svetski broj jedan još nije zvanično oglasio povodom odlaska Agasija. Kako se nezvanično saznaje, Novak je trenutno na odmoru sa porodicom van Evrope, pa postoji i faktor vremenske razlike. S obzirom da mu sledeći turnir počinje za dve nedelje u Monte Karlu, verovatno mu odmor neće dugo trajati, ali se ipak očekuje da se u skorije vreme obrati fanovima. Sve najnovije sportske vesti možete da pročitate OVDE.</article-text><article-text-transliterated> Srpski teniser Novak Đoković ostao je bez jednog od dvojice trenera, Amerikanca Andre Agasija (više pročitajte OVDE). Kako se navodi, nisu uspeli da pronađu zajednički jezik, pa je posle razgovora odlučeno da stave tačku na saradnju. Noletovi fanovi su pomalo iznenađeni, a posebno čudi informacija da se bivši svetski broj jedan još nije zvanično oglasio povodom odlaska Agasija. Kako se nezvanično saznaje, Novak je trenutno na odmoru sa porodicom van Evrope, pa postoji i faktor vremenske razlike. S obzirom da mu sledeći turnir počinje za dve nedelje u Monte Karlu, verovatno mu odmor neće dugo trajati, ali se ipak očekuje da se u skorije vreme obrati fanovima. Sve najnovije sportske vesti možete da pročitate OVDE.</article-text-transliterated><comment-list /></article><comments><comment-count>0</comment-count></comments></document>