<document global_id="sr-08-210"><url>https://www.srbijadanas.com/vesti/svet/prosao-kroz-pakao-prijatelj-mu-lomio-kosti-bejzbol-palicom-i-bokserom-2017-01-12</url><source-id>08</source-id><local-id>210</local-id><source-name>srbijadanas</source-name><article><article-title>SRBIN PROŠAO KROZ PAKAO! Prijatelj mu lomio kosti BEJZBOL palicom i BOKSEROM! </article-title><article-time>2017-01-12</article-time><article-author>Srbija Danas/Alo</article-author><article-text> Srpski državljanin star 30 godina mesecima je živeo kao rob u francuskom selu Gonfaron. On je izgladnjivan toliko da je izgubio čak 40 kilograma, a na najsvirepije načine je mučen mesecima, sve dok nije uhapšen osumnjičeni koji mu je to radio – njegov prijatelj iz Srbije. Nesrećni čovek napustio je našu zemlju i u potrazi za boljim životom otišao kod svog druga u Francusku. Uhapšeni muškarac takođe ima 30 godina, poreklom je iz Srbije, ali ima francusko državljanstvo. Bio mu je potreban radnik za montažu prozora, a nesrećni čovek, ne sluteći šta ga čeka, prihvatio je ponudu i ubrzo se obreo u francuskoj varošici. U početku je sve izgledalo idilično. Mučenje je počelo pre nekoliko meseci. U početku je žrtva izgladnjivana toliko da je izgubila više od 40 kilograma za svega nekoliko nedelja. To je bio samo delić pakla. On mu je stavljao ruke na sto a potom bejzbol palicom ga udarao po dlanovima. Tukao ga je bokserom i ubadao nožem. „Prijatelj“ ga je čak primoravao da spava na balkonu jer nije bio zadovoljan njime. Osumnjičeni je mučenje ovog jadnog čoveka pravdao time što ovaj navodno nije dovoljno dobro radio svoj posao. Potom ga je nakon svega odveo u bolnicu ali ovaj mučeni čovek nije znao francuski jezik pa je osumnjičeni govorio u njegovo ime i pokušao da slaže o uzroku povreda. Na kraju je raskrinkan. U istrazi koju vodi francuska policija, moraće da se utvrdi koliko je dugo ovaj čovek mučen. Osumnjičenom za mučenje preti i doživotna kazna.</article-text><article-text-transliterated> Srpski državljanin star 30 godina mesecima je živeo kao rob u francuskom selu Gonfaron. On je izgladnjivan toliko da je izgubio čak 40 kilograma, a na najsvirepije načine je mučen mesecima, sve dok nije uhapšen osumnjičeni koji mu je to radio – njegov prijatelj iz Srbije. Nesrećni čovek napustio je našu zemlju i u potrazi za boljim životom otišao kod svog druga u Francusku. Uhapšeni muškarac takođe ima 30 godina, poreklom je iz Srbije, ali ima francusko državljanstvo. Bio mu je potreban radnik za montažu prozora, a nesrećni čovek, ne sluteći šta ga čeka, prihvatio je ponudu i ubrzo se obreo u francuskoj varošici. U početku je sve izgledalo idilično. Mučenje je počelo pre nekoliko meseci. U početku je žrtva izgladnjivana toliko da je izgubila više od 40 kilograma za svega nekoliko nedelja. To je bio samo delić pakla. On mu je stavljao ruke na sto a potom bejzbol palicom ga udarao po dlanovima. Tukao ga je bokserom i ubadao nožem. „Prijatelj“ ga je čak primoravao da spava na balkonu jer nije bio zadovoljan njime. Osumnjičeni je mučenje ovog jadnog čoveka pravdao time što ovaj navodno nije dovoljno dobro radio svoj posao. Potom ga je nakon svega odveo u bolnicu ali ovaj mučeni čovek nije znao francuski jezik pa je osumnjičeni govorio u njegovo ime i pokušao da slaže o uzroku povreda. Na kraju je raskrinkan. U istrazi koju vodi francuska policija, moraće da se utvrdi koliko je dugo ovaj čovek mučen. Osumnjičenom za mučenje preti i doživotna kazna.</article-text-transliterated><comment-list /></article><comments><comment-count>0</comment-count></comments></document>