<document global_id="sr-08-222"><url>https://www.srbijadanas.com/vesti/region/nakon-vecerasnjek-sastanka-sve-ce-biti-jasno-jos-se-ceka-odluka-o-formiranju-nove-makedonske-vlade-2017-01-29</url><source-id>08</source-id><local-id>222</local-id><source-name>srbijadanas</source-name><article><article-title>NAKON VEČERAŠNJEG SASTANKA SVE ĆE BITI JASNO: Još se čeka odluka o formiranju nove makedonske vlade </article-title><article-time>2017-01-29</article-time><article-author>Tanjug</article-author><article-text> Portparol albanske partije DUI, koja pregovara sa VMRO-DPMNE o formiranju nove makedonske Vlade, Bujar Osmani izjavio je večeras u Maloj Rečici, da se nada da će odluka o formiranju makedonske vlade biti doneta do ponoći, kao i da će biti dobra za sve građane Makedonije, prenose makedonski mediji. On je negirao spekulacije, koje su se pojavile u toku dana u javnosti, da je doneta odluka da se napravi koalicija sa vladajućom VMRO-DPMNE Nikole Gruevskog, ističući da je takva odluka veoma važna. Oko 21 sat, kako javljaju makedonski mediji, trebalo bi da je počeo sastanak Predsedništva VMRO-DPMNE, nakon kojeg će biti jasno da li će biti postignut koalicioni sporazum. Kako se navodi, DUI je postavila dva uslova za formiranje vladajuće koalicije - da albanski bude drugi zvanični jezik u Makedoniji, i da se dozvoli istraga o skandalu koji je potresao tu državu, a koji se odnosi na prisluškivanje razgovora funkcionera, međutim Gruevski je oba zahteva odbio. Gruevski ima rok do ponoći da formira kabinet, a ukoliko to ne uspe predsednik Makedonije Ðorđe Ivanov mandat će poveriti Socijal demokratskoj stranci, koja je osvojila 49 mandata. </article-text><article-text-transliterated> Portparol albanske partije DUI, koja pregovara sa VMRO-DPMNE o formiranju nove makedonske Vlade, Bujar Osmani izjavio je večeras u Maloj Rečici, da se nada da će odluka o formiranju makedonske vlade biti doneta do ponoći, kao i da će biti dobra za sve građane Makedonije, prenose makedonski mediji. On je negirao spekulacije, koje su se pojavile u toku dana u javnosti, da je doneta odluka da se napravi koalicija sa vladajućom VMRO-DPMNE Nikole Gruevskog, ističući da je takva odluka veoma važna. Oko 21 sat, kako javljaju makedonski mediji, trebalo bi da je počeo sastanak Predsedništva VMRO-DPMNE, nakon kojeg će biti jasno da li će biti postignut koalicioni sporazum. Kako se navodi, DUI je postavila dva uslova za formiranje vladajuće koalicije - da albanski bude drugi zvanični jezik u Makedoniji, i da se dozvoli istraga o skandalu koji je potresao tu državu, a koji se odnosi na prisluškivanje razgovora funkcionera, međutim Gruevski je oba zahteva odbio. Gruevski ima rok do ponoći da formira kabinet, a ukoliko to ne uspe predsednik Makedonije Ðorđe Ivanov mandat će poveriti Socijal demokratskoj stranci, koja je osvojila 49 mandata. </article-text-transliterated><comment-list /></article><comments><comment-count>0</comment-count></comments></document>