<document global_id="sr-08-6"><url>https://www.srbijadanas.com/vesti/info/ekskluzivno-slovacki-diplomata-posredovace-u-preogvorima-beograda-i-pristine-miroslav-lajcak-2020-02-06</url><source-id>08</source-id><local-id>6</local-id><source-name>srbijadanas</source-name><article><article-title>SLOVAČKI DIPLOMATA POSTAJE SPECIJALAC EU ZA KOSOVO! Miroslav Lajčak vodiće pregovore Beograda i Prištine </article-title><article-time>2020-02-06</article-time><article-author>Srbija Danas/Blic</article-author><article-text> Odlazeći slovački ministar spoljnih poslova dolazi na tu poziciju na predlog nemačke kancelarke Angele Merkel, koja bi se na taj način, doduše posredno, snažnije angažovala.  U kabinetu predsednika Aleksandra Vučića juče se nisu oglašavali povodom ovih saznanja. Miroslav Lajčak je izbor Berlina, ali ni Rusija neće imati ništa protiv, budući da je Slovak završio Moskovski državni institut za međunarodne odnose. I prethodnih meseci spekulisalo se da bi upravo Lajčak mogao da bude izaslanik EU za Zapadni Balkan, ali potvrda nije stigla do danas. Lajčak je dobar poznavalac prilika i iskusni političar, a već je obavljao više važnih funkcija na ovim prostorima – bio je na dužnosti specijalnog predstavnika EU u Bosni i Hercegovini od 2006. do 2009. i kratko je radio u Evropskoj službi za spoljne poslove. Govori jezik koji razume ovaj region, a ima i potrebno iskustvo.  Ipak, šta to znači za Srbiju? Izvori kažu da naš državni vrh baš i nema razlog za zadovoljstvo. Značajnije uključivanje Nemačke u pregovore Beograda i Prištine se i očekivalo, a najavio ga je u nekoliko navrata i predsednik Srbije, Aleksandar Vučić. Pre samo nedelju dana on je izjavio da zna ko će biti predstavnik EU za dijalog Beograda i Prištine, ali i ocenio da će bez obzira na to koja je ličnost u pitanju, Berlin preko Brisela voditi glavnu reč u vezi sa tzv. Kosovom. Vučić je tada ocenio da za Srbiju nastupa period koji neće biti lak. Visoki prestavnik EU Žozep Borelj je početkom meseca uz novi apel za spuštanje tenzija ponovio i ideju o imenovanju specijalnog izaslanika Evropske unije za dijalog Beograda i Prištine jer je, kako je rekao, to problem  na kome treba raditi svakodnevno, a ne da se povremeno dolazi iz Berlina i Brisela da bi se nešto reklo. On je istakao da zna da su proteklih meseci napetosti skočile između dve strane kada je reč o taksama i diplomatskim aktivnostima. On je ponovio da misli da je dobra ideja da EU ima specijalnog izaslanika za dijalog Beograda i Prištine. </article-text><article-text-transliterated> Odlazeći slovački ministar spoljnih poslova dolazi na tu poziciju na predlog nemačke kancelarke Angele Merkel, koja bi se na taj način, doduše posredno, snažnije angažovala.  U kabinetu predsednika Aleksandra Vučića juče se nisu oglašavali povodom ovih saznanja. Miroslav Lajčak je izbor Berlina, ali ni Rusija neće imati ništa protiv, budući da je Slovak završio Moskovski državni institut za međunarodne odnose. I prethodnih meseci spekulisalo se da bi upravo Lajčak mogao da bude izaslanik EU za Zapadni Balkan, ali potvrda nije stigla do danas. Lajčak je dobar poznavalac prilika i iskusni političar, a već je obavljao više važnih funkcija na ovim prostorima – bio je na dužnosti specijalnog predstavnika EU u Bosni i Hercegovini od 2006. do 2009. i kratko je radio u Evropskoj službi za spoljne poslove. Govori jezik koji razume ovaj region, a ima i potrebno iskustvo.  Ipak, šta to znači za Srbiju? Izvori kažu da naš državni vrh baš i nema razlog za zadovoljstvo. Značajnije uključivanje Nemačke u pregovore Beograda i Prištine se i očekivalo, a najavio ga je u nekoliko navrata i predsednik Srbije, Aleksandar Vučić. Pre samo nedelju dana on je izjavio da zna ko će biti predstavnik EU za dijalog Beograda i Prištine, ali i ocenio da će bez obzira na to koja je ličnost u pitanju, Berlin preko Brisela voditi glavnu reč u vezi sa tzv. Kosovom. Vučić je tada ocenio da za Srbiju nastupa period koji neće biti lak. Visoki prestavnik EU Žozep Borelj je početkom meseca uz novi apel za spuštanje tenzija ponovio i ideju o imenovanju specijalnog izaslanika Evropske unije za dijalog Beograda i Prištine jer je, kako je rekao, to problem  na kome treba raditi svakodnevno, a ne da se povremeno dolazi iz Berlina i Brisela da bi se nešto reklo. On je istakao da zna da su proteklih meseci napetosti skočile između dve strane kada je reč o taksama i diplomatskim aktivnostima. On je ponovio da misli da je dobra ideja da EU ima specijalnog izaslanika za dijalog Beograda i Prištine. </article-text-transliterated><comment-list><comments comment-id="1"><comment-parent-id>empty</comment-parent-id><comment-text>Па колико их има, људи, да ли је ово нормално. Или смо толико битни. Нисмо , али и јесмо, зато далеко од Србије, тј. великих плата које имате.</comment-text><comment-text-transliterated>Pa koliko ih ima, ljudi, da li je ovo normalno. Ili smo toliko bitni. Nismo , ali i jesmo, zato daleko od Srbije, tj. velikih plata koje imate.</comment-text-transliterated></comments></comment-list></article><comments><comment-count>1</comment-count></comments></document>