<document global_id="sr-08-204"><url>https://www.srbijadanas.com/zena/sex/ne-gubite-vreme-ako-vas-novi-decko-radi-ove-3-stvari-sigurno-je-ocajan-u-seku-2017-01-09</url><source-id>08</source-id><local-id>204</local-id><source-name>srbijadanas</source-name><article><article-title>NE GUBITE VREME: Ako vaš muškarac radi ove 3 stvari SIGURNO je očajan u SEK*U! </article-title><article-time>2017-01-09</article-time><article-author>Srbija Danas</article-author><article-text> Ukoliko imate visoka očekivanja u seksu, obradovaće vas informacija da ipak postoji način da prepoznate muškarca koji sigurno ne može da vas zadovolji u krevetu. Ovi znakovi ukazuju da je muškarac loš ljubavnik. Francuski poljubac prava je igra zavođenja i vrlo lako može otkriti dobrog ljubavnika. Staviti jezik na pravo mesto je umetnost. Naravno, sitne greške na samom početku veze su očekivane jer je neophodno da se partneri usklade. Ipak, ako vaš muškarac samo vitla jezikom bez osećanja, vrlo je verovatno da u seksu nije bolji. Ukoliko vas muškarac na prvom izlasku previše dodiruje, biće navalentan i dosadan kada je reč o seksu, i svoje potrebe stavljati ispred vaših. Sa druge strane, potpuno odsustvo istog može ukazati na manjak samopouzdanja kao posledicu seksualnog neiskustva. Ako se vaš novi partner ponaša kao "napaljeni" tinejdžer, moguće da je površan i neiskusan. Takav ljubavnik nikad neće zadovoljiti vaše potrebe. Takođe, sa avanturistom koji već sa prvim poljupcem od vas traži neobične stvari treba biti vrlo oprezan. Takav potez na početku veze otkriva bahatog i umišljenog muškarca kojem vaše želje nisu prioritet.</article-text><article-text-transliterated> Ukoliko imate visoka očekivanja u seksu, obradovaće vas informacija da ipak postoji način da prepoznate muškarca koji sigurno ne može da vas zadovolji u krevetu. Ovi znakovi ukazuju da je muškarac loš ljubavnik. Francuski poljubac prava je igra zavođenja i vrlo lako može otkriti dobrog ljubavnika. Staviti jezik na pravo mesto je umetnost. Naravno, sitne greške na samom početku veze su očekivane jer je neophodno da se partneri usklade. Ipak, ako vaš muškarac samo vitla jezikom bez osećanja, vrlo je verovatno da u seksu nije bolji. Ukoliko vas muškarac na prvom izlasku previše dodiruje, biće navalentan i dosadan kada je reč o seksu, i svoje potrebe stavljati ispred vaših. Sa druge strane, potpuno odsustvo istog može ukazati na manjak samopouzdanja kao posledicu seksualnog neiskustva. Ako se vaš novi partner ponaša kao "napaljeni" tinejdžer, moguće da je površan i neiskusan. Takav ljubavnik nikad neće zadovoljiti vaše potrebe. Takođe, sa avanturistom koji već sa prvim poljupcem od vas traži neobične stvari treba biti vrlo oprezan. Takav potez na početku veze otkriva bahatog i umišljenog muškarca kojem vaše želje nisu prioritet.</article-text-transliterated><comment-list /></article><comments><comment-count>0</comment-count></comments></document>