<document global_id="sr-08-169"><url>https://www.srbijadanas.com/biz/vesti/urucena-prestizna-nagrada-proglasena-najbolja-preduzetnica-u-srbiji-2016-12-02</url><source-id>08</source-id><local-id>169</local-id><source-name>srbijadanas</source-name><article><article-title>URUČENA PRESTIŽNA NAGRADA: Proglašena najbolja preduzetnica u Srbiji! </article-title><article-time>2016-12-02</article-time><article-author>Srbija Danas/I. Ikraš</article-author><article-text> Mila Litvinjenko, vlasnica kompanije "Aura" prva je dobitnica prestižne nagrade za preduzetnicu godine "Veuve Clicquot Business Woman Award". Laskavu titulu najuspešnije dobila je sinoć na prvom regionalnom takmičenju poslovnih i uspešnih žena jugoistočne Evrope "Veuve Clicquot Business Woman Award". Litvinjenko, koja je prva koja će predstavljati Srbiju na međunarodnom takmičenju 2017. godine prema oceni petočlanog žirija nagradu je zaslužila zbog profitabilnosti kompanije, umešnosti u vođenju preduzeća, kao i kvalitetu proizvoda kompanije "Aura" koji mogu da pariraju svetski poznatim make-up proizvodima. Obraćajući se okupljenima na svečanosti u restoranu "Top of the hub" Litvinjenko je naglasila da kompanija koju vodi može uspešno da se nosi sa najpriznatijim kozmetičkim firmama iz celog sveta. -  Kompanija uspešno gradi imidž, raste i razvija se od 1996. godine, pa rezultati nisu došli preko noći. "Aura" može uspešno da se nosi sa svetskim brendovima. Moj životni moto kog sam se uvek držala je da treba biti svoj, uporan , držati se kvaliteta i poštovati saradnike. Zbog toga ovu nagradu posvećujem timu saradnika koji stoje iza mene jer bez njih ne bi bilo ni mene na ovom mestu. Odrasla sam uz francuski jezik i kulturu pa ovo priznanje tim pre ima posebnu vrednost za mene - rekla je Litvinjenko. Voditeljka Nina Lečić naglasila je da su sve nominovane preduzetnice iz Srbije, Hrvatske i Crne Gore zaslužile nagradu i da žiriju nije bilo nimalo lako da odluči. Svečanu ceremoniju dodele nagrade "Veuve Clicquot Business Woman Award" otvorila je princeza Katarina Karađorđević koja je sa istakla da je njoj lično i njenom suprugu prestolonasledniku Aleksandru veliko zadovoljstvo što mogu da odaju priznanje ženskom preduzetništvu. U opuštenoj atmosferi luksuznog restorana među gostima koji su uživali uz čuveni francuski šampanjac i lagane note šansona našli su se glumica Eva Ras, pevač grupe "Legende" Ivan Milinković, pevačica Martina Vrbos i mnogi drugi. Nagrada Veuve Clicquot osnovana je 1972. godine u čast izuzetnoj poslovnoj ženi Madame Clicquot, a svake godine dodeljuje se uspešnim poslovnim ženama širom sveta. Svojevrsni je Oskar i priznanje svim snažnim damama koje krasi preduzetnički duh i hrabrost kakva je odlikovala i ovu izuzetnu Francuskinju. Madame Clicquot 1798. udala se za Françoisa Clicquota, uspešnog proizvođača šampanjca. Kad je ostala udovica u 27. godini, preuzela je poslovanje i bila je prva žena na čelu kompanije. Svoj moderan duh dokazala je 1810. proizvevši prvo vintage vino u regiji Champagne. Danas se nagrada "Veuve Clicquot Business Woman Award" dodeljuje u 27 zemalja.</article-text><article-text-transliterated> Mila Litvinjenko, vlasnica kompanije "Aura" prva je dobitnica prestižne nagrade za preduzetnicu godine "Veuve Clicquot Business Woman Award". Laskavu titulu najuspešnije dobila je sinoć na prvom regionalnom takmičenju poslovnih i uspešnih žena jugoistočne Evrope "Veuve Clicquot Business Woman Award". Litvinjenko, koja je prva koja će predstavljati Srbiju na međunarodnom takmičenju 2017. godine prema oceni petočlanog žirija nagradu je zaslužila zbog profitabilnosti kompanije, umešnosti u vođenju preduzeća, kao i kvalitetu proizvoda kompanije "Aura" koji mogu da pariraju svetski poznatim make-up proizvodima. Obraćajući se okupljenima na svečanosti u restoranu "Top of the hub" Litvinjenko je naglasila da kompanija koju vodi može uspešno da se nosi sa najpriznatijim kozmetičkim firmama iz celog sveta. -  Kompanija uspešno gradi imidž, raste i razvija se od 1996. godine, pa rezultati nisu došli preko noći. "Aura" može uspešno da se nosi sa svetskim brendovima. Moj životni moto kog sam se uvek držala je da treba biti svoj, uporan , držati se kvaliteta i poštovati saradnike. Zbog toga ovu nagradu posvećujem timu saradnika koji stoje iza mene jer bez njih ne bi bilo ni mene na ovom mestu. Odrasla sam uz francuski jezik i kulturu pa ovo priznanje tim pre ima posebnu vrednost za mene - rekla je Litvinjenko. Voditeljka Nina Lečić naglasila je da su sve nominovane preduzetnice iz Srbije, Hrvatske i Crne Gore zaslužile nagradu i da žiriju nije bilo nimalo lako da odluči. Svečanu ceremoniju dodele nagrade "Veuve Clicquot Business Woman Award" otvorila je princeza Katarina Karađorđević koja je sa istakla da je njoj lično i njenom suprugu prestolonasledniku Aleksandru veliko zadovoljstvo što mogu da odaju priznanje ženskom preduzetništvu. U opuštenoj atmosferi luksuznog restorana među gostima koji su uživali uz čuveni francuski šampanjac i lagane note šansona našli su se glumica Eva Ras, pevač grupe "Legende" Ivan Milinković, pevačica Martina Vrbos i mnogi drugi. Nagrada Veuve Clicquot osnovana je 1972. godine u čast izuzetnoj poslovnoj ženi Madame Clicquot, a svake godine dodeljuje se uspešnim poslovnim ženama širom sveta. Svojevrsni je Oskar i priznanje svim snažnim damama koje krasi preduzetnički duh i hrabrost kakva je odlikovala i ovu izuzetnu Francuskinju. Madame Clicquot 1798. udala se za Françoisa Clicquota, uspešnog proizvođača šampanjca. Kad je ostala udovica u 27. godini, preuzela je poslovanje i bila je prva žena na čelu kompanije. Svoj moderan duh dokazala je 1810. proizvevši prvo vintage vino u regiji Champagne. Danas se nagrada "Veuve Clicquot Business Woman Award" dodeljuje u 27 zemalja.</article-text-transliterated><comment-list /></article><comments><comment-count>0</comment-count></comments></document>