<document global_id="sr-08-274"><url>https://www.srbijadanas.com/vesti/info/usvojen-zakon-o-strancima-evo-sta-su-novine-i-sta-bia-treba-da-radi-2018-03-22</url><source-id>08</source-id><local-id>274</local-id><source-name>srbijadanas</source-name><article><article-title>Svi stranci koji budu dolazili u Srbiju moraće da prođu posebnu proveru, a u sve će biti uključena BIA </article-title><article-time>2018-03-22</article-time><article-author>Tanjug</article-author><article-text> Skupština Srbije usvojila je danas Zakon o strancima kojim se detaljnije i precizinije reguliše oblast legalnih migracija, uslovi i način apliciranja za vizu Srbije u inostranstvu, postupak provere po podnetom zahtevu, kao i odbijanje zahteva za vizu i odbijanje stranaca za ulazak u Srbiju. Pročitajte i: Prvi put u odredbe Zakona o strancima uvodi se i BIA, koja vrši bezbednosne provere stranaca kroz njihove evidencije radi utvrđivanja nepostojanja ili postojanja neprihvatljivog rizika po bezbednost Srbije i građana u slučaju ulaska i boravka stranaca u Srbiji. Uvedeni su novi instituti koji se odnose na proveru uslova za izdavanje vize strancu i procene rizika, gde BIA, Ministarstvo spoljnih poslova i MUP vrše terenske i bezbednosne provere po zahtevu za vizu. Na ovaj predlog zakona, poslanici vladajuće većine podneli su više od 350 amandana koji nisu postali sastavni deo zakona. Iz Beograda OŠTRO PORUČUJU: Neka se Veselji ne veseli, Kosovo će ostati deo Srbije Skupština Srbije usvojila je danas i Zakon o azilu i privremenoj zaštiti kojim se smanjuje prostor za zloupotrebu prava na azil i stvaraju se uslovi za povećanje efikasnosti sistema azila u Srbiji. Zakonom o azilu predviđeno je da azil kao pravo na boravak i zaštitu može da se ostvari kroz dva oblika zaštite - pravo na utočište za izbeglicu koji je zbog straha od progona napustio držvu porekla i supsidijarnu zaštitu za stranca koji je zemlju porekla napustio iz nekog drugog razloga, ali bi u slučaju povratka bio izložen nepravdi. Jeremić lagao Srbe da mrzi Ameriku, a tajno se dodvoravao američkim zvaničnicima i sad kaže da je to NORMALNO Novi zakon treba da omogući da Srbija zadrži visok nivo u poštovanju međunarodno prihvaćenih standarda u oblasti ljudskih prava i prava tražilaca azila uz istovremeno održavanje bezbednosti svih gradjana Srbije i poštovanje Ustava i zakona. Uspostavljen je mehanizam za sankcionisanje zloupotreba prava u postupku azila putem prekršajnog postupka. Za svako maloletno lice bez pratnje koje se pojavi u postupku azila zakon predviđa određivanje staratelja koji vodi računa o interesima maloletnika. Donošenje novog zakona uskladjenog sa Direktivama Evropske unije znači i ostvarivanje obaveza preuzetih u procesu pridruživanja Evropskoj uniji, a koje su definisane Poglavljem 24 Akcionog plana. Uči decu srpski jezik: Novi komandant američke baze na Kosovu je rođak našeg čuvenog pesnika (VIDEO) Skupština Srbije glasa danas o više od 30 zakonskih predloga i sporazuma, a među njima su, osim ova dva usvojena, izmene zakone o graničnoj kontroli, o evidencijama obradi podataka u oblasti unutrašnjih poslova, kao i nacionalnom DNK registru. Glasaće i o jedinstvenom matičnom broju građana, Predlogu zakona o državljanstvu, izmenama Zakona o policiji, kao i o izmenama Zakona o javnom redu i miru. Drecun jasan: Neprihvatljivo da ZSO bude sredstvo ucene Skupština bi trebalo da potrvrdi i nekoliko sporazuma, među kojima i Sporazum između MUP-a i Federalne službe obezbeđenja Rusije o saradnji i zajedničkom delovanju. Pored toga, izjašnjavaće se i o kadrosvkim odlukama, a najviše polemike je tokom načelne rasprave bilo oko izbora zamenika javnih tužilaca i predsednika i članova Saveta Agencije za energetiku Srbije. Na predloge zakona poslanici su podneli više od 1.000 amandmana, pa se očekuje da će glasanje trajati više sati.</article-text><article-text-transliterated> Skupština Srbije usvojila je danas Zakon o strancima kojim se detaljnije i precizinije reguliše oblast legalnih migracija, uslovi i način apliciranja za vizu Srbije u inostranstvu, postupak provere po podnetom zahtevu, kao i odbijanje zahteva za vizu i odbijanje stranaca za ulazak u Srbiju. Pročitajte i: Prvi put u odredbe Zakona o strancima uvodi se i BIA, koja vrši bezbednosne provere stranaca kroz njihove evidencije radi utvrđivanja nepostojanja ili postojanja neprihvatljivog rizika po bezbednost Srbije i građana u slučaju ulaska i boravka stranaca u Srbiji. Uvedeni su novi instituti koji se odnose na proveru uslova za izdavanje vize strancu i procene rizika, gde BIA, Ministarstvo spoljnih poslova i MUP vrše terenske i bezbednosne provere po zahtevu za vizu. Na ovaj predlog zakona, poslanici vladajuće većine podneli su više od 350 amandana koji nisu postali sastavni deo zakona. Iz Beograda OŠTRO PORUČUJU: Neka se Veselji ne veseli, Kosovo će ostati deo Srbije Skupština Srbije usvojila je danas i Zakon o azilu i privremenoj zaštiti kojim se smanjuje prostor za zloupotrebu prava na azil i stvaraju se uslovi za povećanje efikasnosti sistema azila u Srbiji. Zakonom o azilu predviđeno je da azil kao pravo na boravak i zaštitu može da se ostvari kroz dva oblika zaštite - pravo na utočište za izbeglicu koji je zbog straha od progona napustio držvu porekla i supsidijarnu zaštitu za stranca koji je zemlju porekla napustio iz nekog drugog razloga, ali bi u slučaju povratka bio izložen nepravdi. Jeremić lagao Srbe da mrzi Ameriku, a tajno se dodvoravao američkim zvaničnicima i sad kaže da je to NORMALNO Novi zakon treba da omogući da Srbija zadrži visok nivo u poštovanju međunarodno prihvaćenih standarda u oblasti ljudskih prava i prava tražilaca azila uz istovremeno održavanje bezbednosti svih gradjana Srbije i poštovanje Ustava i zakona. Uspostavljen je mehanizam za sankcionisanje zloupotreba prava u postupku azila putem prekršajnog postupka. Za svako maloletno lice bez pratnje koje se pojavi u postupku azila zakon predviđa određivanje staratelja koji vodi računa o interesima maloletnika. Donošenje novog zakona uskladjenog sa Direktivama Evropske unije znači i ostvarivanje obaveza preuzetih u procesu pridruživanja Evropskoj uniji, a koje su definisane Poglavljem 24 Akcionog plana. Uči decu srpski jezik: Novi komandant američke baze na Kosovu je rođak našeg čuvenog pesnika (VIDEO) Skupština Srbije glasa danas o više od 30 zakonskih predloga i sporazuma, a među njima su, osim ova dva usvojena, izmene zakone o graničnoj kontroli, o evidencijama obradi podataka u oblasti unutrašnjih poslova, kao i nacionalnom DNK registru. Glasaće i o jedinstvenom matičnom broju građana, Predlogu zakona o državljanstvu, izmenama Zakona o policiji, kao i o izmenama Zakona o javnom redu i miru. Drecun jasan: Neprihvatljivo da ZSO bude sredstvo ucene Skupština bi trebalo da potrvrdi i nekoliko sporazuma, među kojima i Sporazum između MUP-a i Federalne službe obezbeđenja Rusije o saradnji i zajedničkom delovanju. Pored toga, izjašnjavaće se i o kadrosvkim odlukama, a najviše polemike je tokom načelne rasprave bilo oko izbora zamenika javnih tužilaca i predsednika i članova Saveta Agencije za energetiku Srbije. Na predloge zakona poslanici su podneli više od 1.000 amandmana, pa se očekuje da će glasanje trajati više sati.</article-text-transliterated><comment-list /></article><comments><comment-count>0</comment-count></comments></document>