<document global_id="sr-08-216"><url>https://www.srbijadanas.com/zena/zdravlje/ljigavije-ne-moze-biti-ova-srpskinja-ljudima-lize-oci-i-tako-ih-leci-od-svih-bolesti-video-2017-01-23</url><source-id>08</source-id><local-id>216</local-id><source-name>srbijadanas</source-name><article><article-title>LJIGAVIJE NE MOŽE BITI! Ova Srpkinja ljudima LIŽE OČI i tako ih LEČI od svih bolesti (VIDEO) </article-title><article-time>2017-01-23</article-time><article-author>Srbija Danas</article-author><article-text> Baka Hava Čelebić iz Zavidovića (Bosna i Hercegovina) poznata je po jedinstvenoj metodi lečenja, koja se već praktikuje u celom svetu.  Ona već decenijama pomaže bolesnima, ližući im oči, a za ovaj način lečenja čula je još davno od žene koja se isto zvala Hava. Osamdesetogodišnja starica jezikom iz očiju vadi komadiće olova, gvožđa, uglja, piljevine, stakla i slično. Tretman traje kratko i košta oko 10 evra, ali oni koji su nezaposleni ili nemaju, ne moraju ni da plate. Hava dobro ispere usta alkoholom, a potom jezikom liže oko, odnosno traži strano telo. Izlečila je navodno više od 5.000 ljudi, a dolazili su iz raznih zemalja, od Amerike do Rusije. Detaljnije u nastavku možete poslušati njenu priču. </article-text><article-text-transliterated> Baka Hava Čelebić iz Zavidovića (Bosna i Hercegovina) poznata je po jedinstvenoj metodi lečenja, koja se već praktikuje u celom svetu.  Ona već decenijama pomaže bolesnima, ližući im oči, a za ovaj način lečenja čula je još davno od žene koja se isto zvala Hava. Osamdesetogodišnja starica jezikom iz očiju vadi komadiće olova, gvožđa, uglja, piljevine, stakla i slično. Tretman traje kratko i košta oko 10 evra, ali oni koji su nezaposleni ili nemaju, ne moraju ni da plate. Hava dobro ispere usta alkoholom, a potom jezikom liže oko, odnosno traži strano telo. Izlečila je navodno više od 5.000 ljudi, a dolazili su iz raznih zemalja, od Amerike do Rusije. Detaljnije u nastavku možete poslušati njenu priču. </article-text-transliterated><comment-list /></article><comments><comment-count>0</comment-count></comments></document>