<document global_id="sr-08-199"><url>https://www.srbijadanas.com/vesti/info/kineskinja-hana-igra-u-folkloru-deci-dala-imena-sofija-nikola-i-luka-foto-2016-12-27</url><source-id>08</source-id><local-id>199</local-id><source-name>srbijadanas</source-name><article><article-title>KINESKINJA HANA IGRA U FOLKLORU: Deci dala imena Sofija, Nikola i Luka (FOTO) </article-title><article-time>2016-12-27</article-time><article-author>Dušan Marić</article-author><article-text> U kulturno-umetničkom društvu Centra za kulturu „Masuka“ u Velikoj Plani planiraju da naprave koreografiju sa kineskim narodnim igrama i formiraju „kinesku“ folkornu sekciju, u kojoj bi zajednički igrali Srbi i Kinezi. Da ova ideja nije neostvariva živi dokaz su Kineskinje Hui Je (Hui Ye) i Ličen Jin (Li zhen Jin) koje već vežbaju u folkornom ansamblu društva „Masuka“.  Hui Je, koja je samu sebe „prekrstila“ u Hana, je zabeležila i prvi javni nastup. Bila je glavna atrakcija tradicionalnog godišnjeg koncerta „Masuke“, na kojem je, obučena u srpsku narodnu nošnju, nastupila u igri „komišanje“. Osim zbog porekla i činjenice da je odlučila da se bavi srpskim folkorom, Hana je publiku oduševila i time što sve vreme nastupa nije prestajala da se smeje. -Ne mogu da vam opišem koliko sam to veče bila srećna i koliko mi je lepo da vežbam i učim vaše običaje. Srbi su divan narod, a narodne igre i nošnja su vam baš lepi. Nedostaje mi moja domovina, ali srećna sam ovde – kaže Hana. Koreograf „Masuke“ Srban Jovanović kaže da su se Hana i njena zemljakinja dobro uklopile u ansambl. Hana navodi više razloga zbog kojih je odlučila da slobodno vreme iskoristi za vežbanje srpskog folkora. Od „ubijanje“ dosade i učenja običaja, do želje da kroz naporne treninge očuva vitku liniju. Hana ima 31 godinu, rodila je troje dece, a izgleda kao devojka. Kaže zahvaljujući ishrani i načinu života. Ne jede hleb i meso, voli pirinač, voće i povrće. Kuva, ne peče hranu, a obožava našu pitu od kupusa.  -Joj što volim vaša jela od kiselog kupusa, ali mi je problem što na pijaci kiseli kupus mogu da kupim samo oko Božića i Nove godine – kaže ova kineska Planjanka. Ili, kako ona više voli, planjanska Kineskinja. Hana je rođena u provinciji Džeđang, grad Vendžoj, sedam sati vožnje autobusom od Šangaja. U Velikoj Plani, gde je došla iz Aleksandrovca, živi godinu i po dana, sa mužem i najmlađim detetom, sinom Lukom. Luka ide u vrtić „Dečije carstvo“ i već dobro govori srpski jezik. Dvoje starije dece, Sofija i Nikola, idu u školu u Kini. Drže trgovačku radnju u ulici Nikole Pašića. Ističe da joj predstojeća međunarodna Nova godina „ne znači skoro ništa“, a za kinesku Novu godinu, 31.januara, ići će kod prijatelja u Aleksandrovac i Kruševac. -Kao što i mnogi Srbi više vole svoju pravoslavnu Novu godinu nego ovu što je svi slave – objašnjava Hana. Piše: Dušan Marić</article-text><article-text-transliterated> U kulturno-umetničkom društvu Centra za kulturu „Masuka“ u Velikoj Plani planiraju da naprave koreografiju sa kineskim narodnim igrama i formiraju „kinesku“ folkornu sekciju, u kojoj bi zajednički igrali Srbi i Kinezi. Da ova ideja nije neostvariva živi dokaz su Kineskinje Hui Je (Hui Ye) i Ličen Jin (Li zhen Jin) koje već vežbaju u folkornom ansamblu društva „Masuka“.  Hui Je, koja je samu sebe „prekrstila“ u Hana, je zabeležila i prvi javni nastup. Bila je glavna atrakcija tradicionalnog godišnjeg koncerta „Masuke“, na kojem je, obučena u srpsku narodnu nošnju, nastupila u igri „komišanje“. Osim zbog porekla i činjenice da je odlučila da se bavi srpskim folkorom, Hana je publiku oduševila i time što sve vreme nastupa nije prestajala da se smeje. -Ne mogu da vam opišem koliko sam to veče bila srećna i koliko mi je lepo da vežbam i učim vaše običaje. Srbi su divan narod, a narodne igre i nošnja su vam baš lepi. Nedostaje mi moja domovina, ali srećna sam ovde – kaže Hana. Koreograf „Masuke“ Srban Jovanović kaže da su se Hana i njena zemljakinja dobro uklopile u ansambl. Hana navodi više razloga zbog kojih je odlučila da slobodno vreme iskoristi za vežbanje srpskog folkora. Od „ubijanje“ dosade i učenja običaja, do želje da kroz naporne treninge očuva vitku liniju. Hana ima 31 godinu, rodila je troje dece, a izgleda kao devojka. Kaže zahvaljujući ishrani i načinu života. Ne jede hleb i meso, voli pirinač, voće i povrće. Kuva, ne peče hranu, a obožava našu pitu od kupusa.  -Joj što volim vaša jela od kiselog kupusa, ali mi je problem što na pijaci kiseli kupus mogu da kupim samo oko Božića i Nove godine – kaže ova kineska Planjanka. Ili, kako ona više voli, planjanska Kineskinja. Hana je rođena u provinciji Džeđang, grad Vendžoj, sedam sati vožnje autobusom od Šangaja. U Velikoj Plani, gde je došla iz Aleksandrovca, živi godinu i po dana, sa mužem i najmlađim detetom, sinom Lukom. Luka ide u vrtić „Dečije carstvo“ i već dobro govori srpski jezik. Dvoje starije dece, Sofija i Nikola, idu u školu u Kini. Drže trgovačku radnju u ulici Nikole Pašića. Ističe da joj predstojeća međunarodna Nova godina „ne znači skoro ništa“, a za kinesku Novu godinu, 31.januara, ići će kod prijatelja u Aleksandrovac i Kruševac. -Kao što i mnogi Srbi više vole svoju pravoslavnu Novu godinu nego ovu što je svi slave – objašnjava Hana. Piše: Dušan Marić</article-text-transliterated><comment-list /></article><comments><comment-count>0</comment-count></comments></document>