<document global_id="sr-08-197"><url>https://www.srbijadanas.com/vip/vip/crna-gora-pokazuje-bas-sve-evo-ko-ce-ih-predstavljati-na-evroviziji-fotovideo-2016-12-29</url><source-id>08</source-id><local-id>197</local-id><source-name>srbijadanas</source-name><article><article-title>CRNA GORA POKAZUJE BAŠ SVE: Evo ko će ih predstavljati na Evroviziji (FOTO/VIDEO) </article-title><article-time>2016-12-29</article-time><article-author>Srbija Danas</article-author><article-text> Slavko Kalezić predstavljaće Crnu Goru na izboru za pesmu Evrovizije, koja će 2017. godine biti održana u Kijevu. On će nastupiti sa pesmom "Space" autora Momčila Zekovića, prenosi RTCG. To je odlučila Stručna komisija Radio-televizije Crne Gore, u sastavu: Biljana Papović, muzički urednik, Dalibor Nedović, majstor tona i producent i Pjetar Dedivanović, scenograf i muzičar. A photo posted by Slavko Kalezić (@slavkokalezic) on Nov 2, 2016 at 4:17pm PDT Slavko Kalezić je glumac Crnogorskog narodnog pozorišta (CNP). Diplomirao je na Fakultetu dramskih umetnosti na Cetinju, a specijalizovao je solo pevanje i ples. Na istom fakultetu završio je magistarske studije. Slavko je domaćoj publici poznat i po tome što se navodno zabavljao sa pevačicom Marijom Šerifović. A photo posted by Slavko Kalezić (@slavkokalezic) on Nov 2, 2016 at 4:17pm PDT Septembra 2016. objavio je još dva singla "Sudnji dan" i "Freedom", a tečno govori engleski, italijanski i španski jezik. Momčilo Zeković, autor je muzike i teksta za kompoziciju "Space", a poznat je kao član grupe "Perper" sa Cetinja za koju je, kao i za mnoge druge crnogorske izvođače, napisao tekstove i komponovao brojne hitove. Zeković se bavi i književnim radom.  Pogledajte fotografije ovog nesvakidašnjeg umetnika u našoj galeriji: A photo posted by Slavko Kalezić (@slavkokalezic) on Oct 4, 2016 at 2:11am PDT A photo posted by Slavko Kalezić (@slavkokalezic) on Oct 8, 2016 at 7:56am PDT A photo posted by Slavko Kalezić (@slavkokalezic) on Oct 2, 2016 at 5:46am PDT A photo posted by Slavko Kalezić (@slavkokalezic) on Jan 28, 2016 at 2:12pm PST A photo posted by Slavko Kalezić (@slavkokalezic) on Dec 22, 2015 at 2:58pm PST A photo posted by Slavko Kalezić (@slavkokalezic) on Jul 10, 2015 at 5:27am PDT A photo posted by Slavko Kalezić (@slavkokalezic) on Mar 1, 2015 at 5:40am PST</article-text><article-text-transliterated> Slavko Kalezić predstavljaće Crnu Goru na izboru za pesmu Evrovizije, koja će 2017. godine biti održana u Kijevu. On će nastupiti sa pesmom "Space" autora Momčila Zekovića, prenosi RTCG. To je odlučila Stručna komisija Radio-televizije Crne Gore, u sastavu: Biljana Papović, muzički urednik, Dalibor Nedović, majstor tona i producent i Pjetar Dedivanović, scenograf i muzičar. A photo posted by Slavko Kalezić (@slavkokalezic) on Nov 2, 2016 at 4:17pm PDT Slavko Kalezić je glumac Crnogorskog narodnog pozorišta (CNP). Diplomirao je na Fakultetu dramskih umetnosti na Cetinju, a specijalizovao je solo pevanje i ples. Na istom fakultetu završio je magistarske studije. Slavko je domaćoj publici poznat i po tome što se navodno zabavljao sa pevačicom Marijom Šerifović. A photo posted by Slavko Kalezić (@slavkokalezic) on Nov 2, 2016 at 4:17pm PDT Septembra 2016. objavio je još dva singla "Sudnji dan" i "Freedom", a tečno govori engleski, italijanski i španski jezik. Momčilo Zeković, autor je muzike i teksta za kompoziciju "Space", a poznat je kao član grupe "Perper" sa Cetinja za koju je, kao i za mnoge druge crnogorske izvođače, napisao tekstove i komponovao brojne hitove. Zeković se bavi i književnim radom.  Pogledajte fotografije ovog nesvakidašnjeg umetnika u našoj galeriji: A photo posted by Slavko Kalezić (@slavkokalezic) on Oct 4, 2016 at 2:11am PDT A photo posted by Slavko Kalezić (@slavkokalezic) on Oct 8, 2016 at 7:56am PDT A photo posted by Slavko Kalezić (@slavkokalezic) on Oct 2, 2016 at 5:46am PDT A photo posted by Slavko Kalezić (@slavkokalezic) on Jan 28, 2016 at 2:12pm PST A photo posted by Slavko Kalezić (@slavkokalezic) on Dec 22, 2015 at 2:58pm PST A photo posted by Slavko Kalezić (@slavkokalezic) on Jul 10, 2015 at 5:27am PDT A photo posted by Slavko Kalezić (@slavkokalezic) on Mar 1, 2015 at 5:40am PST</article-text-transliterated><comment-list /></article><comments><comment-count>0</comment-count></comments></document>