<document global_id="sr-08-149"><url>https://www.srbijadanas.com/clanak/ucitelj-milos-skorcanitis-otkrio-koje-je-srpske-reci-naucio-od-teodosica-03-08-2015</url><source-id>08</source-id><local-id>149</local-id><source-name>srbijadanas</source-name><article><article-title>UČITELJ MILOŠ: Skorcijanitis otkrio koje je srpske reči naučio od Teodosića </article-title><article-time>03-08-2015</article-time><article-author>Srbija Danas</article-author><article-text> Sofoklis Skorcijanitis, novo pojačanje Crvene zvezde, u Beograd stiže 23. avgusta kada će se pridružiti ekipi na pripremama. Do tada će snažni centar boraviti u Grčkoj gde je već počeo sa treninzima za narednu sezonu. U želji da što spremniji dočeka početak rada sa crveno-belima Skorcijanitis individualno trenira sa kondicionim trenerom Kostasom Hadžihristosom. Grčki internacionalac imao je samo reči hvale i za atmosferu koju prave navijači Zvezde, jer je nekoliko puta igrao protiv crveno-belih. Na pitanje šta navijači mogu od njega da očekuju sledeće sezone, Skorcanitis kaže: Skorcijanitis je izrazio želju da u Zvezdi nosi dres sa brojem 21, a onda nam je otkrio i da je imao prilike da pomalo uči srpski jezik: Skorcijanitis je u nedelju dao ekskluzivan intervju za naš sajt, a OVDE pogledajte šta je sve rekao.</article-text><article-text-transliterated> Sofoklis Skorcijanitis, novo pojačanje Crvene zvezde, u Beograd stiže 23. avgusta kada će se pridružiti ekipi na pripremama. Do tada će snažni centar boraviti u Grčkoj gde je već počeo sa treninzima za narednu sezonu. U želji da što spremniji dočeka početak rada sa crveno-belima Skorcijanitis individualno trenira sa kondicionim trenerom Kostasom Hadžihristosom. Grčki internacionalac imao je samo reči hvale i za atmosferu koju prave navijači Zvezde, jer je nekoliko puta igrao protiv crveno-belih. Na pitanje šta navijači mogu od njega da očekuju sledeće sezone, Skorcanitis kaže: Skorcijanitis je izrazio želju da u Zvezdi nosi dres sa brojem 21, a onda nam je otkrio i da je imao prilike da pomalo uči srpski jezik: Skorcijanitis je u nedelju dao ekskluzivan intervju za naš sajt, a OVDE pogledajte šta je sve rekao.</article-text-transliterated><comment-list /></article><comments><comment-count>0</comment-count></comments></document>