<document global_id="sr-08-49"><url>https://www.srbijadanas.com/sport/tenis/federer-kaznjen-zbog-lepe-srpkinje-onda-je-pokusao-da-bude-duhovit-ispao-je-smesan-2020-01-29</url><source-id>08</source-id><local-id>49</local-id><source-name>srbijadanas</source-name><article><article-title>Federer kažnjen zbog lepe Srpkinje, a onda je pokušao da bude duhovit! Ispao je smešan! </article-title><article-time>2020-01-29</article-time><article-author>Srbija Danas</article-author><article-text> Rodžer Federer je kažnjen sa 3.000 američkih dolara zbog nesportskog ponašanja tokom meča četvrtfinala Australijan opena protiv Tenisa Sandgrena. Švjacarac je opsovao linijskog sudiju, a kada je opomenut od strane Marijane Veljković, koja je bila glavni sudija, ušao je u raspravu sa Srpkinjom. Kada su ga novinari upitali da li je psovao na engleskom jeziku Federer je u šali rekao. Švajcarac će u polufinalu igrati protiv Novaka Đokovića. Ovaj meč je na programu u četvrtak od 09.30 po srednjeevrospkom vremenu. Pogledajte kako izgleda ruska navijačica Natalija Nemčinova. We won ! I am so happy🔝 💛💛.. ⭐⭐ ⭐⭐ #fifa18 #fifa #fifaworldcup #worldcup #worldcup2018 #wags #messi #girls #tikitaka #mediaset #mediasetpremium #mondiali2018 #polska #kroos #moscow #polishgirl #cristianoronaldo #neymar #cr7 #mundial2018 #mundial2018 #milf #france #russiangirls #natalyanemchinova #poland Објава коју дели  Natalya Nemchinova (@natalyanemchinovaa) дана 2. Јул 2018. у 4:00 PDT Good morning and world cup is starting today again 💛💛.. ⭐⭐ ⭐⭐ #fifa18 #fifa #fifaworldcup #worldcup #worldcup2018 #wags #messi #girls #tikitaka #mediaset #mediasetpremium #mondiali2018 #polska #kroos #moscow #polishgirl #cristianoronaldo #neymar #cr7 #mundial2018 #mundial2018 #milf #france #russiangirls #natalyanemchinova #poland Објава коју дели  Natalya Nemchinova (@natalyanemchinovaa) дана 30. Јун 2018. у 1:10 PDT Missing summer😍😍😍.. ⭐⭐ ⭐⭐ #fifa18 #fifa #fifaworldcup #worldcup #worldcup2018 #wags #messi #girls #tikitaka #mediaset #mediasetpremium #mondiali2018 #polska #legs #moscow #polishgirl #cristianoronaldo #neymar #cr7 #milani #roma #milf #feet #russiangirls #natalyanemchinova #poland Објава коју дели  Natalya Nemchinova (@natalyanemchinovaa) дана 6. Дец 2018. у 1:26 PST Feel the nature and missing the world cup 😅.. ⭐⭐ ⭐⭐ #fifa18 #fifa #fifaworldcup #worldcup #worldcup2018 #wags #messi #girls #tikitaka #mediaset #mediasetpremium #mondiali2018 #polska #legs #moscow #polishgirl #cristianoronaldo #neymar #cr7 #mundial2018 #mundial2018 #milf #feet #russiangirls #natalyanemchinova #poland Објава коју дели  Natalya Nemchinova (@natalyanemchinovaa) дана 18. Јул 2018. у 8:49 PDT On the set today 😍😍😍.. ⭐⭐ ⭐⭐ #fifa18 #fifa #fifaworldcup #worldcup #worldcup2018 #wags #messi #girls #tikitaka #mediaset #mediasetpremium #mondiali2018 #polska #legs #moscow #polishgirl #cristianoronaldo #neymar #cr7 #catania #palermo #milf #feet #russiangirls #natalyanemchinova #poland Објава коју дели  Natalya Nemchinova (@natalyanemchinovaa) дана 19. Јул 2018. у 12:41 PDT</article-text><article-text-transliterated> Rodžer Federer je kažnjen sa 3.000 američkih dolara zbog nesportskog ponašanja tokom meča četvrtfinala Australijan opena protiv Tenisa Sandgrena. Švjacarac je opsovao linijskog sudiju, a kada je opomenut od strane Marijane Veljković, koja je bila glavni sudija, ušao je u raspravu sa Srpkinjom. Kada su ga novinari upitali da li je psovao na engleskom jeziku Federer je u šali rekao. Švajcarac će u polufinalu igrati protiv Novaka Đokovića. Ovaj meč je na programu u četvrtak od 09.30 po srednjeevrospkom vremenu. Pogledajte kako izgleda ruska navijačica Natalija Nemčinova. We won ! I am so happy🔝 💛💛.. ⭐⭐ ⭐⭐ #fifa18 #fifa #fifaworldcup #worldcup #worldcup2018 #wags #messi #girls #tikitaka #mediaset #mediasetpremium #mondiali2018 #polska #kroos #moscow #polishgirl #cristianoronaldo #neymar #cr7 #mundial2018 #mundial2018 #milf #france #russiangirls #natalyanemchinova #poland Objava koju deli  Natalya Nemchinova (@natalyanemchinovaa) dana 2. Jul 2018. u 4:00 PDT Good morning and world cup is starting today again 💛💛.. ⭐⭐ ⭐⭐ #fifa18 #fifa #fifaworldcup #worldcup #worldcup2018 #wags #messi #girls #tikitaka #mediaset #mediasetpremium #mondiali2018 #polska #kroos #moscow #polishgirl #cristianoronaldo #neymar #cr7 #mundial2018 #mundial2018 #milf #france #russiangirls #natalyanemchinova #poland Objava koju deli  Natalya Nemchinova (@natalyanemchinovaa) dana 30. Jun 2018. u 1:10 PDT Missing summer😍😍😍.. ⭐⭐ ⭐⭐ #fifa18 #fifa #fifaworldcup #worldcup #worldcup2018 #wags #messi #girls #tikitaka #mediaset #mediasetpremium #mondiali2018 #polska #legs #moscow #polishgirl #cristianoronaldo #neymar #cr7 #milani #roma #milf #feet #russiangirls #natalyanemchinova #poland Objava koju deli  Natalya Nemchinova (@natalyanemchinovaa) dana 6. Dec 2018. u 1:26 PST Feel the nature and missing the world cup 😅.. ⭐⭐ ⭐⭐ #fifa18 #fifa #fifaworldcup #worldcup #worldcup2018 #wags #messi #girls #tikitaka #mediaset #mediasetpremium #mondiali2018 #polska #legs #moscow #polishgirl #cristianoronaldo #neymar #cr7 #mundial2018 #mundial2018 #milf #feet #russiangirls #natalyanemchinova #poland Objava koju deli  Natalya Nemchinova (@natalyanemchinovaa) dana 18. Jul 2018. u 8:49 PDT On the set today 😍😍😍.. ⭐⭐ ⭐⭐ #fifa18 #fifa #fifaworldcup #worldcup #worldcup2018 #wags #messi #girls #tikitaka #mediaset #mediasetpremium #mondiali2018 #polska #legs #moscow #polishgirl #cristianoronaldo #neymar #cr7 #catania #palermo #milf #feet #russiangirls #natalyanemchinova #poland Objava koju deli  Natalya Nemchinova (@natalyanemchinovaa) dana 19. Jul 2018. u 12:41 PDT</article-text-transliterated><comment-list /></article><comments><comment-count>0</comment-count></comments></document>