<document global_id="sr-08-246"><url>https://www.srbijadanas.com/vesti/sirija/ovako-su-mrzeli-basara-u-hami-sada-dizu-spomenik-njegovom-ocu-hafezu-al-asadu-video-2017-02-17</url><source-id>08</source-id><local-id>246</local-id><source-name>srbijadanas</source-name><article><article-title>OVAKO SU MRZELI BAŠARA U HAMI: A sada vraćaju spomenik njegovom ocu HAFEZU! (VIDEO) </article-title><article-time>2017-02-17</article-time><article-author>Srbija Danas </article-author><article-text> Od 2017. godine mnogi analitičari i pratioci sirijskog sukoba veruju da je oružana opozicija prvenstveno sastavljena od islamskih ekstremista, kao i umerenih pobunjenika koji nemaju nikakvu moć ili uticaj u komandnom lancu (osim kurdske vojske). Međutim, opozicija je imala sektaški plan, jer je "ustanak" je počeo 2011. godine; Opozicija je, i još uvek je, gotovo isključivo sunitska, i na brojnim skupovima, oni su izrazili nezadovoljstvo činjenicom da predsednik Bašar al-Asad nije sunitski musliman. In June 2011 protesters replaced Assad's father statue in #Hama with a donkey. Now Assad has reinstated the statue by force. #Syria pic.twitter.com/IvryJAdhSE — شبكة الثورة السورية (@RevolutionSyria) February 14, 2017 #Syria #Hama Video: Unveiling of the new Hafez al-Assad Statue pic.twitter.com/3zcgaHompT Video koji je stavljen na Jutjub kanal početkom jula, 2011. godine, pokazuje protest u gradu Hama. Većina parola je prevedeno sa arapskog na engleski jezik. Međutim, na samom početku videa, prvi stih nije preveden. Vođa skupa kaže (bukvalan prevod) "Bašare, ti nisi naš" pozivajući se na svoju veru. Nejasno je da li je prevod namerno izostavljen- bez obzira, video i dalje pokazuje da je sirijska opozicija imala sektaškog anđela mnogo pre uspona Islamske države, i Fateh Al-Šama. Vesti iz Sirije i Iraka možete pročitati OVDE.</article-text><article-text-transliterated> Od 2017. godine mnogi analitičari i pratioci sirijskog sukoba veruju da je oružana opozicija prvenstveno sastavljena od islamskih ekstremista, kao i umerenih pobunjenika koji nemaju nikakvu moć ili uticaj u komandnom lancu (osim kurdske vojske). Međutim, opozicija je imala sektaški plan, jer je "ustanak" je počeo 2011. godine; Opozicija je, i još uvek je, gotovo isključivo sunitska, i na brojnim skupovima, oni su izrazili nezadovoljstvo činjenicom da predsednik Bašar al-Asad nije sunitski musliman. In June 2011 protesters replaced Assad's father statue in #Hama with a donkey. Now Assad has reinstated the statue by force. #Syria pic.twitter.com/IvryJAdhSE — شبكة الثورة السورية (@RevolutionSyria) February 14, 2017 #Syria #Hama Video: Unveiling of the new Hafez al-Assad Statue pic.twitter.com/3zcgaHompT Video koji je stavljen na Jutjub kanal početkom jula, 2011. godine, pokazuje protest u gradu Hama. Većina parola je prevedeno sa arapskog na engleski jezik. Međutim, na samom početku videa, prvi stih nije preveden. Vođa skupa kaže (bukvalan prevod) "Bašare, ti nisi naš" pozivajući se na svoju veru. Nejasno je da li je prevod namerno izostavljen- bez obzira, video i dalje pokazuje da je sirijska opozicija imala sektaškog anđela mnogo pre uspona Islamske države, i Fateh Al-Šama. Vesti iz Sirije i Iraka možete pročitati OVDE.</article-text-transliterated><comment-list /></article><comments><comment-count>0</comment-count></comments></document>