<document global_id="sr-08-200"><url>https://www.srbijadanas.com/muskarac/ludo-burazeru/svima-promaklo-evo-sta-je-vesnu-rivas-povezalo-sa-arkanom-pri-ulasku-u-nove-parove-video-2016-12-26</url><source-id>08</source-id><local-id>200</local-id><source-name>srbijadanas</source-name><article><article-title>ARKAN U PAROVIMA! Svima promakli frapantni detalji pri ulasku VESNE RIVAS u vilu! (FOTO, VIDEO) </article-title><article-time>2016-12-26</article-time><article-author>Srbija Danas</article-author><article-text> Pevačica Vesna Rivas ušla je sinoć i u petu sezonu najluđeg rijalitija u Srbiji, "Parovi", a na šaljivoj Fejsbuk stranici "Neguj mo srbski jezik" primetili su da su je pojedini detalji koji su se mogli primetiti pri njenom ulasku učinili sličnom sa pokojnim Željkom Ražnatovićem Arkanom. Zapravo, Vesnina pojava, sa metlom u jednoj, i igračkom u obliku tigra u drugoj, podsetila je šaljivdžije na jednu od najpoznatijih Arkanovih fotografija na kojoj on, takođe raširenih ruku, u jednoj šaci drži pušku, a u drugoj tigrića, i to pravog. Namontiravši dve fotografije jednu uz drugu, autori su dodali i zelenu štiklu kraj Vesne i crveni znak kraj Arkana. Možda su hteli da poruče da je bolje da gledamo prizore iz rijalitija nego sa ratišta... A kako je izgledao ulazak Vesne Rivas u rijaliti i kakvi su njeni planovi vezani za boravk u vili pogledajte u videu:</article-text><article-text-transliterated> Pevačica Vesna Rivas ušla je sinoć i u petu sezonu najluđeg rijalitija u Srbiji, "Parovi", a na šaljivoj Fejsbuk stranici "Neguj mo srbski jezik" primetili su da su je pojedini detalji koji su se mogli primetiti pri njenom ulasku učinili sličnom sa pokojnim Željkom Ražnatovićem Arkanom. Zapravo, Vesnina pojava, sa metlom u jednoj, i igračkom u obliku tigra u drugoj, podsetila je šaljivdžije na jednu od najpoznatijih Arkanovih fotografija na kojoj on, takođe raširenih ruku, u jednoj šaci drži pušku, a u drugoj tigrića, i to pravog. Namontiravši dve fotografije jednu uz drugu, autori su dodali i zelenu štiklu kraj Vesne i crveni znak kraj Arkana. Možda su hteli da poruče da je bolje da gledamo prizore iz rijalitija nego sa ratišta... A kako je izgledao ulazak Vesne Rivas u rijaliti i kakvi su njeni planovi vezani za boravk u vili pogledajte u videu:</article-text-transliterated><comment-list /></article><comments><comment-count>0</comment-count></comments></document>