<document global_id="sr-08-191"><url>https://www.srbijadanas.com/zena/sex/nabio-mi-ga-je-u-usta-onda-je-nesto-ispod-jezika-puklo-uzasna-zenska-seksualna-iskustva-2016-12-23</url><source-id>08</source-id><local-id>191</local-id><source-name>srbijadanas</source-name><article><article-title>NABIO MI GA JE U USTA, A ONDA JE NEŠTO ISPOD JEZIKA PUKLO... Užasna ženska seksualna iskustva </article-title><article-time>2016-12-23</article-time><article-author>Srbija Danas</article-author><article-text> Ovo su ispovesti ljudi koji su imali zaista jeziva seksualna iskustva i užasne greške tokom vođenja ljubavi. Neka su urnebesno smešna, ali njima verovatno nisu bila. Žestoko pušenje Dečko i ja smo se malo zabavljaju tokom oralnog seksa, a u jednom je trenutku postao jako strastven. Nabio mi ga je u usta, a penis je otišao ispod jezika i uspeo je da mi rastrgne onu membranu koja jezik povezuje s dnom. Tri nedelje nisam mogla da pomerim jezik. Skoro me ugušio Jednom sam doživela napad astme usred seksa s novim dečkom. Nije znao da sam astmatičarka. Bio je na meni, u misionarskom položaju, a ja sam počela da se gušim. Gurala sam ga da dohvatim pumpicu protiv astme, a on je pitao: "Sviđa ti se to?" i počeo je još žešće da “udara”. Mislio je da svrš*vam, a ja sam imala napad. Ubica erekcije Kada mi se ne spava sa suprugom, uvek sprovodem sjajnu taktiku. On kaže da mu ja lako u sekundi ubijem želju za seksom. Jednom smo krenuli da se mazimo, pa sam usred predigre rekla "Moji roditelj pitaju da li smo slobodni ovaj vikend" ili ga pitam "Da li si upalio veš-mašinu" i sl. Naravno ima večeri kada mi imamo brutalni seks, ali ponekad mi je to naporno. </article-text><article-text-transliterated> Ovo su ispovesti ljudi koji su imali zaista jeziva seksualna iskustva i užasne greške tokom vođenja ljubavi. Neka su urnebesno smešna, ali njima verovatno nisu bila. Žestoko pušenje Dečko i ja smo se malo zabavljaju tokom oralnog seksa, a u jednom je trenutku postao jako strastven. Nabio mi ga je u usta, a penis je otišao ispod jezika i uspeo je da mi rastrgne onu membranu koja jezik povezuje s dnom. Tri nedelje nisam mogla da pomerim jezik. Skoro me ugušio Jednom sam doživela napad astme usred seksa s novim dečkom. Nije znao da sam astmatičarka. Bio je na meni, u misionarskom položaju, a ja sam počela da se gušim. Gurala sam ga da dohvatim pumpicu protiv astme, a on je pitao: "Sviđa ti se to?" i počeo je još žešće da “udara”. Mislio je da svrš*vam, a ja sam imala napad. Ubica erekcije Kada mi se ne spava sa suprugom, uvek sprovodem sjajnu taktiku. On kaže da mu ja lako u sekundi ubijem želju za seksom. Jednom smo krenuli da se mazimo, pa sam usred predigre rekla "Moji roditelj pitaju da li smo slobodni ovaj vikend" ili ga pitam "Da li si upalio veš-mašinu" i sl. Naravno ima večeri kada mi imamo brutalni seks, ali ponekad mi je to naporno. </article-text-transliterated><comment-list /></article><comments><comment-count>0</comment-count></comments></document>