<document global_id="sr-08-157"><url>https://www.srbijadanas.com/sport/kosarka/moze-li-se-iz-fiba-lige-sampiona-u-evroligu-dordi-bartomeo-je-bio-surovo-iskren-foto-2016-11-30</url><source-id>08</source-id><local-id>157</local-id><source-name>srbijadanas</source-name><article><article-title>MOŽE LI SE IZ FIBA LIGE ŠAMPIONA U EVROLIGU: Đordi Bartomeo je bio SUROVO ISKREN (FOTO) </article-title><article-time>2016-11-30</article-time><article-author>Srbija Danas</article-author><article-text> Generalni sekeretar Kamil Novak istakao je za 'Eurohops' da se nada da će FIBA i Evroliga uskoro pronaći zajednički jezik i da su jedina dva zahteva krovne organizacije da Liga šampiona dobije status Evrokupa i pobednika takmičenja u 'eliti'. Odgovor je ekspresno usledio za italijanski ‘Tutosport’ od strane prvog čoveka Evrolige Đordija Bartomeua, koji je jasno stavio do znanja da je to samo pusta želja čelinka FIBA. To znači da će do pomirenja i sređivanja odnosa u evropskoj košarci teško doći. On je govorio i o italijanskim klubovima koji su zbog pretnji FIBA uprkos trogodišnjim ugovorima odbili da igraju u Evrokupu, a naglasio je da je za njih mesto u Evrokupu otvoreno, kako je bio svestan da su podlegli pritisku, zbog pretnje da bi Italija mogla da ostane bez organizacije Olimpijskog Kvalifikacionog Turinra u Rimu 2024. godine.</article-text><article-text-transliterated> Generalni sekeretar Kamil Novak istakao je za 'Eurohops' da se nada da će FIBA i Evroliga uskoro pronaći zajednički jezik i da su jedina dva zahteva krovne organizacije da Liga šampiona dobije status Evrokupa i pobednika takmičenja u 'eliti'. Odgovor je ekspresno usledio za italijanski ‘Tutosport’ od strane prvog čoveka Evrolige Đordija Bartomeua, koji je jasno stavio do znanja da je to samo pusta želja čelinka FIBA. To znači da će do pomirenja i sređivanja odnosa u evropskoj košarci teško doći. On je govorio i o italijanskim klubovima koji su zbog pretnji FIBA uprkos trogodišnjim ugovorima odbili da igraju u Evrokupu, a naglasio je da je za njih mesto u Evrokupu otvoreno, kako je bio svestan da su podlegli pritisku, zbog pretnje da bi Italija mogla da ostane bez organizacije Olimpijskog Kvalifikacionog Turinra u Rimu 2024. godine.</article-text-transliterated><comment-list /></article><comments><comment-count>0</comment-count></comments></document>