<document global_id="sr-08-198"><url>https://www.srbijadanas.com/sport/kosarka/tuzio-je-partizan-sada-je-dobio-otkaz-foto-2016-12-29</url><source-id>08</source-id><local-id>198</local-id><source-name>srbijadanas</source-name><article><article-title>TUŽIO JE PARTIZAN: A sada je dobio OTKAZ! (FOTO) </article-title><article-time>2016-12-29</article-time><article-author>Srbija Danas</article-author><article-text> Nekadašnji igrač Partizana Marko Čakаrević ponovo je ostao bez posla Igrač koji je uvek bio ‘bek-ap’ u rosteru Duška Vujoševića, obavljajući prljave zadatke u odbrani, neretko se razigravao u napadu. Prenosio je lopte na protivničku polovinu dok se plejmejker odmara, ali već neko vreme je van srpske košarke. Marko Čakarević posle Partizana je igrao u Metalcu iz Valjeva, zatim dve godine u Igokei, a onda je ove godine prešao u rumunski Temišvar. Tamo se očekivalo da će biti jedan od važnijih igrača, ali je umesto toga, kako piše portal ‘Eurobasket’, dobio otkaz. BC SCM Timisoara cuts Marko Cakarevic. https://t.co/jDgDoODFqt Kako je rekao predsednik Partizana Nikola Peković, Marko Čakarević je jedan od igrača sa kojim crno-beli nisu našli zajednički jezik i koji je u jednom trenutku blokirao račun klubu iz Humske.</article-text><article-text-transliterated> Nekadašnji igrač Partizana Marko Čakarević ponovo je ostao bez posla Igrač koji je uvek bio ‘bek-ap’ u rosteru Duška Vujoševića, obavljajući prljave zadatke u odbrani, neretko se razigravao u napadu. Prenosio je lopte na protivničku polovinu dok se plejmejker odmara, ali već neko vreme je van srpske košarke. Marko Čakarević posle Partizana je igrao u Metalcu iz Valjeva, zatim dve godine u Igokei, a onda je ove godine prešao u rumunski Temišvar. Tamo se očekivalo da će biti jedan od važnijih igrača, ali je umesto toga, kako piše portal ‘Eurobasket’, dobio otkaz. BC SCM Timisoara cuts Marko Cakarevic. https://t.co/jDgDoODFqt Kako je rekao predsednik Partizana Nikola Peković, Marko Čakarević je jedan od igrača sa kojim crno-beli nisu našli zajednički jezik i koji je u jednom trenutku blokirao račun klubu iz Humske.</article-text-transliterated><comment-list /></article><comments><comment-count>0</comment-count></comments></document>