<document global_id="sr-08-300"><url>https://www.srbijadanas.com/vesti/region/haos-u-hrvatskom-saboru-zbog-srpskog-jezika-poslanik-porucio-koleginici-govorite-na-hrvatskom-2018-04-12</url><source-id>08</source-id><local-id>300</local-id><source-name>srbijadanas</source-name><article><article-title>Haos u hrvatskom Saboru zbog SRPSKOG JEZIKA - poslanik poručio koleginici: Govorite na hrvatskom, uplatite kurs </article-title><article-time>2018-04-12</article-time><article-author>Srbija Danas/Index.hr</article-author><article-text> U hrvatskom Saboru i dalje se vodi rasprava o Istanbulskoj konvenciji, ali kako vreme odmiče, sve manje se biraju reči i čini se da svaka sitnica počinje da smeta. Pročitajte i: Hrvoje Zekanović iz Pokreta za uspešnu Hrvatsku (HRAST) ne odustaje od tvrdnje da je u Istanbulskoj konvenciji definisana rodna ideologija, pa je pozvao poslanike da se izjasne protiv ratifikacije, jer su, kako je objasnio, katolički biskupi bili veoma jasni i eksplicitni u svojim napisima. Nekoliko SDP-ovih poslanika je imalo repliku na ovu Zekanovićevu konstataciju, ali najviše pažnje privukla je poslanica SDSS-a Dragana Jeckov, koja je odgovorila na srpskom. Jeckov je navela da je u nekim zemljama koje su već ratifikovale Istanbulsku konvenciju, rodna ideologija prošla "ispod radara", a Zekanovića je upitala šta misli o tome što su je ratifikovale brojne zemlje. Umesto da odgovori na pitanje, Zekanović je burno reagovao na srpski jezik i upozorio Jeckov da ubuduće govori hrvatski kad se bude javljala za reč. Drama u Hrvatskoj: Zvao Plenkovića da pita za lečenje dece, završio sa lisicama na rukama</article-text><article-text-transliterated> U hrvatskom Saboru i dalje se vodi rasprava o Istanbulskoj konvenciji, ali kako vreme odmiče, sve manje se biraju reči i čini se da svaka sitnica počinje da smeta. Pročitajte i: Hrvoje Zekanović iz Pokreta za uspešnu Hrvatsku (HRAST) ne odustaje od tvrdnje da je u Istanbulskoj konvenciji definisana rodna ideologija, pa je pozvao poslanike da se izjasne protiv ratifikacije, jer su, kako je objasnio, katolički biskupi bili veoma jasni i eksplicitni u svojim napisima. Nekoliko SDP-ovih poslanika je imalo repliku na ovu Zekanovićevu konstataciju, ali najviše pažnje privukla je poslanica SDSS-a Dragana Jeckov, koja je odgovorila na srpskom. Jeckov je navela da je u nekim zemljama koje su već ratifikovale Istanbulsku konvenciju, rodna ideologija prošla "ispod radara", a Zekanovića je upitala šta misli o tome što su je ratifikovale brojne zemlje. Umesto da odgovori na pitanje, Zekanović je burno reagovao na srpski jezik i upozorio Jeckov da ubuduće govori hrvatski kad se bude javljala za reč. Drama u Hrvatskoj: Zvao Plenkovića da pita za lečenje dece, završio sa lisicama na rukama</article-text-transliterated><comment-list /></article><comments><comment-count>0</comment-count></comments></document>