<document global_id="sr-08-260"><url>https://www.srbijadanas.com/zabava/zanimljivosti/saputala-je-seksi-glasom-strancu-na-srpskom-njegova-reakcija-je-pravi-hit-video-2018-03-10</url><source-id>08</source-id><local-id>260</local-id><source-name>srbijadanas</source-name><article><article-title>Šaputala je seksi glasom strancu na srpskom, a njegova reakcija je pravi HIT! (VIDEO) </article-title><article-time>2018-03-10</article-time><article-author>Srbija Danas/Kurir.rs</article-author><article-text> Na Jutjub kanalu "Zabavljanje bez granica" svake nedelje se objavljuju snimci čija je glavna tema ljubav koja ne zna za geografske prepreke ili stereotipe. Tate imaju prednost: Bolje je za vas da ličite na očeve, samo zbog jedne stvari, a evo i koje Od zabavnih klipova koji se bave predrasudama vezanim za osobine raznih nacija, kad je zabavljanje u pitanju, do seksi naglasaka i suočavanja najpoznatijih kontrasta, tipa žene istočne Evrope protiv žena zapadne Evrope, autori koji stoje iza naloga duhovito prikazuju ljubav i veze u okvirima karte sveta. Tako su nedavno objavili video čija je tema nivo seksepilnosti slovenskih jezika, a glavni parametar je procena stranaca koji ne govore ove jezike, a čuju ih prvi put - zavezanih očiju. Pogledajte šta su rekli za srpski.</article-text><article-text-transliterated> Na Jutjub kanalu "Zabavljanje bez granica" svake nedelje se objavljuju snimci čija je glavna tema ljubav koja ne zna za geografske prepreke ili stereotipe. Tate imaju prednost: Bolje je za vas da ličite na očeve, samo zbog jedne stvari, a evo i koje Od zabavnih klipova koji se bave predrasudama vezanim za osobine raznih nacija, kad je zabavljanje u pitanju, do seksi naglasaka i suočavanja najpoznatijih kontrasta, tipa žene istočne Evrope protiv žena zapadne Evrope, autori koji stoje iza naloga duhovito prikazuju ljubav i veze u okvirima karte sveta. Tako su nedavno objavili video čija je tema nivo seksepilnosti slovenskih jezika, a glavni parametar je procena stranaca koji ne govore ove jezike, a čuju ih prvi put - zavezanih očiju. Pogledajte šta su rekli za srpski.</article-text-transliterated><comment-list /></article><comments><comment-count>0</comment-count></comments></document>