<document global_id="sr-08-123"><url>https://www.srbijadanas.com/clanak/uzivo-vlada-srbije-vucic-moja-ruka-prema-bosnjacima-ostace-ispruzena-11-07-2015</url><source-id>08</source-id><local-id>123</local-id><source-name>srbijadanas</source-name><article><article-title>VUČIĆ: Moja ruka prema Bošnjacima ostaće ispružena! </article-title><article-time>11-07-2015</article-time><article-author>Srbija  Danas</article-author><article-text> "Kao predsednik Vlade vodio sam delegaciju naše zemlje na 20. godišnji pomen nevino stradalim žrtvama u Srebrenici. Zamoljen sam od domaćina da ne govorim na tom skupu, poštovao sam, bio sam veoma pristojno i srdačno dočekan od porodica žrtava", rekao je Aleksandar Vučić na konferenciji za štampu, nakon pokušaja atentata na njega u Potočarima. "Sve vreme smo se ponašali dostojanstveno, odgovorno i predstavljali svoju zemlju, onako kako bih voleo da smo uvek predstavljali. Kad sam dolazio, osim nekoliko pogrda nije bilo problema. Odjedanput je grupa navijača jednog fudbalskog kluba počela da uzvikuje pogrde. Onda kad sam polagao cveće na spomenik krenule su pretnje, "Ubij četnika" i drugo.  "Ja nisam hteo da se sklanjam, zamolio sam momke iz obezbeđenja da me puste, verovatno sam bio kriv, jer sam hteo da pitam ljude zašto to rade", rekao je premijer novinarima,  "Ja sam taj koji želi mir, koji vam je pružio ruku pomirenja. Taj napad je bio dobro organizovan, bio je pregršt političkih poruka. Čuo sam muslimane koji su govorili napadačima: Pa što ga napadate, nije on kriv? Zaleteli su se pesnicama, nogama, batinama, flašama..." Hodajte uzdignutog čela Pozvao je Srbe da ponosno i uzdignuta čela, onako kako je on danas koračao, da tako hodaju po srpskim gradovima i selima, da nikad nigde ne podigne ruku i pomisli da ima pravo da čini šta mu je volja. Premijer je naveo da se na snimcima nije videlo da su srpski autobusi skroz polupani, i izrazio je veliki žal što se ovako nešto desilo: "Žao mi je što neki nisu prepoznali nameru da gradimo mir. Moja ruka prema bošnjačkom narodu ostaje ispružena i ja ću nastaviti sa tom politikom i uvek ću biti spreman da razgovaram o tome kako da prevazilazimo probleme", rekao je Vučić. "Budala ima u svakom narodu i ja razumem da se najveći deo bošnjačkog naroda ne slaže sa time što je urađeno", izjavio je premijer. Sa bošnjacima moramo da živimo u miru "Mi sa bošnjacima moramo da živimo zajedno u budućnosti. neću da govorim o političarima koji su morali da organizuju ovo. Ponosan sam na civilizovanu državu koja želi mir i stabilnost. Pametni ljudi koji gledaju u budućnost dobro će razumeti šta smo sve propustili. Srećom pa ima odgovornih ljudi koji tako nešto neće da dozvole. Srbi i bošnjaci, imaćete isti odnos od Srbije kakav ste imali i danas. Narodu u Eepublici Srpskoj želim da kažem da ne treba da se osećaju ni poniženo ni uvređeno." Premijer je rekao da se neki drugi pogledaju u oči i razmisle šta su danas radili. "Hoću da se zahvalim mladim momcima koji su danas rizikovali, da se zahvalim specijalcima Republike Srpske koji su pomogli da svoje glave izvučemo." "Još jedanput, najiskrenije pružam ruku i to je politika zbog koje sam spreman da dam sve i nadam se da će je bošnjački prijatelji prihvatiti", rekao je premijer Srbije i dobio gromoglasan aplauz od novinarskih ekipa u Press sali Vlade Srbije Упркос овоме што се догодило у #Srebrenica, и даље пружам руку помирења Бошњацима, ми морамо да живимо заједно и у миру. Premijer navodi da nema sumnje da napadači nisu imali u planu da ga vode na večeru.  "Izetbegoviću se nisam javio, čekao sam, ugrizao se za jezik, javiću se sutra ili prekosutra, ne očekujem izvinjenje", odgovorio je Vučić na pitanje novinara da li se javio bošnjačkom članu predsedništva BiH Bakiru Izetbegoviću. " "Izetbegoviću nikada ništa u Srbiji neće da se dogodi loše, sačekaćemo ga u narodnoj nošnji sa pogačom i solju, a ne batinama i linčom". "Meni sem  naočara ništa ne fali" "Interesuje me da ti ljudi svi razumeju, da ne mogu nasiljem ni na koji način da pobede, šta su time dobili? Povredili su majke i porodice žrtava više nego bilo koga drugog. Meni je žao porodica žrtava što se na današnji dan više govori o budalama koji su hteli da organizuju linč više nego žrtvama," rekao je premijer Vučić. "Kada sam video kako ide uzbrdica i da je ograda probijena, znao sam šta će se dogoditi, pokušao sam da kažem: "Stanite, spustite kišobrane". Taj jedan što je hteo da me udari, samo što mi rame nije dodirnuo, dugo se nisam tako loše i tako teško osećao." I da sam izgubio glavu, ja bih bio kriv Premijer je rekao da je mnogo je važno da vidimo šta ćemo da radimo u budućnosti. " Valjda smo krivi što smo rekli da je neko počinio zločine nad našim narodom i o tome smo ćutali pa smo opet bili krivi. Šta god da sam uradio, uvek bi bilo isto, i da sam izgubio glavu ja bih bio kriv. To je nažalost nešto što moram da nosim sa sobom. ja sam siguran da će pametni ljudi izvući zaključak. Ne misli valjda neko da mi to možemo da uradimo nekom drugom. Čime razmišljaju? Ovo je jedini mogući put." Premijer se zahvalio načelniku opštine Srebrenica Ćamilu Durakoviću "Dobio sam poruku od Durakovića, hvala mu na tome. On će tu morati da nastavi da živi. Vi znate da mene uvek više zanima šta će da kažu ljudi koji ovde žive." Nakon napada, u kojem je Vučić pogođen kamenicom u glavu, delegacija Srbije napustila je Potočare i na putu je za Beograd. Na ulasku na groblje gde če biti pokopani posmrtni ostaci žrtava iz Srebrenice Vučić i srpska delegacija napadnuti su različitim predmetima. Vučić je veća masa ljudi pritrčala je za delegacijom bacajući kamenice, cipele, flaše sa vodom...  Policija je uhapsila jednog od napadača na kolonu u kojoj je bio premijer Vučić.</article-text><article-text-transliterated> "Kao predsednik Vlade vodio sam delegaciju naše zemlje na 20. godišnji pomen nevino stradalim žrtvama u Srebrenici. Zamoljen sam od domaćina da ne govorim na tom skupu, poštovao sam, bio sam veoma pristojno i srdačno dočekan od porodica žrtava", rekao je Aleksandar Vučić na konferenciji za štampu, nakon pokušaja atentata na njega u Potočarima. "Sve vreme smo se ponašali dostojanstveno, odgovorno i predstavljali svoju zemlju, onako kako bih voleo da smo uvek predstavljali. Kad sam dolazio, osim nekoliko pogrda nije bilo problema. Odjedanput je grupa navijača jednog fudbalskog kluba počela da uzvikuje pogrde. Onda kad sam polagao cveće na spomenik krenule su pretnje, "Ubij četnika" i drugo.  "Ja nisam hteo da se sklanjam, zamolio sam momke iz obezbeđenja da me puste, verovatno sam bio kriv, jer sam hteo da pitam ljude zašto to rade", rekao je premijer novinarima,  "Ja sam taj koji želi mir, koji vam je pružio ruku pomirenja. Taj napad je bio dobro organizovan, bio je pregršt političkih poruka. Čuo sam muslimane koji su govorili napadačima: Pa što ga napadate, nije on kriv? Zaleteli su se pesnicama, nogama, batinama, flašama..." Hodajte uzdignutog čela Pozvao je Srbe da ponosno i uzdignuta čela, onako kako je on danas koračao, da tako hodaju po srpskim gradovima i selima, da nikad nigde ne podigne ruku i pomisli da ima pravo da čini šta mu je volja. Premijer je naveo da se na snimcima nije videlo da su srpski autobusi skroz polupani, i izrazio je veliki žal što se ovako nešto desilo: "Žao mi je što neki nisu prepoznali nameru da gradimo mir. Moja ruka prema bošnjačkom narodu ostaje ispružena i ja ću nastaviti sa tom politikom i uvek ću biti spreman da razgovaram o tome kako da prevazilazimo probleme", rekao je Vučić. "Budala ima u svakom narodu i ja razumem da se najveći deo bošnjačkog naroda ne slaže sa time što je urađeno", izjavio je premijer. Sa bošnjacima moramo da živimo u miru "Mi sa bošnjacima moramo da živimo zajedno u budućnosti. neću da govorim o političarima koji su morali da organizuju ovo. Ponosan sam na civilizovanu državu koja želi mir i stabilnost. Pametni ljudi koji gledaju u budućnost dobro će razumeti šta smo sve propustili. Srećom pa ima odgovornih ljudi koji tako nešto neće da dozvole. Srbi i bošnjaci, imaćete isti odnos od Srbije kakav ste imali i danas. Narodu u Eepublici Srpskoj želim da kažem da ne treba da se osećaju ni poniženo ni uvređeno." Premijer je rekao da se neki drugi pogledaju u oči i razmisle šta su danas radili. "Hoću da se zahvalim mladim momcima koji su danas rizikovali, da se zahvalim specijalcima Republike Srpske koji su pomogli da svoje glave izvučemo." "Još jedanput, najiskrenije pružam ruku i to je politika zbog koje sam spreman da dam sve i nadam se da će je bošnjački prijatelji prihvatiti", rekao je premijer Srbije i dobio gromoglasan aplauz od novinarskih ekipa u Press sali Vlade Srbije Uprkos ovome što se dogodilo u #Srebrenica, i dalje pružam ruku pomirenja Bošnjacima, mi moramo da živimo zajedno i u miru. Premijer navodi da nema sumnje da napadači nisu imali u planu da ga vode na večeru.  "Izetbegoviću se nisam javio, čekao sam, ugrizao se za jezik, javiću se sutra ili prekosutra, ne očekujem izvinjenje", odgovorio je Vučić na pitanje novinara da li se javio bošnjačkom članu predsedništva BiH Bakiru Izetbegoviću. " "Izetbegoviću nikada ništa u Srbiji neće da se dogodi loše, sačekaćemo ga u narodnoj nošnji sa pogačom i solju, a ne batinama i linčom". "Meni sem  naočara ništa ne fali" "Interesuje me da ti ljudi svi razumeju, da ne mogu nasiljem ni na koji način da pobede, šta su time dobili? Povredili su majke i porodice žrtava više nego bilo koga drugog. Meni je žao porodica žrtava što se na današnji dan više govori o budalama koji su hteli da organizuju linč više nego žrtvama," rekao je premijer Vučić. "Kada sam video kako ide uzbrdica i da je ograda probijena, znao sam šta će se dogoditi, pokušao sam da kažem: "Stanite, spustite kišobrane". Taj jedan što je hteo da me udari, samo što mi rame nije dodirnuo, dugo se nisam tako loše i tako teško osećao." I da sam izgubio glavu, ja bih bio kriv Premijer je rekao da je mnogo je važno da vidimo šta ćemo da radimo u budućnosti. " Valjda smo krivi što smo rekli da je neko počinio zločine nad našim narodom i o tome smo ćutali pa smo opet bili krivi. Šta god da sam uradio, uvek bi bilo isto, i da sam izgubio glavu ja bih bio kriv. To je nažalost nešto što moram da nosim sa sobom. ja sam siguran da će pametni ljudi izvući zaključak. Ne misli valjda neko da mi to možemo da uradimo nekom drugom. Čime razmišljaju? Ovo je jedini mogući put." Premijer se zahvalio načelniku opštine Srebrenica Ćamilu Durakoviću "Dobio sam poruku od Durakovića, hvala mu na tome. On će tu morati da nastavi da živi. Vi znate da mene uvek više zanima šta će da kažu ljudi koji ovde žive." Nakon napada, u kojem je Vučić pogođen kamenicom u glavu, delegacija Srbije napustila je Potočare i na putu je za Beograd. Na ulasku na groblje gde če biti pokopani posmrtni ostaci žrtava iz Srebrenice Vučić i srpska delegacija napadnuti su različitim predmetima. Vučić je veća masa ljudi pritrčala je za delegacijom bacajući kamenice, cipele, flaše sa vodom...  Policija je uhapsila jednog od napadača na kolonu u kojoj je bio premijer Vučić.</article-text-transliterated><comment-list><comments comment-id="1"><comment-parent-id>empty</comment-parent-id><comment-text>Bog nam ga je sacuvao VELIKI COVEK NEMOZE MU NIKO NISTA</comment-text><comment-text-transliterated>Bog nam ga je sacuvao VELIKI COVEK NEMOZE MU NIKO NISTA</comment-text-transliterated></comments></comment-list></article><comments><comment-count>1</comment-count></comments></document>