<document global_id="sr-08-135"><url>https://www.srbijadanas.com/clanak/ucite-skolu-trebace-vam-nema-decjeg-dodatka-za-decu-koja-beze-sa-casova-17-07-2015</url><source-id>08</source-id><local-id>135</local-id><source-name>srbijadanas</source-name><article><article-title>UČITE ŠKOLU, TREBAĆE VAM: Nema dečjeg dodatka za decu koja beže sa časova </article-title><article-time>17-07-2015</article-time><article-author>Srbija  Danas</article-author><article-text> Bez posrednika u naknadama Aleksandar Vulin je najavio i da će porodiljske naknade najverovatnije direktno ići porodilji, a ne prvo poslodavcu, pa onda korisnicima. Dete koje ne ide redovno u školu i izostaje s nastave bez opravdanja izgubiće pravo na dečji dodatak, jedna je od novina predviđenih zakonom o finansijskoj podršci porodici koji će se u Skupštini naći do kraja godine. Tako će glavni kriterijum za dobijanje dečjeg dodataka, pored imovinskog, biti i redovnost školovanja. Ministar rada i socijalne politike Aleksandar Vulin kaže da je to „jedna vrsta nagrade roditelju za to što gaji dobro dete“. Nema opravdanja "Dosad su roditelji podnosili samo papir o upisu u školu, a ubuduće će morati s vremena na vreme da podnesu i dokaz da je dete redovno išlo u školu. U današnje vreme, kad morate da budete obrazovani, da znate makar jedan strani jezik i rad na računaru, takvo roditeljstvo nećemo podržavati ni finansirati", rekao je Vulin i dodao da nema opravdanja da dete ne ide na časove. Ovakvu novinu u zakonu podržali su i profesori u školama.</article-text><article-text-transliterated> Bez posrednika u naknadama Aleksandar Vulin je najavio i da će porodiljske naknade najverovatnije direktno ići porodilji, a ne prvo poslodavcu, pa onda korisnicima. Dete koje ne ide redovno u školu i izostaje s nastave bez opravdanja izgubiće pravo na dečji dodatak, jedna je od novina predviđenih zakonom o finansijskoj podršci porodici koji će se u Skupštini naći do kraja godine. Tako će glavni kriterijum za dobijanje dečjeg dodataka, pored imovinskog, biti i redovnost školovanja. Ministar rada i socijalne politike Aleksandar Vulin kaže da je to „jedna vrsta nagrade roditelju za to što gaji dobro dete“. Nema opravdanja "Dosad su roditelji podnosili samo papir o upisu u školu, a ubuduće će morati s vremena na vreme da podnesu i dokaz da je dete redovno išlo u školu. U današnje vreme, kad morate da budete obrazovani, da znate makar jedan strani jezik i rad na računaru, takvo roditeljstvo nećemo podržavati ni finansirati", rekao je Vulin i dodao da nema opravdanja da dete ne ide na časove. Ovakvu novinu u zakonu podržali su i profesori u školama.</article-text-transliterated><comment-list /></article><comments><comment-count>0</comment-count></comments></document>