<document global_id="sr-08-117"><url>https://www.srbijadanas.com/clanak/skakavac-nista-od-zvezde-zlatni-klinac-ide-u-svajcarsku-01-07-2015</url><source-id>08</source-id><local-id>117</local-id><source-name>srbijadanas</source-name><article><article-title>"SKAKAVAC"! Ništa od Zvezde, zlatni klinac ide u Švajcarsku </article-title><article-time>01-07-2015</article-time><article-author /><article-text> Nemanja Antonov, levi bek srpske reprezentacije do 20 godina, koji je na Novom Zelandu, osvojio svetsko prvenstvo, na dobrom je putu da karijeru nastavi u Švajcarskoj. Posle austrijskog Red Bula iz Salcburga, čija je uprava na račun OFK Beograda bila spremna da uplati 1,2 miliona evra obeštećenja (više pročitajte OVDE) u trku se, čini se, s više uspeha, "ubacio" i Grashopers. Prema informacijama koje se plasiraju u javnost, uprava "romantičara" i "skakavaca" je našla zajednički jezik i sada se čeka da se Zvedina želja dogovori oko svojih zahteva i prohteva. Ukoliko se sve završi kako svi očekuju Antonov će s Grashopersom potpisati četvorogodišnji ugovor. Pročitajte i:</article-text><article-text-transliterated> Nemanja Antonov, levi bek srpske reprezentacije do 20 godina, koji je na Novom Zelandu, osvojio svetsko prvenstvo, na dobrom je putu da karijeru nastavi u Švajcarskoj. Posle austrijskog Red Bula iz Salcburga, čija je uprava na račun OFK Beograda bila spremna da uplati 1,2 miliona evra obeštećenja (više pročitajte OVDE) u trku se, čini se, s više uspeha, "ubacio" i Grashopers. Prema informacijama koje se plasiraju u javnost, uprava "romantičara" i "skakavaca" je našla zajednički jezik i sada se čeka da se Zvedina želja dogovori oko svojih zahteva i prohteva. Ukoliko se sve završi kako svi očekuju Antonov će s Grashopersom potpisati četvorogodišnji ugovor. Pročitajte i:</article-text-transliterated><comment-list /></article><comments><comment-count>0</comment-count></comments></document>