<document global_id="sr-08-241"><url>https://www.srbijadanas.com/sport/kosarka/igrace-protiv-zvezde-u-beogradu-bivsi-kosarkas-partizana-u-evroligaskom-klubu-foto-2017-02-07</url><source-id>08</source-id><local-id>241</local-id><source-name>srbijadanas</source-name><article><article-title>IGRAĆE PROTIV ZVEZDE U BEOGRADU! Bivši košarkaš Partizana u EVROLIGAŠKOM klubu (FOTO) </article-title><article-time>2017-02-07</article-time><article-author>Srbija Danas</article-author><article-text> Nekadašnji reprezentativac Srbije i košarkaš Partizana u dva mandata, Danilo Anđušić, promeniće dres, ne i državu, i iz Parme će se preseliti u Kazanj, gde će sa čelnicima ruskog evroligaša Uniksa potpisati ugovor do kraja sezone 2017/18. Vest je objavio poiznati košarkaški novinar Dejvid Pik koji nije otkrio ime kluba, ali se brzo saznalo da ju u pitanju Uniks. Tako će Anđušić 31. marta igrati u Beogradu protiv Crvene zvezde.  Anđušić je pažnju kluba iz Kazanja privukao fenomenalnim izdanjem upravo protiv Uniksa, ubacivši mu 40 poena (7/10 za dva, 6/7 za tri, šest skokova, pet asistencija) za nešto više od 41 minuta na parketu. Iskusni 25-godišnji bek ove sezone prosečno beleži 19,8 poena, 3,8 skokova i 3,7 asistencija u VTB ligi. Source: Danilo Andjusic, fourth-best VTB scorer who dropped 40 on Kazan and 30 vs Zenit, is Euroleague bound. Anđušić je karijeru počeo u Hemofarmu, a između ostalih branio je boje Mega Vizure, Virtusa iz Bolonje, Valjadolida, Bilbaa, Anvila i Partizana sa kojim u dva navrata nije uspeo da pronađe zajednički jezik. Ranije danas objavljeno je da će Anđušić igrati na Ol star meču VTB lige (o tome pročitajte OVDE).</article-text><article-text-transliterated> Nekadašnji reprezentativac Srbije i košarkaš Partizana u dva mandata, Danilo Anđušić, promeniće dres, ne i državu, i iz Parme će se preseliti u Kazanj, gde će sa čelnicima ruskog evroligaša Uniksa potpisati ugovor do kraja sezone 2017/18. Vest je objavio poiznati košarkaški novinar Dejvid Pik koji nije otkrio ime kluba, ali se brzo saznalo da ju u pitanju Uniks. Tako će Anđušić 31. marta igrati u Beogradu protiv Crvene zvezde.  Anđušić je pažnju kluba iz Kazanja privukao fenomenalnim izdanjem upravo protiv Uniksa, ubacivši mu 40 poena (7/10 za dva, 6/7 za tri, šest skokova, pet asistencija) za nešto više od 41 minuta na parketu. Iskusni 25-godišnji bek ove sezone prosečno beleži 19,8 poena, 3,8 skokova i 3,7 asistencija u VTB ligi. Source: Danilo Andjusic, fourth-best VTB scorer who dropped 40 on Kazan and 30 vs Zenit, is Euroleague bound. Anđušić je karijeru počeo u Hemofarmu, a između ostalih branio je boje Mega Vizure, Virtusa iz Bolonje, Valjadolida, Bilbaa, Anvila i Partizana sa kojim u dva navrata nije uspeo da pronađe zajednički jezik. Ranije danas objavljeno je da će Anđušić igrati na Ol star meču VTB lige (o tome pročitajte OVDE).</article-text-transliterated><comment-list /></article><comments><comment-count>0</comment-count></comments></document>