<document global_id="sr-08-170"><url>https://www.srbijadanas.com/vesti/beograd/vesic-gradska-akcija-negujmo-srpski-jezik-dobila-nacionalni-karakter-2016-12-14</url><source-id>08</source-id><local-id>170</local-id><source-name>srbijadanas</source-name><article><article-title>VESIĆ: Gradska akcija „Negujmo srpski jezik” dobila nacionalni karakter! </article-title><article-time>2016-12-14</article-time><article-author>Srbija Danas</article-author><article-text> Gradski menadžer Goran Vesić i ministar kulture Vladan Vukosavljević najavili su danas u zgradi tog ministarstva nastavak akcije „Negujmo srpski jezik” širom Srbije. Akcija je pre nešto manje od tri godine pokrenuta na nivou Beograda.   Vesić je izrazio zadovovljstvo što je akcija „Negujmo srpski jezik” dobila nacionalni karakter.  Vukosavljević je istakao da je cilj akcije podizanje nivoa osnovne pismenosti na svim obrazovnim nivoima i u svim strukama. Takođe, cilj je negovanje jezičke i čitalačke kulture, pre svega u javnom saobraćaju, kao i afirmacija ćiriličnog pisma, ali i pokretanje pitanja statusa lektorata srpskog jezika i književnosti u inostranstvu.  On je podsetio da je tim povodom formiran odbor koji će se baviti realizacijom ovog projekta, u kome će biti ministar prosvete, nauke i tehnološkog razvoja Mladen Šarčević, gradski menadžer Goran Vesić, direktorka Biblioteke grada Beograda Jasmina Ninkov, glavni i odgovorni urednik kulturno-umetničkog programa RTS-a Nebojša Bradić, vanredni profesor Filološkog fakulteta u Beogradu Veljko Brborić, v.d.  direktora UK „Vuk Karadžić” i dramski umetnik Svetislav Goncić i ministar kulture Vladan Vukosavljević.  On je ukazao da je odbor već pokrenuo inicijativu da 24. maj, Dan slovenske pismenosti, poznatiji kao Dan Ćirila i Metodija, bude uvršten u spisak državnih praznika i koji već ima taj status u najvećem broju slovenskih zemalja.  On je najavio da to ministarstvo u saradnji sa odborom planira da formira i savet za jezik  pri tom minstarstvu, koji će se baviti pitanjima jezičke politike i u čiji rad  bi se uključili i predstavnici Srpske akademije nauka i umetnosti, Filološkog fakulteta u Beogradu i Odbora za standardizaciju srpskog jezika.  Organizatori akcije najavili su i specijalizovani sajt „Negujmo srpski jezik”, nove plakate na kojima će se pored jezičkih nedoumica, pojaviti i misli nekih od najznačajnih predstavnika srpske književnosti na tu temu. Prepoznatljivosti akcije u široj javnosti doprineće kratki igrani filmovi i animirane televizijske forme, kao i muzička obrada pesme Branka Stevanovića, koju izvodi dečji hor „Čarolija” i Leontina Vukomanović. </article-text><article-text-transliterated> Gradski menadžer Goran Vesić i ministar kulture Vladan Vukosavljević najavili su danas u zgradi tog ministarstva nastavak akcije „Negujmo srpski jezik” širom Srbije. Akcija je pre nešto manje od tri godine pokrenuta na nivou Beograda.   Vesić je izrazio zadovovljstvo što je akcija „Negujmo srpski jezik” dobila nacionalni karakter.  Vukosavljević je istakao da je cilj akcije podizanje nivoa osnovne pismenosti na svim obrazovnim nivoima i u svim strukama. Takođe, cilj je negovanje jezičke i čitalačke kulture, pre svega u javnom saobraćaju, kao i afirmacija ćiriličnog pisma, ali i pokretanje pitanja statusa lektorata srpskog jezika i književnosti u inostranstvu.  On je podsetio da je tim povodom formiran odbor koji će se baviti realizacijom ovog projekta, u kome će biti ministar prosvete, nauke i tehnološkog razvoja Mladen Šarčević, gradski menadžer Goran Vesić, direktorka Biblioteke grada Beograda Jasmina Ninkov, glavni i odgovorni urednik kulturno-umetničkog programa RTS-a Nebojša Bradić, vanredni profesor Filološkog fakulteta u Beogradu Veljko Brborić, v.d.  direktora UK „Vuk Karadžić” i dramski umetnik Svetislav Goncić i ministar kulture Vladan Vukosavljević.  On je ukazao da je odbor već pokrenuo inicijativu da 24. maj, Dan slovenske pismenosti, poznatiji kao Dan Ćirila i Metodija, bude uvršten u spisak državnih praznika i koji već ima taj status u najvećem broju slovenskih zemalja.  On je najavio da to ministarstvo u saradnji sa odborom planira da formira i savet za jezik  pri tom minstarstvu, koji će se baviti pitanjima jezičke politike i u čiji rad  bi se uključili i predstavnici Srpske akademije nauka i umetnosti, Filološkog fakulteta u Beogradu i Odbora za standardizaciju srpskog jezika.  Organizatori akcije najavili su i specijalizovani sajt „Negujmo srpski jezik”, nove plakate na kojima će se pored jezičkih nedoumica, pojaviti i misli nekih od najznačajnih predstavnika srpske književnosti na tu temu. Prepoznatljivosti akcije u široj javnosti doprineće kratki igrani filmovi i animirane televizijske forme, kao i muzička obrada pesme Branka Stevanovića, koju izvodi dečji hor „Čarolija” i Leontina Vukomanović. </article-text-transliterated><comment-list /></article><comments><comment-count>0</comment-count></comments></document>