<document global_id="sr-08-124"><url>https://www.srbijadanas.com/clanak/bia-saznaje-sprema-se-napad-na-vucica-u-srebrenici-10-07-2015</url><source-id>08</source-id><local-id>124</local-id><source-name>srbijadanas</source-name><article><article-title>BIA UPOZORAVA: Vučić će biti UGROŽEN u Srebrenici, organizuju se provokacije i nemiri! </article-title><article-time>10-07-2015</article-time><article-author /><article-text> Prema tim informacijama na srpskog predsednika vlade spremaju se napadi sa svih strana, a čak su angažovani i pojedini članovi porodica žrtava. Navodno su pojedini pripadnici organizacije "Majke Srebrenice" dobile zadatak da Vučića napadaju na sav glas pre TV kamerama, piše Informer, koji se poziva na izvore iz srpskih bezbednosnih službi. Čak je organizovana i grupa koja ima zadatak da gađa jajima srpskog premijera, a sve sa ciljem da se izazove sukob sa obezbeđenjem predsednika Vlade Srbije i policijom Republike Srpske kako bi se iscenirao još veći nemir! Prema navodima ovog lista BIA je ovakve podatke koji upozoravaju na moguće napade na Vučića dobila i od stranih obaveštajnih službi. Ipak i pored ovih pretnji koje su prenesene premijeru Vučiću, predsednik Vlade Srbije doneo je odluku da putuje u Potočare. "Bezbednosne procene me nikad nisu zanimale", rekao je Vučić novinarima nakon susret sa predsednikom Evropske komisije Žan Klod Junkerom u Briselu. On je kazao da ga ne zanimaju ni pojedine uvredljive izjave na račun Srbije. "Sto puta sam se ugrizao za jezik da ne bih odgovarao na provokacije i uvrede", rekao je Vučić i dodao da je jedino što je važno da se između srpskog i bošnjačkog naroda izgradi bolji i iskreniji odnos. Pročitajte i:</article-text><article-text-transliterated> Prema tim informacijama na srpskog predsednika vlade spremaju se napadi sa svih strana, a čak su angažovani i pojedini članovi porodica žrtava. Navodno su pojedini pripadnici organizacije "Majke Srebrenice" dobile zadatak da Vučića napadaju na sav glas pre TV kamerama, piše Informer, koji se poziva na izvore iz srpskih bezbednosnih službi. Čak je organizovana i grupa koja ima zadatak da gađa jajima srpskog premijera, a sve sa ciljem da se izazove sukob sa obezbeđenjem predsednika Vlade Srbije i policijom Republike Srpske kako bi se iscenirao još veći nemir! Prema navodima ovog lista BIA je ovakve podatke koji upozoravaju na moguće napade na Vučića dobila i od stranih obaveštajnih službi. Ipak i pored ovih pretnji koje su prenesene premijeru Vučiću, predsednik Vlade Srbije doneo je odluku da putuje u Potočare. "Bezbednosne procene me nikad nisu zanimale", rekao je Vučić novinarima nakon susret sa predsednikom Evropske komisije Žan Klod Junkerom u Briselu. On je kazao da ga ne zanimaju ni pojedine uvredljive izjave na račun Srbije. "Sto puta sam se ugrizao za jezik da ne bih odgovarao na provokacije i uvrede", rekao je Vučić i dodao da je jedino što je važno da se između srpskog i bošnjačkog naroda izgradi bolji i iskreniji odnos. Pročitajte i:</article-text-transliterated><comment-list /></article><comments><comment-count>0</comment-count></comments></document>