<document global_id="sr-08-102"><url>https://www.srbijadanas.com/vesti/drustvo/kirbi-je-pitao-cepurina-zasto-srbi-vole-ruse-jednom-recenicom-ruski-ambasador-ga-je-postavio-na-2019-10-17</url><source-id>08</source-id><local-id>102</local-id><source-name>srbijadanas</source-name><article><article-title>Kirbi je pitao Čepurina ZAŠTO SRBI VOLE RUSE? Jednom rečenicom ruski ambasador ga je POSTAVIO NA MESTO! </article-title><article-time>2019-10-17</article-time><article-author>Srbija Danas/Novosti</article-author><article-text> Aleksandar Čepurin otkrio je šta je za godine provedene u Srbiji naučio o našem narodu, a tom prilikom je podelio i jednu diplomatsku anegdotu. U jednom intervjuu Čepurinpodelio je i svoje iskustvo sa učenjem našeg jezika: 🇷🇺 Интервью @AVChepurin и Наталии Чепуриной @rs_sputnik 🇷🇸 Интервју амбасадора Александра Чепурина и Наталије Чепурине за "Спутњик" 🔗 https://t.co/jIeGk1C8lp pic.twitter.com/A8f4i4M11H Progovorio je i o čuvenom "srpskom inatu": Niko do sada beogradskom Pobedniku nije prišao BLIŽE: Neverovatni detalji koje dosad niste mogli da vidite (VIDEO)</article-text><article-text-transliterated> Aleksandar Čepurin otkrio je šta je za godine provedene u Srbiji naučio o našem narodu, a tom prilikom je podelio i jednu diplomatsku anegdotu. U jednom intervjuu Čepurinpodelio je i svoje iskustvo sa učenjem našeg jezika: 🇷🇺 Intervью @AVChepurin i Natalii Čepurinoй @rs_sputnik 🇷🇸 Intervju ambasadora Aleksandra Čepurina i Natalije Čepurine za "Sputnjik" 🔗 https://t.co/jIeGk1C8lp pic.twitter.com/A8f4i4M11H Progovorio je i o čuvenom "srpskom inatu": Niko do sada beogradskom Pobedniku nije prišao BLIŽE: Neverovatni detalji koje dosad niste mogli da vidite (VIDEO)</article-text-transliterated><comment-list /></article><comments><comment-count>0</comment-count></comments></document>