<document global_id="sr-08-180"><url>https://www.srbijadanas.com/muskarac/ludo-burazeru/nije-sramota-zaplakati-pogledajte-novogodisnju-reklamu-koja-je-raspametila-svet-video-2016-12-21</url><source-id>08</source-id><local-id>180</local-id><source-name>srbijadanas</source-name><article><article-title>NIJE SRAMOTA ZAPLAKATI... Pogledajte NOVOGODIŠNJU reklamu koja je raspametila SVET! (VIDEO) </article-title><article-time>2016-12-21</article-time><article-author>Srbija Danas</article-author><article-text> Reklame su odavno postale forma umetnosti. Da bi se prodao neki proizvod, marketinški stručnjaci moraju dobro da se potrude. Ova reklama stiže iz Poljske i svojom jednostavnom toplinom osvojila je srca mnogih. Dakle, deluje da je simpatični deka odlučio tek tako da pod stare dane uči engleski jezik, međutim, ništa nije slučajno... odvojite tri minuta i pogledajte, vredi. Setite svojih bližnjih i posvetite im pažnju: Pogledajte OVDE kako danas izgleda lepa Danica iz "Lajanja na zvezde". </article-text><article-text-transliterated> Reklame su odavno postale forma umetnosti. Da bi se prodao neki proizvod, marketinški stručnjaci moraju dobro da se potrude. Ova reklama stiže iz Poljske i svojom jednostavnom toplinom osvojila je srca mnogih. Dakle, deluje da je simpatični deka odlučio tek tako da pod stare dane uči engleski jezik, međutim, ništa nije slučajno... odvojite tri minuta i pogledajte, vredi. Setite svojih bližnjih i posvetite im pažnju: Pogledajte OVDE kako danas izgleda lepa Danica iz "Lajanja na zvezde". </article-text-transliterated><comment-list /></article><comments><comment-count>0</comment-count></comments></document>