<document global_id="sr-08-73"><url>https://www.srbijadanas.com/vip/vip/plivaju-u-milionima-pobegli-iz-skole-ovo-su-danasnje-svetske-zvezde-nemaju-osnovno-obrazovanje-2019-12-10</url><source-id>08</source-id><local-id>73</local-id><source-name>srbijadanas</source-name><article><article-title>PLIVAJU U MILIONIMA - A POBEGLI IZ ŠKOLE? Ovo su današnje SVETSKE ZVEZDE, a nemaju OSNOVNO OBRAZOVANJE </article-title><article-time>2019-12-10</article-time><article-author>Srbija Danas/Kurir</article-author><article-text> Obrazovanje nije uvek garancija uspeha. To potvrđuju i mnoge poznate ličnosti koje nisu završile sredju školu, a danas "plivaju" u milionima i svetski su poznate. Tako je glumica Dženifer Lorens napustila srednju školu kada je imala 14 godina. Jedna od najplaćenijih glumica Holivuda Dženifer Lorens pristala je da se uda za Kuka Maronija, vlasnika njujorške umetničke galerije, posle samo osam meseci veze #DzeniferLorens #Udaja #Gloria #NoviBroj A post shared by  Gloria Magazin Srbija (@gloriamagazinsrbija) on Feb 14, 2019 at 11:19am PST Heri Stajls je takođe odustao od srednje škole kada je imao 16 godina i to zbog audicije za Iks Faktor nakon čega je postao član benda "One direction". Žizel Bundšen, brazilska manekenka, napustila je srednju školu kada je imala 14 godina da bi nastavila karijeru modela. Uprkos tome, Žizel govori pet jezika. Nikol Kidman nije završila srednju školu kako bi nastavila glumačku karijeru. Počela je da radi u pozorištu, a sa 16 godina snimala je i filmove. #zizelbundchen#model#beauty#zizel#blackwhite A post shared by  M\\R\\ Bloggerose🌹 (@m__r__bloggerose) on Mar 1, 2015 at 12:11pm PST Rijana je napustila srednju školu sa 16 godina, preselila se u Ameriku kada je imala 17 godina, gde je potpisala muzički ugovor s diskografskom kućom Def Jam. Robert Dauni Džunior nikada nije bio dobar učenik. Otac mu je dao ultimatum da svaki dan ide u školu ili da pronađe posao. Odustao je u 15. godini. ηєση вєαυту ☆ ☆ #rihanna #rihana #rihannah #riri #iloverihanna #neon #neonmakeup #makeup #robynrihannafenty #rihannafenty #fenty #fentybeauty #badgalriri #rihannanavy #rihannasnavy #rihannanavi #navy #navi #rihannaqueen #loverihanna #rihannalove #rihannadaily #rihannanews #rihannasexy #fashion #style #icon #iconic #beauty #classic A post shared by  ☆ ROBYN RIHANNA FENTY ☆ (@badgalrihanna_fenty) on Nov 10, 2019 at 2:23pm PST Džoni Dep imao je 15 godina kada je napustio srednju školu. San mu je bio da postane poznati rok muzičar. Džej Zi je odustao je od srednje škole kako bi radio. Bavio se prodajom narkotika, a tek potom postao muzička zvezda. #johnnydepp #naocare #eyeglasses #dzonidep #hollywood A post shared by  OPTIKA P E R L A 👓🕶️ 👀 (@optika_perla) on Nov 3, 2016 at 1:51pm PDT Kijanu Rivs je napustio školu sa 17 godina, jer se nikada nije uklopio. Imao je sukobe s nastavnicima i direktorom. Vupi Goldberg je napustila školu kada je imala 16 godina. Kao razlog za ovaj postupak navela je teško detinjstvo, nekoliko brakova i zavisnost o drogama. A post shared by PRess Serbia (@pressserbia) on Jun 16, 2019 at 3:51am PDT Tom Kruz je napustio srednju školu kako bi postao glumac u Njujorku. Pre toga, dok je bio dete, želeo je da bude sveštenik. Kventin Tarantino je želeo da nastavi filmsku karijeru i zbog toga je odustao od srednje škole kada je imao 15 godina. Imao je IQ 160. A post shared by О ЖЕНСКОМ СЧАСТЬЕ (@gala_cosmos) on Sep 21, 2019 at 10:08am PDT Danijel Redklif odlučio je da se odmori od škole kada je imao 17 godina kako bi se usredsredio na svoju glumačku karijeru. Nije se vratio u školu. Rajan Gosling napustio je srednju školu kada je imao 17 godina. #danielredcliffe #danielradcliffe #harrypotter #potterheads A post shared by  Daniel Redcliffe (@danielredcliffe009) on Nov 29, 2019 at 10:20pm PST Zvezde koje nisu završile srednju školu su i Džon Travolta, Džim Keri, Avril Lavin, Dru Barimor i Kati Peri, prenose američki mediji.</article-text><article-text-transliterated> Obrazovanje nije uvek garancija uspeha. To potvrđuju i mnoge poznate ličnosti koje nisu završile sredju školu, a danas "plivaju" u milionima i svetski su poznate. Tako je glumica Dženifer Lorens napustila srednju školu kada je imala 14 godina. Jedna od najplaćenijih glumica Holivuda Dženifer Lorens pristala je da se uda za Kuka Maronija, vlasnika njujorške umetničke galerije, posle samo osam meseci veze #DzeniferLorens #Udaja #Gloria #NoviBroj A post shared by  Gloria Magazin Srbija (@gloriamagazinsrbija) on Feb 14, 2019 at 11:19am PST Heri Stajls je takođe odustao od srednje škole kada je imao 16 godina i to zbog audicije za Iks Faktor nakon čega je postao član benda "One direction". Žizel Bundšen, brazilska manekenka, napustila je srednju školu kada je imala 14 godina da bi nastavila karijeru modela. Uprkos tome, Žizel govori pet jezika. Nikol Kidman nije završila srednju školu kako bi nastavila glumačku karijeru. Počela je da radi u pozorištu, a sa 16 godina snimala je i filmove. #zizelbundchen#model#beauty#zizel#blackwhite A post shared by  M\\R\\ Bloggerose🌹 (@m__r__bloggerose) on Mar 1, 2015 at 12:11pm PST Rijana je napustila srednju školu sa 16 godina, preselila se u Ameriku kada je imala 17 godina, gde je potpisala muzički ugovor s diskografskom kućom Def Jam. Robert Dauni Džunior nikada nije bio dobar učenik. Otac mu je dao ultimatum da svaki dan ide u školu ili da pronađe posao. Odustao je u 15. godini. ηєση vєαυtu ☆ ☆ #rihanna #rihana #rihannah #riri #iloverihanna #neon #neonmakeup #makeup #robynrihannafenty #rihannafenty #fenty #fentybeauty #badgalriri #rihannanavy #rihannasnavy #rihannanavi #navy #navi #rihannaqueen #loverihanna #rihannalove #rihannadaily #rihannanews #rihannasexy #fashion #style #icon #iconic #beauty #classic A post shared by  ☆ ROBYN RIHANNA FENTY ☆ (@badgalrihanna_fenty) on Nov 10, 2019 at 2:23pm PST Džoni Dep imao je 15 godina kada je napustio srednju školu. San mu je bio da postane poznati rok muzičar. Džej Zi je odustao je od srednje škole kako bi radio. Bavio se prodajom narkotika, a tek potom postao muzička zvezda. #johnnydepp #naocare #eyeglasses #dzonidep #hollywood A post shared by  OPTIKA P E R L A 👓🕶️ 👀 (@optika_perla) on Nov 3, 2016 at 1:51pm PDT Kijanu Rivs je napustio školu sa 17 godina, jer se nikada nije uklopio. Imao je sukobe s nastavnicima i direktorom. Vupi Goldberg je napustila školu kada je imala 16 godina. Kao razlog za ovaj postupak navela je teško detinjstvo, nekoliko brakova i zavisnost o drogama. A post shared by PRess Serbia (@pressserbia) on Jun 16, 2019 at 3:51am PDT Tom Kruz je napustio srednju školu kako bi postao glumac u Njujorku. Pre toga, dok je bio dete, želeo je da bude sveštenik. Kventin Tarantino je želeo da nastavi filmsku karijeru i zbog toga je odustao od srednje škole kada je imao 15 godina. Imao je IQ 160. A post shared by O ŽENSKOM SČASTЬE (@gala_cosmos) on Sep 21, 2019 at 10:08am PDT Danijel Redklif odlučio je da se odmori od škole kada je imao 17 godina kako bi se usredsredio na svoju glumačku karijeru. Nije se vratio u školu. Rajan Gosling napustio je srednju školu kada je imao 17 godina. #danielredcliffe #danielradcliffe #harrypotter #potterheads A post shared by  Daniel Redcliffe (@danielredcliffe009) on Nov 29, 2019 at 10:20pm PST Zvezde koje nisu završile srednju školu su i Džon Travolta, Džim Keri, Avril Lavin, Dru Barimor i Kati Peri, prenose američki mediji.</article-text-transliterated><comment-list /></article><comments><comment-count>0</comment-count></comments></document>