<document global_id="sr-08-278"><url>https://www.srbijadanas.com/zena/zdravlje/brzi-tekst-s-kasikom-otkrice-vam-mnogo-proverite-da-li-bolujete-od-ovih-bolesti-2018-03-16</url><source-id>08</source-id><local-id>278</local-id><source-name>srbijadanas</source-name><article><article-title>Brzi test s kašikom otkriće vam mnogo: PROVERITE da li bolujete od OVIH BOLESTI </article-title><article-time>2018-03-16</article-time><article-author>Srbija Danas</article-author><article-text> Ovaj jednostavan trik može da vam otkrije mnogo toga o vašem zdravlju. Sve što treba da uradite je sledeće: čistu supenu kašiku prislonite na jezik pa je malo protrljate. Nakon toga kašiku stavite u čistu providnu kesu i na minut je ostavite pod snop jakog svetla, bilo na suncu ili ispod lampe. Posle minuta možete da vidite u kakvom je stanju kašika, a na ove stvari treba da obratite pažnju: Ako nisu ostale nikakve mrlje i tragovi, a ne osećate ni nikakav miris, najverovatnije je sa vašim zdravljem sve u redu. Ako, s druge strane, osećate jak neprijatan miris, verovatno imate problem sa želucem ili plućima. Sladak miris pokazuje da verovatno bolujete od dijabetesa, a ako osećate amonijak, verovatno imate probleme sa bubrezima. Ako vidite bele ili žute mrlje u debljem sloju, vrlo je verovatno da se radi o poremećaju štitne žlezde. Kada je organizam u problemu telo šalje signale, naučite da ih prepoznate Ljubičasta mrlja pokazuje da patite od bronhitisa, slabe cirkulacije ili visokog holesterola, bela mrlja pokazuje da postoji mogućnost infekcije respiratornog sistema, dok je narandžasta signal za bolesti bubrega. Naravno, sve ove rezultate, ukoliko ih i vidite, obavezno treba javiti lekaru kako bi on postavio stručnu dijagnozu, a nikako je ne postavljati na svoju ruku.</article-text><article-text-transliterated> Ovaj jednostavan trik može da vam otkrije mnogo toga o vašem zdravlju. Sve što treba da uradite je sledeće: čistu supenu kašiku prislonite na jezik pa je malo protrljate. Nakon toga kašiku stavite u čistu providnu kesu i na minut je ostavite pod snop jakog svetla, bilo na suncu ili ispod lampe. Posle minuta možete da vidite u kakvom je stanju kašika, a na ove stvari treba da obratite pažnju: Ako nisu ostale nikakve mrlje i tragovi, a ne osećate ni nikakav miris, najverovatnije je sa vašim zdravljem sve u redu. Ako, s druge strane, osećate jak neprijatan miris, verovatno imate problem sa želucem ili plućima. Sladak miris pokazuje da verovatno bolujete od dijabetesa, a ako osećate amonijak, verovatno imate probleme sa bubrezima. Ako vidite bele ili žute mrlje u debljem sloju, vrlo je verovatno da se radi o poremećaju štitne žlezde. Kada je organizam u problemu telo šalje signale, naučite da ih prepoznate Ljubičasta mrlja pokazuje da patite od bronhitisa, slabe cirkulacije ili visokog holesterola, bela mrlja pokazuje da postoji mogućnost infekcije respiratornog sistema, dok je narandžasta signal za bolesti bubrega. Naravno, sve ove rezultate, ukoliko ih i vidite, obavezno treba javiti lekaru kako bi on postavio stručnu dijagnozu, a nikako je ne postavljati na svoju ruku.</article-text-transliterated><comment-list /></article><comments><comment-count>0</comment-count></comments></document>