<document global_id="sr-08-5"><url>https://www.srbijadanas.com/auto/noviteti/procurele-fotke-novi-hyundai-i20-izgleda-mnogo-bolje-od-svog-prethodnika-2020-02-06</url><source-id>08</source-id><local-id>5</local-id><source-name>srbijadanas</source-name><article><article-title>PROCURELE FOTKE: NOVI Hyundai i20 izgleda mnogo bolje od svog prethodnika </article-title><article-time>2020-02-06</article-time><article-author>Srbija Danas/B92</article-author><article-text> Hyundai je objavio dizajnerske crteže treće generacije i20 koja će imati premijeru početkom marta. Here's your first official preview of the new Hyundai i20 hatchback... https://t.co/jmg8VoiHCb pic.twitter.com/8F7HheU7QQ Iako skice dizajnera - koje proizvođači često objavljuju uoči premijere novog modela - daju pomalo iskrivljenu sliku automobila, evidentno je da će Hyundai i20 imati atraktivniji izgled u odnosu na aktuelnu generaciju ovog vozila. Kako navode iz korejske kompanije, novi i20 biće prvi model Hyundaija u Evropi na kome će biti primenjen takozvani "Sensuous Sportiness" dizajnerski jezik. U poređenju sa prethodnikom, Hyundai i20 treće generacije imaće naglašeni sportski imidž i dinamičniju pojavu na putu, ali da bismo stekli pravu sliku o ovom automobilu moraćemo ipak da sačekamo prve zvanične fotografije. To će se verovatno dogoditi i pre najavljene svetske premijere, zakazane za početak marta i ženevski auto-salon.</article-text><article-text-transliterated> Hyundai je objavio dizajnerske crteže treće generacije i20 koja će imati premijeru početkom marta. Here's your first official preview of the new Hyundai i20 hatchback... https://t.co/jmg8VoiHCb pic.twitter.com/8F7HheU7QQ Iako skice dizajnera - koje proizvođači često objavljuju uoči premijere novog modela - daju pomalo iskrivljenu sliku automobila, evidentno je da će Hyundai i20 imati atraktivniji izgled u odnosu na aktuelnu generaciju ovog vozila. Kako navode iz korejske kompanije, novi i20 biće prvi model Hyundaija u Evropi na kome će biti primenjen takozvani "Sensuous Sportiness" dizajnerski jezik. U poređenju sa prethodnikom, Hyundai i20 treće generacije imaće naglašeni sportski imidž i dinamičniju pojavu na putu, ali da bismo stekli pravu sliku o ovom automobilu moraćemo ipak da sačekamo prve zvanične fotografije. To će se verovatno dogoditi i pre najavljene svetske premijere, zakazane za početak marta i ženevski auto-salon.</article-text-transliterated><comment-list /></article><comments><comment-count>0</comment-count></comments></document>