<document global_id="sr-08-34"><url>https://www.srbijadanas.com/biz/posao/lepa-prica-iz-crne-gore-je-produzena-ruka-seljaka-njegovo-digitalno-selo-olaksalo-prodaju-proizvoda-2020-01-02</url><source-id>08</source-id><local-id>34</local-id><source-name>srbijadanas</source-name><article><article-title>PRIČA IZ CRNE GORE: On je produžena ruka seljaka, njegovo DIGITALNO SELO olakšalo prodaju proizvoda! </article-title><article-time>2020-01-02</article-time><article-author>Priče sa dušom</article-author><article-text> Rođen je u gradu i tamo je odrastao, ali je zahvaljujući užoj i široj porodici svaki raspust, praznike i određene vikende provodio na selu. Od 2015. do 2017. godine živeo je u Opasanici, gde je, kako kaže, aktivno učestvovao u životu jednog sela i zahvaljujući tom iskustvu stekao dobar pogled na poljoprivredu i na živote poljoprivrednika. Marko Maraš (29) je pre dve godine napravio sajt www.seljak.me koji na godišnjem nivou ima oko 680.000 poseta. Za sve ovo vreme preko sajta prodato je više od 15.000 grla krupne i sitne stoke, realizovano je nekoliko hiljada oglasa iz kategorije poljoprivredne mehanizacije, a više od 500 domaćih proizvoda je dobilo ili veći marketing, ili su prvi put izašli na tržište. Prvih godinu i po dana sve obaveze je završavao sam, od promocije sajta i terenskih poseta do ugovaranja saradnji i administracije sajta, a sada je tim pojačan sa troje saradnika. Po sistemu "svi rade sve" kaže da je vrlo teško definisati šta su čije obaveze, jer to zavisi od potreba poljoprivredne sezone koja je u toku. U crnogorskom selu Opasanici trenutno ima šest porodica koje su stalno tu, kao i dosta vikendaša. Kad pođe tamo, pored standardnih obaveza Marko voli da bere šumsko bilje i pečurke i trudi se da svaki slobodan trenutak iskoristi za boravak u šumi. To je za njega, kaže, najbolja terapija. Marko trenutno živi na relaciji Podgorica – Opasanica – ostala sela u Crnoj Gori. Sajt mu je jedini posao, s tim što postoji dosta obaveza i stvari treba da isprati da bi sajt dao dobre rezultate. Seljak.me je postao produžena ruka seljaka u gradu i pored oglašavanja, prosleđuju se važne informacije ljudima na selu, a pre godinu dana uveli su i prve pametne uređaje u poljoprivredi: gps ogrlice i senzore za teljenje. Prisustvuju raznim događajima i radionicama kako bi što bolje preneli važne informacije poljoprivrednicima i pokušali da unaprede poljoprivredu. Ljudi iz Markovog okruženja bili su malo začuđeni, bilo je i nepoverenja, pogotovo što je određeni broj poljoprivrednika imao negativna iskustva sa nakupcima i ostalim trgovcima, pa su po navici mislili da je ovo tome slično. Ali, priča mi Marko, upornost i rad su se isplatili, pa je nađen zajednički jezik. Marko je rođen 1990. godine, osnovnu i srednju školu završio je u Podgorici, a zatim je studirao u Švajcarskoj, Mađarskoj i u Crnoj Gori. Reč je o širokoj lepezi fakulteta, od ekonomije do produkcije, ali, kako kaže, nijedan nije doveo do kraja. Od malih nogu je počeo da putuje. U početku su to bile letnje škole jezika po Evropi, a sa 24 godine proputovao je veći deo Južne Amerike gde se bavio volontiranjem i provodio vreme u ruralnim područjima. Pitao sam ga da mi kaže zbog čega se ljudi sve više vraćaju prirodi?</article-text><article-text-transliterated> Rođen je u gradu i tamo je odrastao, ali je zahvaljujući užoj i široj porodici svaki raspust, praznike i određene vikende provodio na selu. Od 2015. do 2017. godine živeo je u Opasanici, gde je, kako kaže, aktivno učestvovao u životu jednog sela i zahvaljujući tom iskustvu stekao dobar pogled na poljoprivredu i na živote poljoprivrednika. Marko Maraš (29) je pre dve godine napravio sajt www.seljak.me koji na godišnjem nivou ima oko 680.000 poseta. Za sve ovo vreme preko sajta prodato je više od 15.000 grla krupne i sitne stoke, realizovano je nekoliko hiljada oglasa iz kategorije poljoprivredne mehanizacije, a više od 500 domaćih proizvoda je dobilo ili veći marketing, ili su prvi put izašli na tržište. Prvih godinu i po dana sve obaveze je završavao sam, od promocije sajta i terenskih poseta do ugovaranja saradnji i administracije sajta, a sada je tim pojačan sa troje saradnika. Po sistemu "svi rade sve" kaže da je vrlo teško definisati šta su čije obaveze, jer to zavisi od potreba poljoprivredne sezone koja je u toku. U crnogorskom selu Opasanici trenutno ima šest porodica koje su stalno tu, kao i dosta vikendaša. Kad pođe tamo, pored standardnih obaveza Marko voli da bere šumsko bilje i pečurke i trudi se da svaki slobodan trenutak iskoristi za boravak u šumi. To je za njega, kaže, najbolja terapija. Marko trenutno živi na relaciji Podgorica – Opasanica – ostala sela u Crnoj Gori. Sajt mu je jedini posao, s tim što postoji dosta obaveza i stvari treba da isprati da bi sajt dao dobre rezultate. Seljak.me je postao produžena ruka seljaka u gradu i pored oglašavanja, prosleđuju se važne informacije ljudima na selu, a pre godinu dana uveli su i prve pametne uređaje u poljoprivredi: gps ogrlice i senzore za teljenje. Prisustvuju raznim događajima i radionicama kako bi što bolje preneli važne informacije poljoprivrednicima i pokušali da unaprede poljoprivredu. Ljudi iz Markovog okruženja bili su malo začuđeni, bilo je i nepoverenja, pogotovo što je određeni broj poljoprivrednika imao negativna iskustva sa nakupcima i ostalim trgovcima, pa su po navici mislili da je ovo tome slično. Ali, priča mi Marko, upornost i rad su se isplatili, pa je nađen zajednički jezik. Marko je rođen 1990. godine, osnovnu i srednju školu završio je u Podgorici, a zatim je studirao u Švajcarskoj, Mađarskoj i u Crnoj Gori. Reč je o širokoj lepezi fakulteta, od ekonomije do produkcije, ali, kako kaže, nijedan nije doveo do kraja. Od malih nogu je počeo da putuje. U početku su to bile letnje škole jezika po Evropi, a sa 24 godine proputovao je veći deo Južne Amerike gde se bavio volontiranjem i provodio vreme u ruralnim područjima. Pitao sam ga da mi kaže zbog čega se ljudi sve više vraćaju prirodi?</article-text-transliterated><comment-list /></article><comments><comment-count>0</comment-count></comments></document>