<document global_id="sr-08-201"><url>https://www.srbijadanas.com/vesti/info/srbija-poslala-francuskoj-zahtev-za-izrucenje-haradinaja-2017-01-10</url><source-id>08</source-id><local-id>201</local-id><source-name>srbijadanas</source-name><article><article-title>MINISTARSTVO PRAVDE REAGOVALO: Srbija poslala Francuskoj zahtev za izručenje Haradinaja </article-title><article-time>2017-01-10</article-time><article-author>Srbija Danas</article-author><article-text> Ministarstvo pravde Srbije poslalo je Francuskoj zahtev za izručenje Ramuša Haradinaja. Uz zahtev za izručenje poslata je i prateća dokumentacija prevedena na fransuski jezik na osnovu koje će francusko pravosuđe odlučivati o ispunjenosti uslova za izručenje Haradinaja Srbiji. Francuski apelacioni sud je odlučio da će Ramuš Haradinaj ostati u pritvoru dok Srbija ne bude uputila zvaničan zahtev za izručenje, preneo je Rojters. Podsećamo, Srbija tereti Haradinaja zbog ubistava i teških zločina na Kosovu i Metohiji tokom 1998, 1999. Haradinaj se nalazi u pritvoru u Francuskoj, a prethodno je uhapšen u Sloveniji.</article-text><article-text-transliterated> Ministarstvo pravde Srbije poslalo je Francuskoj zahtev za izručenje Ramuša Haradinaja. Uz zahtev za izručenje poslata je i prateća dokumentacija prevedena na fransuski jezik na osnovu koje će francusko pravosuđe odlučivati o ispunjenosti uslova za izručenje Haradinaja Srbiji. Francuski apelacioni sud je odlučio da će Ramuš Haradinaj ostati u pritvoru dok Srbija ne bude uputila zvaničan zahtev za izručenje, preneo je Rojters. Podsećamo, Srbija tereti Haradinaja zbog ubistava i teških zločina na Kosovu i Metohiji tokom 1998, 1999. Haradinaj se nalazi u pritvoru u Francuskoj, a prethodno je uhapšen u Sloveniji.</article-text-transliterated><comment-list><comments comment-id="1"><comment-parent-id>empty</comment-parent-id><comment-text>Haradniju se mora suditi u Srbiji.</comment-text><comment-text-transliterated>Haradniju se mora suditi u Srbiji.</comment-text-transliterated></comments></comment-list></article><comments><comment-count>1</comment-count></comments></document>