<document global_id="sr-08-138"><url>https://www.srbijadanas.com/clanak/nije-htela-da-procita-dokument-napisan-cirilicom-28-07-2015</url><source-id>08</source-id><local-id>138</local-id><source-name>srbijadanas</source-name><article><article-title>LEPA I BAHATA: Albanska poslanica odbila predlog na ĆIRILICI, Srbi traže izvinjenje </article-title><article-time>28-07-2015</article-time><article-author>Tanjug</article-author><article-text> Jevtić je članovima Saveta za besplatnu pravnu pomoć predao dokument napisan ćiriličnim pismom koji sadrži predloge za pravnu pomoć, navodi se u saopštenju Ministarstva za zajednice i povratak. Hadžiu, koja je poslanica Pokreta Samoopredeljenje, odložila je ovu tačku dnevnog reda i zatražila dodatno pravno tumačenje. Podsećajući da su po Zakonu o upotrebi jezika na Kosovu, albanski i srpski službeni jezici i imaju ravnopravan status u institucijama, Jevtić je pozvao nadležne na sprovođenje sopstvenog zakona.  Ministar za zajednice i povratak naglašava da kosovskim poslanicima uopšte "ne bi bilo čudno da vide dokument na srpskom jeziku pisan ćiriličnim pismom kada bi se i u svojim opštinama ili gradovima u kojima žive poštovalo pravo na jezik garantovano za to predviđenim zakonskim aktima", stoji u saopštenju Jevtića. </article-text><article-text-transliterated> Jevtić je članovima Saveta za besplatnu pravnu pomoć predao dokument napisan ćiriličnim pismom koji sadrži predloge za pravnu pomoć, navodi se u saopštenju Ministarstva za zajednice i povratak. Hadžiu, koja je poslanica Pokreta Samoopredeljenje, odložila je ovu tačku dnevnog reda i zatražila dodatno pravno tumačenje. Podsećajući da su po Zakonu o upotrebi jezika na Kosovu, albanski i srpski službeni jezici i imaju ravnopravan status u institucijama, Jevtić je pozvao nadležne na sprovođenje sopstvenog zakona.  Ministar za zajednice i povratak naglašava da kosovskim poslanicima uopšte "ne bi bilo čudno da vide dokument na srpskom jeziku pisan ćiriličnim pismom kada bi se i u svojim opštinama ili gradovima u kojima žive poštovalo pravo na jezik garantovano za to predviđenim zakonskim aktima", stoji u saopštenju Jevtića. </article-text-transliterated><comment-list /></article><comments><comment-count>0</comment-count></comments></document>