<document global_id="sr-08-42"><url>https://www.srbijadanas.com/vip/vip/otvorila-dusu-jelisaveta-orasanin-otkrila-je-da-je-bila-na-vantelesnoj-oplodnji-o-jos-jednoj-prinovi-2020-02-07</url><source-id>08</source-id><local-id>42</local-id><source-name>srbijadanas</source-name><article><article-title>LJUDE JE SRAMOTA DA GOVORE O TOME Jelisaveta BEZ BLAMA o BRAČNOJ INTIMI sa Teom! Otkrila PORODIČNU TAJNU </article-title><article-time>2020-02-07</article-time><article-author>Srbija Danas/Informer</article-author><article-text> Jelisaveta Orašanin otkrila da su ona i Miloš Teodosić pomoću vantelesne oplodnje dobili ćerku Petru. Glumica i košarkaš venčali su se u junu 2017. i želeli su što pre da postanu roditelji, a ta želja im se ostvarila pre godinu dana. A post shared by Jelisaveta Orašanin Teodosić (@jagodenamagli) on Dec 6, 2019 at 7:38am PST Jelisaveta je spremna da ponovo ode na vantelesnu oplodnju. A post shared by Jelisaveta Orašanin Teodosić (@jagodenamagli) on Jan 12, 2020 at 6:59am PST Jelisaveta se sa ćerkom Petrom i mužem Milošem preselila u Bolonju, gde košarkaš igra za klub Virtus. A post shared by Jelisaveta Orašanin Teodosić (@jagodenamagli) on Dec 24, 2019 at 6:10am PST A kada ne putuje, glumica uči jezike: italijanski, zbog muža, a ruski zbog posla. A post shared by Jelisaveta Orašanin Teodosić (@jagodenamagli) on Dec 15, 2019 at 11:10am PST Jelisaveta se osvrnula i na početak ljubavi sa košarkašem, koga je upoznala još dok je bila u vezi sa Vukom Kostićem a on sa Anastasijom Ražnatović. A post shared by Jelisaveta Orašanin Teodosić (@jagodenamagli) on Dec 9, 2016 at 7:01am PST</article-text><article-text-transliterated> Jelisaveta Orašanin otkrila da su ona i Miloš Teodosić pomoću vantelesne oplodnje dobili ćerku Petru. Glumica i košarkaš venčali su se u junu 2017. i želeli su što pre da postanu roditelji, a ta želja im se ostvarila pre godinu dana. A post shared by Jelisaveta Orašanin Teodosić (@jagodenamagli) on Dec 6, 2019 at 7:38am PST Jelisaveta je spremna da ponovo ode na vantelesnu oplodnju. A post shared by Jelisaveta Orašanin Teodosić (@jagodenamagli) on Jan 12, 2020 at 6:59am PST Jelisaveta se sa ćerkom Petrom i mužem Milošem preselila u Bolonju, gde košarkaš igra za klub Virtus. A post shared by Jelisaveta Orašanin Teodosić (@jagodenamagli) on Dec 24, 2019 at 6:10am PST A kada ne putuje, glumica uči jezike: italijanski, zbog muža, a ruski zbog posla. A post shared by Jelisaveta Orašanin Teodosić (@jagodenamagli) on Dec 15, 2019 at 11:10am PST Jelisaveta se osvrnula i na početak ljubavi sa košarkašem, koga je upoznala još dok je bila u vezi sa Vukom Kostićem a on sa Anastasijom Ražnatović. A post shared by Jelisaveta Orašanin Teodosić (@jagodenamagli) on Dec 9, 2016 at 7:01am PST</article-text-transliterated><comment-list /></article><comments><comment-count>0</comment-count></comments></document>