<document global_id="sr-08-62"><url>https://www.srbijadanas.com/vesti/drustvo/seme-ti-krvavo-evo-zasto-srbi-psuju-i-oca-i-majku-i-boga-i-krv-i-narod-i-sve-sto-stignu-2019-12-23</url><source-id>08</source-id><local-id>62</local-id><source-name>srbijadanas</source-name><article><article-title>"SEME TI KRVAVO...!" Evo zašto Srbi psuju i oca, i majku, i Boga, i krv, i narod, i sve što stignu </article-title><article-time>2019-12-23</article-time><article-author>Srbija Danas/Blic</article-author><article-text> Srpske psovke su, zaista, bogate, a kako i ne bi bile, kada često imaju sva dobra i religioznog i zemaljskog sveta: Boga, sveca, zemlju, sunce, majku, narod, krv... Na prvi pogled nespojiva veza postaje neraskidiva na usnama mnogih stanovnika ovog podneblja. Prosto da se i prosti ljudi zapitaju kako i zbog čega su polne radnje i opšta dobra stavili u istu rečenicu?! Profesorka Marina Nikolić sa Instituta za srpski jezik SANU ističe da se ne može sa sigurnošću tvrditi kada su i kako nastale prve psovke u srpskom jeziku. Kako kaže, psovke pripadaju najstarijim jezičkim izrazima, a interesantno je kako one opstaju. Mi Srbi umemo da se hvalimo da smo najstariji narod na svetu, pa zašto se ne bismo busali u grudi da nam je i jezik najprostiji, a psovke najkreativnije. Ipak, sagovornica ne deli to mišljenje. Kako kaže, psovke se nazivaju vulgarizmima, a to je opšti naziv za sva ona sredstava koja unižavaju sagovornika i vređaju njegovo dostojanstvo. Objekat psovke je različit, ali je cilj uglavnom sličan. U takvim se primerima vrlo jasno vidi da je suština upućivanja psovke nekome - pogoditi tu osobu u tačku koja se doživljava kao najranjivije mesto u emotivnom i duhovnom svetu pojedinca i svojoj ozlojeđenosti dati što brutalniju formu. Krajnji stepen te brutalnosti nalazimo u psovkama u kojima se nečija egzistencija poništava njegovim vraćanjem u vreme pre rođenja ili začeća: "marš u pi*ku materinu" i "idi u ku*ac". Iako tih značenjskih slojeva psovki nismo uvek svesni kada psovku izgovaramo, oni nam pokazuju da su psovke duboko povezane sa kletvama i drevnim verovanjima u magijsku moć jezika - objašnjava Vanja Miljković, istraživač saradnik na Institutu za srpski jezik SANU. Vanja Miljković naglašava kako osećaj da se danas psuje više nego ikad može biti deo popularnog mita o sadašnjosti kao vremenu najveće pokvarenosti jezika. Ipak, bez obzira na to što se psovke sve urednije beleže, gotovo je nemoguće reći sa kolikim "pljuvačkim arsenalom" Srbi raspolažu. Da psovanje samo po sebi ne mora biti negativno, pokazalo je jedno istraživanje pre dve godine u kojem su učestvovali Britanci i Japanci. Mnogi smatraju da je vulgarnost u jeziku obrnuto proporcionalna stepenu obrazovanja, odnosno da školovaniji ljudi manje psuju. Međutim, profesorka Marina Nikolić s Instituta za srpski jezik SANU podvlači da je to samo predrasuda. Kad je Borislav Pekić, vanredni poznavalac srpskih karaktera, pisao Zlatno runo, naveo je više stotina srpskih, cincarskih, grčkih i drugih psovki. Opisujući odbranu Beograda, Pekić uvodi lik trećepozivca, čoveka iz naroda, koji psuje "majku švapsku". Zašto se, međutim, psuje i kad smo veseli, srećni, zadovoljni? Psovkama se, izgleda, najbrže juri đavo. Pominje se Bog, sunce, krv. Često se vređaju majke i sestre. Nabraja se sve po zamišljenom spisku, izjednačuju ljudi i životinje. Kornjača je Mara, a komšinica Mara je kornjača. Gušterčić je Mile, a Mile iz susedstva aligator. Prase na filmu je Gile, a prljavo dete prase. Psuje se na svim jezicima sveta. Negde su psovke toliko blage, da ih ne bismo ni primetili. Na srpskom su, možda, najsočnije. Jedan drski glagol se često upotrebljava, a prvobitno je značio duvanje vetra. Tako junak u filmu "Marš na Drinu" psuje Drinu. Desanka Maksimović kaže da naši čobani (gradski i seoski) psuju da ti prsne bubna opna, a Vladan Desnica veli da mu je iz škole i zadarske ulice ostala doživotna navika da na tom jeziku psuje. Srpski jezik, dakle, nije pogodan samo za poeziju, filozofiju, nauku, religiju, već i za vulgarne namene. Sergej Jesenjin veli: Nek ide sve u p...ivsku flašu. Najblaže rečeno nepristojne reči uredno je sakupljao i objavio otac azbuke Vuk Stefanović Karadžić što je tada, početkom 19. veka, izazvalo žestoke reakcije javnosti. - U prvom izdanju Vukovog rečnika iz 1818. godine možemo naći sve vulgarne reči koje čine psovke - je*ati, ku*ac, pi*ka, s*ati i slično. A zatim su te reči, pod pritiskom tadašnje javnosti, izbačene iz narednih izdanja Vukovog rečnika. I sam glagol psovati, kako nas o tome obaveštavaju etimolozi, potiče iz praslovenskog jezika, što svedoči o izuzetnoj starini psovanja kao oblika govornog ponašanja. Praslovenski glagol psovati mogao je značiti "ponašati se kao pas" ili "nazivati nekoga psom", što pokazuje da je svođenje čoveka na životinju jedan od najstarijih načina jezičkog unižavanja. I danas su aktuelne psovke kao "je*o ti pas mater" – objašnjava Vanja Miljković, istraživač saradnik na Institutu za srpski jezik. U teškim vremenima psovalo se teško, nadahnuto, sa punim životnim pokrićem. Često i nenadano šaljivo. Šala je i u prevarenom očekivanju: Idi u tri... vrati se u četiri. Takve su psovke s imperativom idi: u peršun, u kupus, u kačamak, u podvarak, niz Kalemegdan... I naš javni život je pun psovki. Ne samo u rijaliti programima već i, nedopustivo, u Skupštini. Jedan od političara je postao čak predsednik države uprkos psovkama. Drugi, izgleda, čekaju u dugačkom redu. Kako mladi danas psuju? Uglavnom nesnalažljivo. I za to je potreban talenat i načitanost. U želji da glume odrasle, mladi, po svedočenjima, najčešće psuju majku i sestru. Naglašavaju usta, oči, zadnjicu... Psovka je, uglavnom lažno, samopredstavljanje da smo neko drugi. Najčešće se iza nje krije muka, nevolja, ali i kukavičluk, samohvalisavost, retko hrabrost. Ponekad to pređe u naviku i ustali se kao poštapalica. Svet savremene umetnosti, najpre pozorišta, filma i književnosti, takođe, pun je psovki. Publika se ponekad smeje, ali ne zato što je to zanimljivo već je, po Frojdu, zadovoljna što i ona nije napravila takvu glupost. Izražavanje osećanja obasipanjem psovkama govori o gubljenju razuma. Ipak, teško da će psovka ikada ustupiti mesto pristojnijem izražavanju. Psovki će uvek biti, ali to ne znači da ne treba nastojati da ih bude manje. Ko psuje, uvek doliva ulje na vatru. A ulje je na vatri uvek opasno, makar bilo reči i o pravom podvarku.</article-text><article-text-transliterated> Srpske psovke su, zaista, bogate, a kako i ne bi bile, kada često imaju sva dobra i religioznog i zemaljskog sveta: Boga, sveca, zemlju, sunce, majku, narod, krv... Na prvi pogled nespojiva veza postaje neraskidiva na usnama mnogih stanovnika ovog podneblja. Prosto da se i prosti ljudi zapitaju kako i zbog čega su polne radnje i opšta dobra stavili u istu rečenicu?! Profesorka Marina Nikolić sa Instituta za srpski jezik SANU ističe da se ne može sa sigurnošću tvrditi kada su i kako nastale prve psovke u srpskom jeziku. Kako kaže, psovke pripadaju najstarijim jezičkim izrazima, a interesantno je kako one opstaju. Mi Srbi umemo da se hvalimo da smo najstariji narod na svetu, pa zašto se ne bismo busali u grudi da nam je i jezik najprostiji, a psovke najkreativnije. Ipak, sagovornica ne deli to mišljenje. Kako kaže, psovke se nazivaju vulgarizmima, a to je opšti naziv za sva ona sredstava koja unižavaju sagovornika i vređaju njegovo dostojanstvo. Objekat psovke je različit, ali je cilj uglavnom sličan. U takvim se primerima vrlo jasno vidi da je suština upućivanja psovke nekome - pogoditi tu osobu u tačku koja se doživljava kao najranjivije mesto u emotivnom i duhovnom svetu pojedinca i svojoj ozlojeđenosti dati što brutalniju formu. Krajnji stepen te brutalnosti nalazimo u psovkama u kojima se nečija egzistencija poništava njegovim vraćanjem u vreme pre rođenja ili začeća: "marš u pi*ku materinu" i "idi u ku*ac". Iako tih značenjskih slojeva psovki nismo uvek svesni kada psovku izgovaramo, oni nam pokazuju da su psovke duboko povezane sa kletvama i drevnim verovanjima u magijsku moć jezika - objašnjava Vanja Miljković, istraživač saradnik na Institutu za srpski jezik SANU. Vanja Miljković naglašava kako osećaj da se danas psuje više nego ikad može biti deo popularnog mita o sadašnjosti kao vremenu najveće pokvarenosti jezika. Ipak, bez obzira na to što se psovke sve urednije beleže, gotovo je nemoguće reći sa kolikim "pljuvačkim arsenalom" Srbi raspolažu. Da psovanje samo po sebi ne mora biti negativno, pokazalo je jedno istraživanje pre dve godine u kojem su učestvovali Britanci i Japanci. Mnogi smatraju da je vulgarnost u jeziku obrnuto proporcionalna stepenu obrazovanja, odnosno da školovaniji ljudi manje psuju. Međutim, profesorka Marina Nikolić s Instituta za srpski jezik SANU podvlači da je to samo predrasuda. Kad je Borislav Pekić, vanredni poznavalac srpskih karaktera, pisao Zlatno runo, naveo je više stotina srpskih, cincarskih, grčkih i drugih psovki. Opisujući odbranu Beograda, Pekić uvodi lik trećepozivca, čoveka iz naroda, koji psuje "majku švapsku". Zašto se, međutim, psuje i kad smo veseli, srećni, zadovoljni? Psovkama se, izgleda, najbrže juri đavo. Pominje se Bog, sunce, krv. Često se vređaju majke i sestre. Nabraja se sve po zamišljenom spisku, izjednačuju ljudi i životinje. Kornjača je Mara, a komšinica Mara je kornjača. Gušterčić je Mile, a Mile iz susedstva aligator. Prase na filmu je Gile, a prljavo dete prase. Psuje se na svim jezicima sveta. Negde su psovke toliko blage, da ih ne bismo ni primetili. Na srpskom su, možda, najsočnije. Jedan drski glagol se često upotrebljava, a prvobitno je značio duvanje vetra. Tako junak u filmu "Marš na Drinu" psuje Drinu. Desanka Maksimović kaže da naši čobani (gradski i seoski) psuju da ti prsne bubna opna, a Vladan Desnica veli da mu je iz škole i zadarske ulice ostala doživotna navika da na tom jeziku psuje. Srpski jezik, dakle, nije pogodan samo za poeziju, filozofiju, nauku, religiju, već i za vulgarne namene. Sergej Jesenjin veli: Nek ide sve u p...ivsku flašu. Najblaže rečeno nepristojne reči uredno je sakupljao i objavio otac azbuke Vuk Stefanović Karadžić što je tada, početkom 19. veka, izazvalo žestoke reakcije javnosti. - U prvom izdanju Vukovog rečnika iz 1818. godine možemo naći sve vulgarne reči koje čine psovke - je*ati, ku*ac, pi*ka, s*ati i slično. A zatim su te reči, pod pritiskom tadašnje javnosti, izbačene iz narednih izdanja Vukovog rečnika. I sam glagol psovati, kako nas o tome obaveštavaju etimolozi, potiče iz praslovenskog jezika, što svedoči o izuzetnoj starini psovanja kao oblika govornog ponašanja. Praslovenski glagol psovati mogao je značiti "ponašati se kao pas" ili "nazivati nekoga psom", što pokazuje da je svođenje čoveka na životinju jedan od najstarijih načina jezičkog unižavanja. I danas su aktuelne psovke kao "je*o ti pas mater" – objašnjava Vanja Miljković, istraživač saradnik na Institutu za srpski jezik. U teškim vremenima psovalo se teško, nadahnuto, sa punim životnim pokrićem. Često i nenadano šaljivo. Šala je i u prevarenom očekivanju: Idi u tri... vrati se u četiri. Takve su psovke s imperativom idi: u peršun, u kupus, u kačamak, u podvarak, niz Kalemegdan... I naš javni život je pun psovki. Ne samo u rijaliti programima već i, nedopustivo, u Skupštini. Jedan od političara je postao čak predsednik države uprkos psovkama. Drugi, izgleda, čekaju u dugačkom redu. Kako mladi danas psuju? Uglavnom nesnalažljivo. I za to je potreban talenat i načitanost. U želji da glume odrasle, mladi, po svedočenjima, najčešće psuju majku i sestru. Naglašavaju usta, oči, zadnjicu... Psovka je, uglavnom lažno, samopredstavljanje da smo neko drugi. Najčešće se iza nje krije muka, nevolja, ali i kukavičluk, samohvalisavost, retko hrabrost. Ponekad to pređe u naviku i ustali se kao poštapalica. Svet savremene umetnosti, najpre pozorišta, filma i književnosti, takođe, pun je psovki. Publika se ponekad smeje, ali ne zato što je to zanimljivo već je, po Frojdu, zadovoljna što i ona nije napravila takvu glupost. Izražavanje osećanja obasipanjem psovkama govori o gubljenju razuma. Ipak, teško da će psovka ikada ustupiti mesto pristojnijem izražavanju. Psovki će uvek biti, ali to ne znači da ne treba nastojati da ih bude manje. Ko psuje, uvek doliva ulje na vatru. A ulje je na vatri uvek opasno, makar bilo reči i o pravom podvarku.</article-text-transliterated><comment-list /></article><comments><comment-count>0</comment-count></comments></document>