<document global_id="sr-08-163"><url>https://www.srbijadanas.com/zena/vesti/iscupao-joj-jezik-zamalo-ali-nije-najgore-mislila-je-da-je-onaj-pravi-sve-dok-nije-popio-video-2016-12-07</url><source-id>08</source-id><local-id>163</local-id><source-name>srbijadanas</source-name><article><article-title>IŠČUPAO JOJ JEZIK ZAMALO, ALI TO NIJE NAJGORE: Mislila je da je on onaj pravi, sve dok nije popio (VIDEO) </article-title><article-time>2016-12-07</article-time><article-author>Srbija Danas </article-author><article-text> U zrelim godinama, kada uđete u vezu mislite da je to ozbiljno i svog partnera gledate kao osobu za zajednički život. Tako je razmišljala i 25-godišnja Karli Heger iz Los Anđelesa, sigurno tvrdeći da je Rajan njen princ na belom konju. Međutim... Vremenom su se upoznavali i mislili da su stvoreni jedno za drugo. Sve dok nisu prisustvovali jednom venčanju, na kojem je on odjednom počeo da je vređa. Okidač je bio alkohol. Uveče, kada su otišli kući, Karli nije ni slutila da će to veče promeniti njen život iz korena.  Samo što su krenuli na spavanje, Rajan je zaključao stan i počeo nenormalno da je udara. Ubrzo su to čule košmije, koje su uspele da upadnu u stan i da ga odvajaju od nje. Međutim, Rajan je uspeo da ih istera i da nastavi sa batinama. Brutalno je pokušavao da joj odseče jezik. Jedva je preživela tu noć. Dugo joj je trebalo da progovorio o ovome, ali kada je to učinila - tužila je Rajana za nasilje, strpavši ga u zatvor u kojem se i dan-danas nalazi. Sklonila je sram i poniženje sa strane i ispričala sve u medijima samo iz jednog razloga. Želela je da osvesti žene. Da ih upozori da, ako žele sa nekim zajednički život, moraju dobro da procene partnera i da se ne žure, jer nisu svi muškarci onakvi kako se čine.</article-text><article-text-transliterated> U zrelim godinama, kada uđete u vezu mislite da je to ozbiljno i svog partnera gledate kao osobu za zajednički život. Tako je razmišljala i 25-godišnja Karli Heger iz Los Anđelesa, sigurno tvrdeći da je Rajan njen princ na belom konju. Međutim... Vremenom su se upoznavali i mislili da su stvoreni jedno za drugo. Sve dok nisu prisustvovali jednom venčanju, na kojem je on odjednom počeo da je vređa. Okidač je bio alkohol. Uveče, kada su otišli kući, Karli nije ni slutila da će to veče promeniti njen život iz korena.  Samo što su krenuli na spavanje, Rajan je zaključao stan i počeo nenormalno da je udara. Ubrzo su to čule košmije, koje su uspele da upadnu u stan i da ga odvajaju od nje. Međutim, Rajan je uspeo da ih istera i da nastavi sa batinama. Brutalno je pokušavao da joj odseče jezik. Jedva je preživela tu noć. Dugo joj je trebalo da progovorio o ovome, ali kada je to učinila - tužila je Rajana za nasilje, strpavši ga u zatvor u kojem se i dan-danas nalazi. Sklonila je sram i poniženje sa strane i ispričala sve u medijima samo iz jednog razloga. Želela je da osvesti žene. Da ih upozori da, ako žele sa nekim zajednički život, moraju dobro da procene partnera i da se ne žure, jer nisu svi muškarci onakvi kako se čine.</article-text-transliterated><comment-list /></article><comments><comment-count>0</comment-count></comments></document>