<document global_id="sr-08-164"><url>https://www.srbijadanas.com/vesti/svet/gde-ide-ovaj-svet-pet-migranata-silovalo-decaka-sat-vremena-u-sumi-2016-12-07</url><source-id>08</source-id><local-id>164</local-id><source-name>srbijadanas</source-name><article><article-title>HOROR U ŠVEDSKOJ: Pet migranata SILOVALO dečaka SAT vremena </article-title><article-time>2016-12-07</article-time><article-author>Srna</article-author><article-text> Pet tražilaca azila, koji su u Švedsku došli kao maloletna lica bez pratnje, optuženi su za analno silovanje tinejdžera iz Avganistana u napadu u Upsali, gradu u blizini Stokholoma, prenose švedski mediji. Švedski tužilac Jon Strombak rekao je agenciji AP i lokalnim medijima da su napadači, stari 16 i 17 godina, napali mladića jer ih je "nervirao". Četvorica napadača su Avganistanci, a peti je tražio prevodioca za farsi jezik. Grupa mladića okružila je Avganistanca mlađeg od 15 godina u noći u oktobru i počela da ga tuče po glavi i telu, da ga vređa da bi mu na kraju stavili pištolj u usta i silovali ga u šumi, objavio je britanski "San". List dodaje da je napad bio unaprijed smišljen. Silovanje je trajalo više od sat vremena, a celi događaj snimljen je mobilnim telefonom. Oni su zapretili dečaku da će video snimak objaviti na internetu ako se obrati policiji.</article-text><article-text-transliterated> Pet tražilaca azila, koji su u Švedsku došli kao maloletna lica bez pratnje, optuženi su za analno silovanje tinejdžera iz Avganistana u napadu u Upsali, gradu u blizini Stokholoma, prenose švedski mediji. Švedski tužilac Jon Strombak rekao je agenciji AP i lokalnim medijima da su napadači, stari 16 i 17 godina, napali mladića jer ih je "nervirao". Četvorica napadača su Avganistanci, a peti je tražio prevodioca za farsi jezik. Grupa mladića okružila je Avganistanca mlađeg od 15 godina u noći u oktobru i počela da ga tuče po glavi i telu, da ga vređa da bi mu na kraju stavili pištolj u usta i silovali ga u šumi, objavio je britanski "San". List dodaje da je napad bio unaprijed smišljen. Silovanje je trajalo više od sat vremena, a celi događaj snimljen je mobilnim telefonom. Oni su zapretili dečaku da će video snimak objaviti na internetu ako se obrati policiji.</article-text-transliterated><comment-list /></article><comments><comment-count>0</comment-count></comments></document>