<document global_id="sr-08-288"><url>https://www.srbijadanas.com/vesti/svet/fasizam-zagospodario-letonijom-zabranili-nastavu-na-ruskom-jeziku-u-srednjim-skolama-2018-04-02</url><source-id>08</source-id><local-id>288</local-id><source-name>srbijadanas</source-name><article><article-title>FAŠIZAM ZAGOSPODARIO LETONIJOM: Zabranili nastavu na RUSKOM JEZIKU u srednjim školama! </article-title><article-time>2018-04-02</article-time><article-author>Srbija Danas/Sputnjik</article-author><article-text> Letonski predsednik Rajmond Vejonis potpisao je zakon o prevođenju škola nacionalnih manjina na letonski jezik, prenosi letonski Sputnjik pozivajući se na pres-službu kancelarije šefa države. Srednje obrazovanje u Letoniji sada će moći da se dobije samo na državnom jeziku. U zakon o obrazovanju uvedene su odgovarajuće izmene. Pročitajte i: Vejonis je izjavio da će ova mera omogućiti svim učenicima da dobiju kvalitetno obrazovanje i organizuju svoj život u Letoniji. Prema rečima predsednika, „ovo će stvoriti kohezivnije društvo i ojačati zemlju“. Predsednik Letonije je istakao da će deca i dalje imati mogućnost da na maternjem jeziku uče predmete povezane sa identitetom i kulturom nacionalnih manjina. Osim toga, veći deo predmeta u osnovnim školama će se predavati na maternjem jeziku. Očekuje se da će prebacivanje početi 1. septembra 2019. godine i završiti 1. septembra 2021. godine. Predškolsko obrazovanje će biti dvojezično, a u osnovnoj školi od prvog do šestog razreda biće dostupna tri modela dvojezičnog obrazovanja. Od sedmog do devetog razreda, 80 odsto predmeta će se predavati na državnom jeziku zemlje, a od desetog do dvanaestog razreda nastava će se održavati samo na letonskom jeziku. Hoćete na odmor, a nećete da potrošite mnogo para! Ovo su 5 najjeftinijih gradova Evrope, a nisu daleko Poslanici parlamentarne frakcije „Saglasnost“ zatražili su od Vejonisa da ne potpisuje ovaj zakon, s obzirom da amandmani protivreče ne samo Ustavu Letonije, već i međunarodnim dokumentima, na primer, Okvirnoj konvenciji Saveta Evrope za zaštitu nacionalnih manjina, koju je Letonija ratifikovala 2005. godine. </article-text><article-text-transliterated> Letonski predsednik Rajmond Vejonis potpisao je zakon o prevođenju škola nacionalnih manjina na letonski jezik, prenosi letonski Sputnjik pozivajući se na pres-službu kancelarije šefa države. Srednje obrazovanje u Letoniji sada će moći da se dobije samo na državnom jeziku. U zakon o obrazovanju uvedene su odgovarajuće izmene. Pročitajte i: Vejonis je izjavio da će ova mera omogućiti svim učenicima da dobiju kvalitetno obrazovanje i organizuju svoj život u Letoniji. Prema rečima predsednika, „ovo će stvoriti kohezivnije društvo i ojačati zemlju“. Predsednik Letonije je istakao da će deca i dalje imati mogućnost da na maternjem jeziku uče predmete povezane sa identitetom i kulturom nacionalnih manjina. Osim toga, veći deo predmeta u osnovnim školama će se predavati na maternjem jeziku. Očekuje se da će prebacivanje početi 1. septembra 2019. godine i završiti 1. septembra 2021. godine. Predškolsko obrazovanje će biti dvojezično, a u osnovnoj školi od prvog do šestog razreda biće dostupna tri modela dvojezičnog obrazovanja. Od sedmog do devetog razreda, 80 odsto predmeta će se predavati na državnom jeziku zemlje, a od desetog do dvanaestog razreda nastava će se održavati samo na letonskom jeziku. Hoćete na odmor, a nećete da potrošite mnogo para! Ovo su 5 najjeftinijih gradova Evrope, a nisu daleko Poslanici parlamentarne frakcije „Saglasnost“ zatražili su od Vejonisa da ne potpisuje ovaj zakon, s obzirom da amandmani protivreče ne samo Ustavu Letonije, već i međunarodnim dokumentima, na primer, Okvirnoj konvenciji Saveta Evrope za zaštitu nacionalnih manjina, koju je Letonija ratifikovala 2005. godine. </article-text-transliterated><comment-list /></article><comments><comment-count>0</comment-count></comments></document>