<document global_id="sr-08-226"><url>https://www.srbijadanas.com/vip/vip/bugarski-joj-maternji-peva-colu-ovu-devojcicu-morate-da-cujete-video-2017-01-28</url><source-id>08</source-id><local-id>226</local-id><source-name>srbijadanas</source-name><article><article-title>BUGARSKI JOJ MATERNJI, A PEVA ČOLU: Ovu devojčicu MORATE da čujete (VIDEO) </article-title><article-time>2017-01-28</article-time><article-author>Srbija Danas</article-author><article-text> Fani Trančeva je izvela pesmu Zdravka Čolića "Pjevam danju, pjevam noću". Goca Tržan nije glasala jer smatra da je bilo dosta netačnih tonova, ali je pohvalila to što je ova takmičarka izabrala Čolinu pesmu i pesmu na srpskom iako joj je bugarski maternji jezik. Dušan Mančić i Fani Trančeva nisu prošli dalje.</article-text><article-text-transliterated> Fani Trančeva je izvela pesmu Zdravka Čolića "Pjevam danju, pjevam noću". Goca Tržan nije glasala jer smatra da je bilo dosta netačnih tonova, ali je pohvalila to što je ova takmičarka izabrala Čolinu pesmu i pesmu na srpskom iako joj je bugarski maternji jezik. Dušan Mančić i Fani Trančeva nisu prošli dalje.</article-text-transliterated><comment-list /></article><comments><comment-count>0</comment-count></comments></document>