<document global_id="sr-08-56"><url>https://www.srbijadanas.com/zena/zdravlje/dobro-pogledajte-sta-znaci-kada-vam-je-jezik-ove-boje-2019-12-10</url><source-id>08</source-id><local-id>56</local-id><source-name>srbijadanas</source-name><article><article-title>Dobro pogledajte! Šta znači kada vam je jezik OVE boje? </article-title><article-time>2019-12-10</article-time><article-author>SrbijaDanas </article-author><article-text> Možda ste primetili da kada jedete nešto kiseliju hranu da vam je jezik intenzivnije crvene boje? U slučaju da ste se zabrinuli, treba da znate da je ova  pojava samo privremena i zapravo ne otkriva ništa bitno o vašem zdravlju. Ali, ako je vaš jezik već neko duže vreme jarkocrven, bilo bi dobro da posetite lekara. Naime ova boja ukazuje na nedostatak jednog od najvažnijih vitamina za normalno funkcionisanje ljudskog organizma – vitamina B12. Ako tome pridodate i simptome poput slabosti, umora, poteškoća sa pamćenjem, problema sa ravnotežom i, naravno, crvenilo jezika, to su sve znaci da vaše telo pati od ozbiljnog nedostatka vitamina B12. Inače, ovaj vitmanin je neophodan za pravilan razvoj i funkcionisanje mozga i mnogih drugih delova tela. On čuva zdravlje nerava i ćelija krvi i podržava stvaranje DNA, genetskog materijala u svim ćelijama. Takođe, sprečava tip anemije po imenu “megaloblastna anemija” koja nas čini umornim i slabim. Najbolji i najzdraviji način da rešite ovaj problem jeste da pojačate unos namirnica koje su bogate ovim vitaminom, kao što su tunjevina, govedina, školjke i pastrmka.</article-text><article-text-transliterated> Možda ste primetili da kada jedete nešto kiseliju hranu da vam je jezik intenzivnije crvene boje? U slučaju da ste se zabrinuli, treba da znate da je ova  pojava samo privremena i zapravo ne otkriva ništa bitno o vašem zdravlju. Ali, ako je vaš jezik već neko duže vreme jarkocrven, bilo bi dobro da posetite lekara. Naime ova boja ukazuje na nedostatak jednog od najvažnijih vitamina za normalno funkcionisanje ljudskog organizma – vitamina B12. Ako tome pridodate i simptome poput slabosti, umora, poteškoća sa pamćenjem, problema sa ravnotežom i, naravno, crvenilo jezika, to su sve znaci da vaše telo pati od ozbiljnog nedostatka vitamina B12. Inače, ovaj vitmanin je neophodan za pravilan razvoj i funkcionisanje mozga i mnogih drugih delova tela. On čuva zdravlje nerava i ćelija krvi i podržava stvaranje DNA, genetskog materijala u svim ćelijama. Takođe, sprečava tip anemije po imenu “megaloblastna anemija” koja nas čini umornim i slabim. Najbolji i najzdraviji način da rešite ovaj problem jeste da pojačate unos namirnica koje su bogate ovim vitaminom, kao što su tunjevina, govedina, školjke i pastrmka.</article-text-transliterated><comment-list /></article><comments><comment-count>0</comment-count></comments></document>