<document global_id="sr-08-142"><url>https://www.srbijadanas.com/clanak/ispalila-se-emina-jahovic-ne-zna-engleski-foto-06-08-2015</url><source-id>08</source-id><local-id>142</local-id><source-name>srbijadanas</source-name><article><article-title>ISPALILA SE: Emina Jahović ne zna ENGLESKI! (FOTO) </article-title><article-time>06-08-2015</article-time><article-author>Srbija Danas</article-author><article-text> Emina Jahović udata je za poznatog turskog pevača Mustafu Sandala. Međutim, ona kao da ne zna engleski jezik iako često putuje svetom i komunicira upravo na tom jeziku. Ona je neznanje pokazala kada je objavila fotografiju na Instagramu, sa popularnom turskom manekenkom Tulin Šahin, ali se komentarom na engleskom jeziku uopšte nije proslavila. Ok, I now she so beautiful, But it's rare to be this sweet,kind and sincere like  A photo posted by Emina Jahovic Sandal (@yaemina) on Aug 1, 2015 at 8:48am PDT Pročitajte i:</article-text><article-text-transliterated> Emina Jahović udata je za poznatog turskog pevača Mustafu Sandala. Međutim, ona kao da ne zna engleski jezik iako često putuje svetom i komunicira upravo na tom jeziku. Ona je neznanje pokazala kada je objavila fotografiju na Instagramu, sa popularnom turskom manekenkom Tulin Šahin, ali se komentarom na engleskom jeziku uopšte nije proslavila. Ok, I now she so beautiful, But it's rare to be this sweet,kind and sincere like  A photo posted by Emina Jahovic Sandal (@yaemina) on Aug 1, 2015 at 8:48am PDT Pročitajte i:</article-text-transliterated><comment-list /></article><comments><comment-count>0</comment-count></comments></document>