<document global_id="sr-08-247"><url>https://www.srbijadanas.com/biz/vesti/korisnom-dodaju-lepo-huavej-uveo-inovacije-koje-ce-kompaniju-lansirati-u-nebo-2017-02-16</url><source-id>08</source-id><local-id>247</local-id><source-name>srbijadanas</source-name><article><article-title>KORISNOM DODAJU LEPO: Huavej uveo inovacije koje će kompaniju LANSIRATI u nebo! </article-title><article-time>2017-02-16</article-time><article-author>Tanjug</article-author><article-text> Spajajući modu i tehnologiju, kineska kompanija "Huavej Konzumer" i dizajnerski brend "Rikostru" uspostavili su uzbudljivu saradnju, koja donosi novu estetiku u tehnološki dizajn i rekonstruiše dizajnerski jezik dodatne opreme telefona za predstojeće proizvode Huaveja. Cilj saradnje je, kako se navodi u zajedničkom saopštenju kompanija, da telefoni Huaveja postanu još lepši spajanjem njegove napredne inženjerske stručnosti sa futurističkom estetikom dizajna kompanije Rikostru. Kompaniju "Ricostru" je 2011. godine osnovala kineska dizajnerka Riko Manćit Au, a kombinacija tradicionalnog i futurističkog obeležava filozofiju ovog brenda, poznatog po minimalističkom stilu.</article-text><article-text-transliterated> Spajajući modu i tehnologiju, kineska kompanija "Huavej Konzumer" i dizajnerski brend "Rikostru" uspostavili su uzbudljivu saradnju, koja donosi novu estetiku u tehnološki dizajn i rekonstruiše dizajnerski jezik dodatne opreme telefona za predstojeće proizvode Huaveja. Cilj saradnje je, kako se navodi u zajedničkom saopštenju kompanija, da telefoni Huaveja postanu još lepši spajanjem njegove napredne inženjerske stručnosti sa futurističkom estetikom dizajna kompanije Rikostru. Kompaniju "Ricostru" je 2011. godine osnovala kineska dizajnerka Riko Manćit Au, a kombinacija tradicionalnog i futurističkog obeležava filozofiju ovog brenda, poznatog po minimalističkom stilu.</article-text-transliterated><comment-list /></article><comments><comment-count>0</comment-count></comments></document>