<document global_id="sr-08-168"><url>https://www.srbijadanas.com/vesti/info/obelezena-sedamdesetogodisnjica-rada-organizacije-gluvih-novi-sad-2016-12-03</url><source-id>08</source-id><local-id>168</local-id><source-name>srbijadanas</source-name><article><article-title>Obeležena SEDAMDESETOGODIŠNJICA RADA organizacije gluvih Novi Sad </article-title><article-time>2016-12-03</article-time><article-author>PR</article-author><article-text> On je tom prilikom naglasio da se, pored jubileja jedne od najboljih organizacija te vrste, danas obeležava i Međunarodni dan osoba sa invaliditetom. Prema rečima Ane Ditrih još od 1955. godine kada je zaposlen prvi profesionalni sekretar u Organizaciji gluvih Novi Sad, Grad je bio glavna podrška za redovne i projektne aktivnosti organizacije, i, kako je ocenila, ne bi uspeli da opstanu da nije resorne gradske uprave sa kojom imaju odličnu saradnju. Ona je takođe istakla da su među najvažnijim delatnostima Organizacije prevodilačke usluge na znakovni jezik, i to kako bi olakšali svakodnevne aktivnosti gluvim osobama, na primer, da prilikom odlaska kod lekara mogu da se izraze na svom jeziku. Predsednik Organizacije Jozef Valihora takođe se zahvalio Gradu na partnerskom odnosu u borbi za prava zajednice gluvih osoba, posebno istakavši značaj prevoda na znakovni jezik na zasedanjima Skupštine Grada Novog Sada.</article-text><article-text-transliterated> On je tom prilikom naglasio da se, pored jubileja jedne od najboljih organizacija te vrste, danas obeležava i Međunarodni dan osoba sa invaliditetom. Prema rečima Ane Ditrih još od 1955. godine kada je zaposlen prvi profesionalni sekretar u Organizaciji gluvih Novi Sad, Grad je bio glavna podrška za redovne i projektne aktivnosti organizacije, i, kako je ocenila, ne bi uspeli da opstanu da nije resorne gradske uprave sa kojom imaju odličnu saradnju. Ona je takođe istakla da su među najvažnijim delatnostima Organizacije prevodilačke usluge na znakovni jezik, i to kako bi olakšali svakodnevne aktivnosti gluvim osobama, na primer, da prilikom odlaska kod lekara mogu da se izraze na svom jeziku. Predsednik Organizacije Jozef Valihora takođe se zahvalio Gradu na partnerskom odnosu u borbi za prava zajednice gluvih osoba, posebno istakavši značaj prevoda na znakovni jezik na zasedanjima Skupštine Grada Novog Sada.</article-text-transliterated><comment-list /></article><comments><comment-count>0</comment-count></comments></document>