<document global_id="sr-08-27"><url>https://www.srbijadanas.com/sport/fudbal/niko-kao-zvezda-milojevic-odbio-kineske-milione-2020-01-07</url><source-id>08</source-id><local-id>27</local-id><source-name>srbijadanas</source-name><article><article-title>NIKO KAO ZVEZDA: Milojević odbio kineske MILIONE </article-title><article-time>2020-01-07</article-time><article-author>Srbija Danas</article-author><article-text> Doskorašnji šef stručnog štaba Crvene zvezde Vladan Milojević dobio je ponudu od neimenovanog kluba iz druge kineske lige, prenose grčki mediji, ali bez obzira na fantastične finansijske uslove odlučio je da je odbije. Grčki mediji preneli su informaciju da je Milojević odbio finansijski jako dobru ponudu iz Kine, jer mu finansije nisu na prvom mestu, već želi da vodi klub sa kojim može da igra kvalitetnija takmičenja i da se nadmeće sa trenerskim legendama. Inače, od kad je napustio klupu Crvene zvezde, Milojević je pre ponude iz Kine već odbio dve sa evropskog tla. Najpre je na klupu atinskog AEK-a hteo da ga dovede sportski direktor grčkog velikana Vladimir Ivić, ali njih dvojica nisu našli zajednički jezik. Posle toga, najuspešniji trener u Zvezdinoj post-barijevskoj eri je imao priliku da preuzme i kiparskog šampiona APOEL, ali do toga nije došlo. Pogledajte kako izgleda Ebi Klensi, supruga Pitera Krauča. I’m obsessed with this swimsuit !! This is one of my favourite pieces from the collection @lipsylondon #abbeyclancyxlipsy available now 💋🌴#ad A post shared by  Abbey Clancy (@abbeyclancyofficial) on Feb 28, 2019 at 2:29am PST 💋💋💋 A post shared by  Abbey Clancy (@abbeyclancyofficial) on Nov 1, 2018 at 1:42pm PDT Happy Monday ☀️☀️☀️ A post shared by  Abbey Clancy (@abbeyclancyofficial) on Oct 29, 2018 at 11:07am PDT A post shared by Abbey Clancy (@abbeyclancyofficial) on Aug 24, 2018 at 5:37am PDT Take me back to the beach 🖤 A post shared by  Abbey Clancy (@abbeyclancyofficial) on Jul 27, 2018 at 7:52am PDT Shameless selfie A post shared by  Abbey Clancy (@abbeyclancyofficial) on Jun 13, 2018 at 5:24am PDT 🧜🏼‍♀️🧜🏼‍♀️🧜🏼‍♀️🧜🏼‍♀️ A post shared by  Abbey Clancy (@abbeyclancyofficial) on Jun 11, 2018 at 11:03am PDT This sky A post shared by  Abbey Clancy (@abbeyclancyofficial) on May 28, 2018 at 4:14am PDT Beachy A post shared by  Abbey Clancy (@abbeyclancyofficial) on May 28, 2018 at 1:22am PDT 😎😎😎 A post shared by  Abbey Clancy (@abbeyclancyofficial) on Oct 5, 2017 at 1:53am PDT</article-text><article-text-transliterated> Doskorašnji šef stručnog štaba Crvene zvezde Vladan Milojević dobio je ponudu od neimenovanog kluba iz druge kineske lige, prenose grčki mediji, ali bez obzira na fantastične finansijske uslove odlučio je da je odbije. Grčki mediji preneli su informaciju da je Milojević odbio finansijski jako dobru ponudu iz Kine, jer mu finansije nisu na prvom mestu, već želi da vodi klub sa kojim može da igra kvalitetnija takmičenja i da se nadmeće sa trenerskim legendama. Inače, od kad je napustio klupu Crvene zvezde, Milojević je pre ponude iz Kine već odbio dve sa evropskog tla. Najpre je na klupu atinskog AEK-a hteo da ga dovede sportski direktor grčkog velikana Vladimir Ivić, ali njih dvojica nisu našli zajednički jezik. Posle toga, najuspešniji trener u Zvezdinoj post-barijevskoj eri je imao priliku da preuzme i kiparskog šampiona APOEL, ali do toga nije došlo. Pogledajte kako izgleda Ebi Klensi, supruga Pitera Krauča. I’m obsessed with this swimsuit !! This is one of my favourite pieces from the collection @lipsylondon #abbeyclancyxlipsy available now 💋🌴#ad A post shared by  Abbey Clancy (@abbeyclancyofficial) on Feb 28, 2019 at 2:29am PST 💋💋💋 A post shared by  Abbey Clancy (@abbeyclancyofficial) on Nov 1, 2018 at 1:42pm PDT Happy Monday ☀️☀️☀️ A post shared by  Abbey Clancy (@abbeyclancyofficial) on Oct 29, 2018 at 11:07am PDT A post shared by Abbey Clancy (@abbeyclancyofficial) on Aug 24, 2018 at 5:37am PDT Take me back to the beach 🖤 A post shared by  Abbey Clancy (@abbeyclancyofficial) on Jul 27, 2018 at 7:52am PDT Shameless selfie A post shared by  Abbey Clancy (@abbeyclancyofficial) on Jun 13, 2018 at 5:24am PDT 🧜🏼‍♀️🧜🏼‍♀️🧜🏼‍♀️🧜🏼‍♀️ A post shared by  Abbey Clancy (@abbeyclancyofficial) on Jun 11, 2018 at 11:03am PDT This sky A post shared by  Abbey Clancy (@abbeyclancyofficial) on May 28, 2018 at 4:14am PDT Beachy A post shared by  Abbey Clancy (@abbeyclancyofficial) on May 28, 2018 at 1:22am PDT 😎😎😎 A post shared by  Abbey Clancy (@abbeyclancyofficial) on Oct 5, 2017 at 1:53am PDT</article-text-transliterated><comment-list /></article><comments><comment-count>0</comment-count></comments></document>