<document global_id="sr-08-188"><url>https://www.srbijadanas.com/sport/fudbal/urnebesno-bivsi-igrac-partizana-je-na-ovaj-nacin-ucio-strance-da-govore-srpski-jezik-video-2016-12-24</url><source-id>08</source-id><local-id>188</local-id><source-name>srbijadanas</source-name><article><article-title>URNEBESNO: Bivši igrač Partizana je NA OVAJ NAČIN učio strance da govore SRPSKI jezik (VIDEO) </article-title><article-time>2016-12-24</article-time><article-author>Srbija Danas</article-author><article-text> Radosav Raća Petrović nije u prvom planu u Sportingu, klubu u koji je letos došao iz kijevskog Dinama za dva miliona evra. Bivši fudbaler Partizana se nije nametnuo treneru Žoržu Žesusu, pa se već piše o njegovom odlasku iz kluba, ali je uprkos tome izabran da navijačima Lavova čestita predstojeći katolički Božić, i to na srpskom jeziku. Pogledajte na klupi kako je to izgledalo, a navijači Sportinga su oduševljeni Raćinim nastupom. Petrovic com um português perfeito 👌 O nosso Beto Pimparel tem mais jeito para defender do que para falar sérvio #ONatalÉVerde pic.twitter.com/7ao3hkgYkW Petrović je od 2008. do 2011. godine igrao za Partizan, a iz Humske je otišao u Blekburn. Zatim je igrao za Genćlerbirligi, da bi prošlog leta prešao u kijevski Dinamo. Za ukrajinskog velikana je odigrao samo sedam utakmica i postigao jedan gol, a zatim stiže u Sporting za koji još nije debitovao.</article-text><article-text-transliterated> Radosav Raća Petrović nije u prvom planu u Sportingu, klubu u koji je letos došao iz kijevskog Dinama za dva miliona evra. Bivši fudbaler Partizana se nije nametnuo treneru Žoržu Žesusu, pa se već piše o njegovom odlasku iz kluba, ali je uprkos tome izabran da navijačima Lavova čestita predstojeći katolički Božić, i to na srpskom jeziku. Pogledajte na klupi kako je to izgledalo, a navijači Sportinga su oduševljeni Raćinim nastupom. Petrovic com um português perfeito 👌 O nosso Beto Pimparel tem mais jeito para defender do que para falar sérvio #ONatalÉVerde pic.twitter.com/7ao3hkgYkW Petrović je od 2008. do 2011. godine igrao za Partizan, a iz Humske je otišao u Blekburn. Zatim je igrao za Genćlerbirligi, da bi prošlog leta prešao u kijevski Dinamo. Za ukrajinskog velikana je odigrao samo sedam utakmica i postigao jedan gol, a zatim stiže u Sporting za koji još nije debitovao.</article-text-transliterated><comment-list /></article><comments><comment-count>0</comment-count></comments></document>