<document global_id="sr-08-217"><url>https://www.srbijadanas.com/vesti/region/koliko-daleko-bi-ste-otisli-zbog-zdravlja-baka-iz-sela-crnjevo-leci-ljudi-lizuci-im-oci-2017-01-23</url><source-id>08</source-id><local-id>217</local-id><source-name>srbijadanas</source-name><article><article-title>KOLIKO DALEKO BI STE OTIŠLI ZBOG ZDRAVLJA? Baka iz sela Crnjevo leči ljudi LIŽUĆI IM OČI </article-title><article-time>2017-01-23</article-time><article-author>Srbija Danas</article-author><article-text> Ova 79-godišnjakinja iz očiju pacijenata, koristeći jezik, vadi sitno trunje, piljevinu, komadiće uglja, staklo… Baka Hava tvrdi da su joj, osim mnogobrojnih osoba iz BiH kućni prag prelazili i oni iz Amerike, Rusije, Kine… Ona je za "Avaz" kazala da ovaj neobičan tretman ne traje dugo. Pre samog vađenja trunja, napominje, postoji i specijalna priprema, bez koje ne može da krene sa "tretmanom". Ovu neobičnu metodu je, kaže, naučila davno. Tretman košta 10 evra Bilo je, navodno, slučajeva da su ljude donosili na rukama, a nakon njenog tretmana odlazili su na svojim nogama. Dodaje da tretman košta oko 10 evra, a oni koji su nezaposleni ili nemaju, ne moraju ni da plate. Baka Hava je navodno izlečila više od 5.000 ljudi.</article-text><article-text-transliterated> Ova 79-godišnjakinja iz očiju pacijenata, koristeći jezik, vadi sitno trunje, piljevinu, komadiće uglja, staklo… Baka Hava tvrdi da su joj, osim mnogobrojnih osoba iz BiH kućni prag prelazili i oni iz Amerike, Rusije, Kine… Ona je za "Avaz" kazala da ovaj neobičan tretman ne traje dugo. Pre samog vađenja trunja, napominje, postoji i specijalna priprema, bez koje ne može da krene sa "tretmanom". Ovu neobičnu metodu je, kaže, naučila davno. Tretman košta 10 evra Bilo je, navodno, slučajeva da su ljude donosili na rukama, a nakon njenog tretmana odlazili su na svojim nogama. Dodaje da tretman košta oko 10 evra, a oni koji su nezaposleni ili nemaju, ne moraju ni da plate. Baka Hava je navodno izlečila više od 5.000 ljudi.</article-text-transliterated><comment-list /></article><comments><comment-count>0</comment-count></comments></document>