<document global_id="sr-08-156"><url>https://www.srbijadanas.com/zena/zdravlje/vi-znate-kada-cete-umreti-ovo-su-psihicki-i-fizicki-znakovi-koji-vam-se-javljaju-nesto-pred-smrt-2016-11-30</url><source-id>08</source-id><local-id>156</local-id><source-name>srbijadanas</source-name><article><article-title>VI ZNATE KADA ĆETE UMRETI: Ovo su psihički i fizički znakovi koji vam se javljaju nešto pred smrt </article-title><article-time>2016-11-30</article-time><article-author>Srbija Danas</article-author><article-text> Ako verujemo budističkim spisima, postoje neki tajni unutrašnji znakovi, koji nas upućuju da nam se bliži smrt. To je poput simptoma da bolujemo od određenih bolesti, a oni se najčešće javljaju između tri i šest meseci pre nego što nastupi smrt. Njih možemo podeliti u tri kategorije: telesne, mentalne i znakove u snovima.  Ovi znakovi ne ukazuju nužno da će osoba umreti u kratkom periodu, ali ukoliko su prisutni u dužem periodu, prema budizmu – skora smrt je neizbežna. Te znakove budizam posmatra kao pripreme za prelazak u naredno telo ili oslobođenje. Istočna kultura se po pitanju fenomena smrti prilično razlikuje od Zapada – oni o smrti otvoreno pričaju, i to im je česta tema, kako za razgovor, tako i za razmišljanje. Ako NEMATE BELI POLUMESEC na noktima, patite od OVIH BOLESTI, a JOŠ NISTE NI SVESNI Prema ovoj religiji, telo se sastoji od pet elemenata: eter (prostor), vazduh (vetar), vatra, voda i zemlja. Oni veruju da onog trenutka kada započne proces smrti, ravnoteža između tih elemenata postaje neproporcionalna, i tada više ni medicina ne pomaže. Jedan od spoljašnjih predznaka smrti je ukoliko osoba prestane da čuje vrlo fine vibracije i rezonance zvuka koje svaki čovek čuje, ali na njih ne obraća pažnju. Unutrašnji predznaci se javljaju u snovima osobe. Ponekada, veruje se u budizmu, osoba neprestano sanja košmare neposredno pre buđenja. Ukoliko se ta situacija ponavlja mesecima, to je, prema budizmu, jedan od predznaka smrti. Pored toga, ako se osoba teško razboli i često sanja zalazak sunca i dolazak meseca na nebo – to bi mogao da bude znak predstojeće smrti. Postoji još fizičkih pokazatelja skorašnje smrti prema budizmu – ukoliko osoba nakon kupanja primeti da je konstantno suva oko srca, i kada prestane pucketanje u zglobovima. Budizam tvrdi da se predstojeća smrt može predvideti i po karakteru osobe. Tako, recimo, ukoliko osoba koja je čitavog života bila blaga, nežna i ljubazna odjednom postane naprasita i ljuta duži period, ona prema budistima podsvesno shvata da je smrt blizu. Osobi koja se suočava sa skorom smrti telo postaje teško i više ne može da se pomera. Vrat ne može da joj podrži glavu, koža gubi boju, a lice postaje bezizražajno. Na zubima se pojavljuju tačkice, a oči postaju prazne i bez sjaja. Unutrašnji predznaci smrti govore o stanju uma umiruće osobe. Njima svest postaje nejasna i maglovita pa često govore o stvarima koje njihovi bližnji ne razumeju. Umiruća osoba oseća veliku teskobu. Glas joj se menja i teško govori. Oči joj gube fokus, često kolutaju i otkrivaju beonjače, piše dnevno.rs. Od fizičkih znakova, pred sam kraj života, umiruća osoba oseća još i strašnu suvoću usana i jezika. Kada isplazimo jezik, možemo videti njegov kraj – umiruća osoba to ne može. Različite halucinacije se, u skladu sa karakterom osobe, pojavljuju u poslednjim trenucima života: zli ljudi mogu da vide opasne vizije i obično su prestravljeni, a ljudi s boljom karmom i jasnijim umom mogu da dožive velike vizije.</article-text><article-text-transliterated> Ako verujemo budističkim spisima, postoje neki tajni unutrašnji znakovi, koji nas upućuju da nam se bliži smrt. To je poput simptoma da bolujemo od određenih bolesti, a oni se najčešće javljaju između tri i šest meseci pre nego što nastupi smrt. Njih možemo podeliti u tri kategorije: telesne, mentalne i znakove u snovima.  Ovi znakovi ne ukazuju nužno da će osoba umreti u kratkom periodu, ali ukoliko su prisutni u dužem periodu, prema budizmu – skora smrt je neizbežna. Te znakove budizam posmatra kao pripreme za prelazak u naredno telo ili oslobođenje. Istočna kultura se po pitanju fenomena smrti prilično razlikuje od Zapada – oni o smrti otvoreno pričaju, i to im je česta tema, kako za razgovor, tako i za razmišljanje. Ako NEMATE BELI POLUMESEC na noktima, patite od OVIH BOLESTI, a JOŠ NISTE NI SVESNI Prema ovoj religiji, telo se sastoji od pet elemenata: eter (prostor), vazduh (vetar), vatra, voda i zemlja. Oni veruju da onog trenutka kada započne proces smrti, ravnoteža između tih elemenata postaje neproporcionalna, i tada više ni medicina ne pomaže. Jedan od spoljašnjih predznaka smrti je ukoliko osoba prestane da čuje vrlo fine vibracije i rezonance zvuka koje svaki čovek čuje, ali na njih ne obraća pažnju. Unutrašnji predznaci se javljaju u snovima osobe. Ponekada, veruje se u budizmu, osoba neprestano sanja košmare neposredno pre buđenja. Ukoliko se ta situacija ponavlja mesecima, to je, prema budizmu, jedan od predznaka smrti. Pored toga, ako se osoba teško razboli i često sanja zalazak sunca i dolazak meseca na nebo – to bi mogao da bude znak predstojeće smrti. Postoji još fizičkih pokazatelja skorašnje smrti prema budizmu – ukoliko osoba nakon kupanja primeti da je konstantno suva oko srca, i kada prestane pucketanje u zglobovima. Budizam tvrdi da se predstojeća smrt može predvideti i po karakteru osobe. Tako, recimo, ukoliko osoba koja je čitavog života bila blaga, nežna i ljubazna odjednom postane naprasita i ljuta duži period, ona prema budistima podsvesno shvata da je smrt blizu. Osobi koja se suočava sa skorom smrti telo postaje teško i više ne može da se pomera. Vrat ne može da joj podrži glavu, koža gubi boju, a lice postaje bezizražajno. Na zubima se pojavljuju tačkice, a oči postaju prazne i bez sjaja. Unutrašnji predznaci smrti govore o stanju uma umiruće osobe. Njima svest postaje nejasna i maglovita pa često govore o stvarima koje njihovi bližnji ne razumeju. Umiruća osoba oseća veliku teskobu. Glas joj se menja i teško govori. Oči joj gube fokus, često kolutaju i otkrivaju beonjače, piše dnevno.rs. Od fizičkih znakova, pred sam kraj života, umiruća osoba oseća još i strašnu suvoću usana i jezika. Kada isplazimo jezik, možemo videti njegov kraj – umiruća osoba to ne može. Različite halucinacije se, u skladu sa karakterom osobe, pojavljuju u poslednjim trenucima života: zli ljudi mogu da vide opasne vizije i obično su prestravljeni, a ljudi s boljom karmom i jasnijim umom mogu da dožive velike vizije.</article-text-transliterated><comment-list /></article><comments><comment-count>0</comment-count></comments></document>