<document global_id="sr-08-253"><url>https://www.srbijadanas.com/vesti/info/dacic-iskreno-za-rt-zivimo-u-vremenu-antiruske-histerije-u-svetu-necemo-uvesti-sankcije-rusiji-2018-03-03</url><source-id>08</source-id><local-id>253</local-id><source-name>srbijadanas</source-name><article><article-title>Dačić ISKRENO za RT: Živimo u vremenu antiruske histerije u svetu, NEĆEMO uvesti sankcije Rusiji! </article-title><article-time>2018-03-03</article-time><article-author>Tanjug</article-author><article-text> Ministar spoljnih poslova Srbije Ivica Dačić ocenio je u intervjuu za "Raša tudej" da živimo u "vremenu antiruske histerije" i naglasio da se Srbija neće pridružiti sankcijama protiv Rusije, već će nastaviti da razvija dobre odnose s Moskvom.  Pročitajte i: Pre svega, istakao je on, granice Srbije su promenjene priznanjem jednostrano proglašene nezavisnosti Kosova.  Potpisan sporazum o saradnji sindikata policije Srbije, Republike Srpske i Rusije  Kako je objasnio, jedina stvar koju Rusija očekuje je da članstvo Srbije u EU neće za posledicu imati antiruski stav za koji Srbija, napomenuo je, nije uopšte ni zainteresovana.  On je dodao da bi Srbija volela da bude članica EU, ali je istakao da naša zemlja ima dobre bilateralne odnose s Ruskom Federacijom. Šef srpske diplomatije naglasio je da je njegov stav da bi Srbija trebalo da traži zajednički jezik s interesima Zapada u smislu da bi oni trebalo da zauzmu nepristrasan stav prema našoj zemlji. </article-text><article-text-transliterated> Ministar spoljnih poslova Srbije Ivica Dačić ocenio je u intervjuu za "Raša tudej" da živimo u "vremenu antiruske histerije" i naglasio da se Srbija neće pridružiti sankcijama protiv Rusije, već će nastaviti da razvija dobre odnose s Moskvom.  Pročitajte i: Pre svega, istakao je on, granice Srbije su promenjene priznanjem jednostrano proglašene nezavisnosti Kosova.  Potpisan sporazum o saradnji sindikata policije Srbije, Republike Srpske i Rusije  Kako je objasnio, jedina stvar koju Rusija očekuje je da članstvo Srbije u EU neće za posledicu imati antiruski stav za koji Srbija, napomenuo je, nije uopšte ni zainteresovana.  On je dodao da bi Srbija volela da bude članica EU, ali je istakao da naša zemlja ima dobre bilateralne odnose s Ruskom Federacijom. Šef srpske diplomatije naglasio je da je njegov stav da bi Srbija trebalo da traži zajednički jezik s interesima Zapada u smislu da bi oni trebalo da zauzmu nepristrasan stav prema našoj zemlji. </article-text-transliterated><comment-list /></article><comments><comment-count>0</comment-count></comments></document>