<document global_id="sr-08-185"><url>https://www.srbijadanas.com/zabava/ljubimci/bizarna-galerija-prasica-je-rodila-mladunce-sa-glavom-majmuna-deluje-kao-najodvratniji-stvor-ikad-2016-12-14</url><source-id>08</source-id><local-id>185</local-id><source-name>srbijadanas</source-name><article><article-title>(BIZARNA GALERIJA) PRASICA je rodila mladunče sa GLAVOM MAJMUNA - deluje kao NAJODVRATNIJI stvor ikad </article-title><article-time>2016-12-14</article-time><article-author>Srbija Danas</article-author><article-text> Jedno prasence rođeno je sa ozbiljnim deformitetom - njegova glava podseća na glavu majmuna. Zbog deformisane vilice, ono ne može samo da se hrani, pa njegov vlasnik svakodnevno brine o njemu.  Svojim bizarnim izgledom lica, mališan je u rekordnom roku privukao pažnju javnosti. Jedni su zgroženi, drugi ga sažaljevaju, a ima čak i onih koji bi ga rado udomili kao ljubimca. Stvorenje poseduje dve nozdrve i vilicu, koja je tako izrasla, da ne može zadržati jezik u ustima. Njegova dva oka su, takođe, deformisana i nepravilno izrasla. Ostatak tela izgleda kao i kod svakog normalnog pripadnika njegove vrste. Zbog oblika usana, on ne može da pije majčino mleko na priroda način, već njegov gazda mora voditi brigu o njemu i hraniti ga na flašicu. Zapravo, uopšte nije jasno koliko dugo će ovo prasence poživeti i da li će uopšte biti sposobno za samostalan život. Ovo prasence je, nažalost, ubrzo uginulo, jer ga je mama odbacila, a ono je uporno odbijalo da bude hranjeno iz flašice.</article-text><article-text-transliterated> Jedno prasence rođeno je sa ozbiljnim deformitetom - njegova glava podseća na glavu majmuna. Zbog deformisane vilice, ono ne može samo da se hrani, pa njegov vlasnik svakodnevno brine o njemu.  Svojim bizarnim izgledom lica, mališan je u rekordnom roku privukao pažnju javnosti. Jedni su zgroženi, drugi ga sažaljevaju, a ima čak i onih koji bi ga rado udomili kao ljubimca. Stvorenje poseduje dve nozdrve i vilicu, koja je tako izrasla, da ne može zadržati jezik u ustima. Njegova dva oka su, takođe, deformisana i nepravilno izrasla. Ostatak tela izgleda kao i kod svakog normalnog pripadnika njegove vrste. Zbog oblika usana, on ne može da pije majčino mleko na priroda način, već njegov gazda mora voditi brigu o njemu i hraniti ga na flašicu. Zapravo, uopšte nije jasno koliko dugo će ovo prasence poživeti i da li će uopšte biti sposobno za samostalan život. Ovo prasence je, nažalost, ubrzo uginulo, jer ga je mama odbacila, a ono je uporno odbijalo da bude hranjeno iz flašice.</article-text-transliterated><comment-list /></article><comments><comment-count>0</comment-count></comments></document>