<document global_id="sr-08-244"><url>https://www.srbijadanas.com/vesti/hronika/brat-15-ubio-sestru-19-u-svrljigu-ovo-je-prethodilo-stravicnoj-nesreci-koja-je-potresla-srbiju-2017-02-06</url><source-id>08</source-id><local-id>244</local-id><source-name>srbijadanas</source-name><article><article-title>BRAT (15) KARABINOM UBIO SESTRU (19) U SVRLJIGU?! OVO je prethodilo stravičnoj nesreći koja je potresla Srbiju! </article-title><article-time>2017-02-06</article-time><article-author>Srbija Danas/Novosti</article-author><article-text> Devetnaestogodišnja Jovana Đorđević iz Svrljiga preminula je u Kliničkom centru u Nišu od zadobijenih povreda koje joj je očevim karabinom naneo 15-godišnji brat N.Đ. Jovana, po struci medicinska sestra, pogođena je puškom koja je pripadala ocu. On je u nedelju bio u lovu, a pretpostavlja se tada da nije izvadio metke iz oružja. Brat je, navodno, slučajno ispalio hitac, te se pretpostavlja da je reč o nesrećnom slučaju. Hitna pomoć je brzo došla na mesto nesreće u kući u Omladinskoj ulici, ali, na žalost, devojci nije bilo spasa jer je pogođena blizu slepoočnice. Nastradala devojka pored brata ima i sestru. Kako se saznaje, ona je učila jezik i spremala se da ide u Norvešku. </article-text><article-text-transliterated> Devetnaestogodišnja Jovana Đorđević iz Svrljiga preminula je u Kliničkom centru u Nišu od zadobijenih povreda koje joj je očevim karabinom naneo 15-godišnji brat N.Đ. Jovana, po struci medicinska sestra, pogođena je puškom koja je pripadala ocu. On je u nedelju bio u lovu, a pretpostavlja se tada da nije izvadio metke iz oružja. Brat je, navodno, slučajno ispalio hitac, te se pretpostavlja da je reč o nesrećnom slučaju. Hitna pomoć je brzo došla na mesto nesreće u kući u Omladinskoj ulici, ali, na žalost, devojci nije bilo spasa jer je pogođena blizu slepoočnice. Nastradala devojka pored brata ima i sestru. Kako se saznaje, ona je učila jezik i spremala se da ide u Norvešku. </article-text-transliterated><comment-list><comments comment-id="1"><comment-parent-id>empty</comment-parent-id><comment-text>Имали веће казне од смрти сопственог детета за мали непромишљен пропуст - метак у цеви ?</comment-text><comment-text-transliterated>Imali veće kazne od smrti sopstvenog deteta za mali nepromišljen propust - metak u cevi ?</comment-text-transliterated></comments></comment-list></article><comments><comment-count>1</comment-count></comments></document>