<document global_id="sr-08-152"><url>https://www.srbijadanas.com/clanak/odmara-u-komsiluku-monika-beluci-sa-cerkama-posetila-dubrovnik-10-08-2015</url><source-id>08</source-id><local-id>152</local-id><source-name>srbijadanas</source-name><article><article-title>ODMARA U KOMŠILUKU: Monika Beluči sa ćerkama posetila Dubrovnik! </article-title><article-time>10-08-2015</article-time><article-author /><article-text> Slavna italijanska glumica Monika Beluči, primećena je u šetnji dubrovačkim Stradunom. Uz nju su bile i njene dve ćerke, a u stopu su ih pratili i telohranitelji, koji su sprečavali fotoreportere i radoznale prolaznike da priđu glumici. Jedna od najlepših žena na svetu je ćerke Devu (11) i Leoni (5) dobila sa bivšim suprugom Vensanom Kaselom, od kojeg se rastala 2013. nakon 14 godina braka. Osim što su razgledale Stari grad, Monika je šetnju iskoristila i kako bi kupila poklon za svoju bivšu svekrvu, prenosi Blic. Inače, Monika trenutno u Trebinju sa Emirom Kusturicom snima film "Na mlečnom putu". Kako je Monika Beluči progovorila srpski jezik pogledajte OVDE. Pročitajte i:</article-text><article-text-transliterated> Slavna italijanska glumica Monika Beluči, primećena je u šetnji dubrovačkim Stradunom. Uz nju su bile i njene dve ćerke, a u stopu su ih pratili i telohranitelji, koji su sprečavali fotoreportere i radoznale prolaznike da priđu glumici. Jedna od najlepših žena na svetu je ćerke Devu (11) i Leoni (5) dobila sa bivšim suprugom Vensanom Kaselom, od kojeg se rastala 2013. nakon 14 godina braka. Osim što su razgledale Stari grad, Monika je šetnju iskoristila i kako bi kupila poklon za svoju bivšu svekrvu, prenosi Blic. Inače, Monika trenutno u Trebinju sa Emirom Kusturicom snima film "Na mlečnom putu". Kako je Monika Beluči progovorila srpski jezik pogledajte OVDE. Pročitajte i:</article-text-transliterated><comment-list /></article><comments><comment-count>0</comment-count></comments></document>