<document global_id="sr-08-294"><url>https://www.srbijadanas.com/zena/astro/uskrsnji-horoskop-zvezde-otkrivaju-kako-cete-provesti-ove-praznicne-dane-za-neke-burno-i-napeto-2018-04-06</url><source-id>08</source-id><local-id>294</local-id><source-name>srbijadanas</source-name><article><article-title>USKRŠNJI HOROSKOP: Zvezde otkrivaju kako ćete provesti ove praznične dane - za neke BURNO i napeto! </article-title><article-time>2018-04-06</article-time><article-author>Srbija Danas</article-author><article-text> Uskrs je praznik koji se po nekim starim običajima provodi sa porodicom, kod kuće.  Možda niste neki ljubitelji da slobodne dane provodite isključivo u svom domu, ali evo šta vam kaže horoskop, kako ćete zapravo provesti ove praznične dane. Mesec PRIHODA I PROMENA! Ovim horoskopskim znakovima april 2018. će biti TOTALNI PREOKRET! Tokom praznika ćete uživati u fizičkim aktivnostima. Međutim, obratite pažnju da ne ispadnete previše arogantni jer vas to može uvaliti u neprilike. Zauzdajte potrebu da pobegnete od porodičnih obaveza jer će to samo pogoršati stvari. Ako dođe do problema, najbolje je da budete skromni i date sve od sebe da ga rešite. Bićete paranoični, a možda i sa pravom. Vrlo je verovatno da ste u određenom partnerstvu koje ne funkcioniše i zbog toga biste trebali da praznike provedete praveći planove za budućnost. Čuvajte se starije prijateljice koja se možda samo pretvara da vam pomaže. Praznici su savršen trenutak da svima pokažete svoje kulinarske sposobnosti. Pozovite prijatelje kod sebe i prijatno ih iznenadite. Nedelju rezervišite za osobu koju volite, ali gledajte da je ne provocirate bez potrebe. Ne ignorišite savet koji vam je dala starija prijateljica - čak iako je bolno čuti istinu. Ako praznike provodite sa porodicom, čuvajte se brojnih konflikata do kojih može da dođe, a možda ćete morati da budete posebno pažljivi kada je u pitanju voljena osoba. Nedelju ćete provesti u prijatnom porodičnom društvu, ali zato subotu može obeležiti svađa sa voljenom osobom. Pokušajte da padnete na prvu loptu ako vas neko isprovocira. Možda ćete tokom praznika želeti da kažete šta mislite više nego inače. Pokušajte da se oduprete tom porivu idozvolite drugima da vam pomognu. U nedelju može doći do određenih neprijatnosti u ljubavnom životu jer ćete imati utisak da se stvari ne odvijaju onako kako ste želeli. U subotu spremite veliko porodično okupljanje, a u nedelju se primirite jer ćete možda biti u prilici da pokažete svoju ljubomornu stranu. Postoji šansa da će vam bivša ljubavi ukazati na vaše brojne mane. Ako imate neke tajne, one će možda isplivati tokom vikenda. Nedelja će biti burna i imaćete priliku da iskažete sve svoje ljubavne veštine. Možda ćete biti tvrdoglavi povodom važnog porodičnog pitanja, a postoji i šansa da ćete se naći u svađi, posebno u nedelju. Ne bi bilo loše da popustite i pazite da ne budete previše sarkastični jer će ceo vikend biti ispunjen napetošću. Raspoloženi ste za veliko slavlje i odlična je ideja da to podelite sa prijateljima. Porodica će možda pokušati da vam oduzme slobodnu nedelju, ali pokušajte da se ugrizete za jezik i prihvatite svaku obavezu koju vam nametnu - umesto da započnete svađu. Uskrs će vam biti prilično miran, a u petak i subotu će vam možda privući seksualna energije osobe koju ćete tek upoznati. U nedelju će prijatelji i porodica zahtevati vaše vreme i možda ćete primetiti da su malo posesivniji nego inače.U Možda ćete uvideti da su neki od vaših prijatelja i članova porodice isuviše zahtevni i zato je sasvim u redu ako se malo osamite u nedelju. Najbolje je izbegavati sve sukobe, a ako to ne bude opcija, nekoliko dobrih reči će vam mnogo pomoći.</article-text><article-text-transliterated> Uskrs je praznik koji se po nekim starim običajima provodi sa porodicom, kod kuće.  Možda niste neki ljubitelji da slobodne dane provodite isključivo u svom domu, ali evo šta vam kaže horoskop, kako ćete zapravo provesti ove praznične dane. Mesec PRIHODA I PROMENA! Ovim horoskopskim znakovima april 2018. će biti TOTALNI PREOKRET! Tokom praznika ćete uživati u fizičkim aktivnostima. Međutim, obratite pažnju da ne ispadnete previše arogantni jer vas to može uvaliti u neprilike. Zauzdajte potrebu da pobegnete od porodičnih obaveza jer će to samo pogoršati stvari. Ako dođe do problema, najbolje je da budete skromni i date sve od sebe da ga rešite. Bićete paranoični, a možda i sa pravom. Vrlo je verovatno da ste u određenom partnerstvu koje ne funkcioniše i zbog toga biste trebali da praznike provedete praveći planove za budućnost. Čuvajte se starije prijateljice koja se možda samo pretvara da vam pomaže. Praznici su savršen trenutak da svima pokažete svoje kulinarske sposobnosti. Pozovite prijatelje kod sebe i prijatno ih iznenadite. Nedelju rezervišite za osobu koju volite, ali gledajte da je ne provocirate bez potrebe. Ne ignorišite savet koji vam je dala starija prijateljica - čak iako je bolno čuti istinu. Ako praznike provodite sa porodicom, čuvajte se brojnih konflikata do kojih može da dođe, a možda ćete morati da budete posebno pažljivi kada je u pitanju voljena osoba. Nedelju ćete provesti u prijatnom porodičnom društvu, ali zato subotu može obeležiti svađa sa voljenom osobom. Pokušajte da padnete na prvu loptu ako vas neko isprovocira. Možda ćete tokom praznika želeti da kažete šta mislite više nego inače. Pokušajte da se oduprete tom porivu idozvolite drugima da vam pomognu. U nedelju može doći do određenih neprijatnosti u ljubavnom životu jer ćete imati utisak da se stvari ne odvijaju onako kako ste želeli. U subotu spremite veliko porodično okupljanje, a u nedelju se primirite jer ćete možda biti u prilici da pokažete svoju ljubomornu stranu. Postoji šansa da će vam bivša ljubavi ukazati na vaše brojne mane. Ako imate neke tajne, one će možda isplivati tokom vikenda. Nedelja će biti burna i imaćete priliku da iskažete sve svoje ljubavne veštine. Možda ćete biti tvrdoglavi povodom važnog porodičnog pitanja, a postoji i šansa da ćete se naći u svađi, posebno u nedelju. Ne bi bilo loše da popustite i pazite da ne budete previše sarkastični jer će ceo vikend biti ispunjen napetošću. Raspoloženi ste za veliko slavlje i odlična je ideja da to podelite sa prijateljima. Porodica će možda pokušati da vam oduzme slobodnu nedelju, ali pokušajte da se ugrizete za jezik i prihvatite svaku obavezu koju vam nametnu - umesto da započnete svađu. Uskrs će vam biti prilično miran, a u petak i subotu će vam možda privući seksualna energije osobe koju ćete tek upoznati. U nedelju će prijatelji i porodica zahtevati vaše vreme i možda ćete primetiti da su malo posesivniji nego inače.U Možda ćete uvideti da su neki od vaših prijatelja i članova porodice isuviše zahtevni i zato je sasvim u redu ako se malo osamite u nedelju. Najbolje je izbegavati sve sukobe, a ako to ne bude opcija, nekoliko dobrih reči će vam mnogo pomoći.</article-text-transliterated><comment-list /></article><comments><comment-count>0</comment-count></comments></document>