<document global_id="sr-08-54"><url>https://www.srbijadanas.com/vesti/svet/facebook-se-izvinio-kineskom-predsedniku-gruba-greska-u-prevodu-dinpingovog-imena-video-2020-01-19</url><source-id>08</source-id><local-id>54</local-id><source-name>srbijadanas</source-name><article><article-title>FEJSBUK SE IZVINIO KINESKOM PREDSEDNIKU: Gruba greška u prevodu Đinpingovog imena (VIDEO) </article-title><article-time>2020-01-19</article-time><article-author>Srbija Danas/Agencije</article-author><article-text> Facebook je objavio izvinjenje zbog pogrešnog prevoda imena kineskog predsjednika Si Đinpinga sa burmanskog jezika tokom posete Mjanmaru, rekavši da se radi o tehničkoj greški.  Greška zbog koje je Sijevo ime prevedeno kao "gospodin Vukoj***na" sa burmanskog na engleski, desila se drugi dan posete kineskog predsednika kada je sa civilnom liderkom Mjanamara Aung San Su Ći potpisao desetine dogovora o velikim planovima Pekinga za izgradnju infastrukture u toj zemlji.  'Dinner honors President S**thole' - Facebook AI while translating Xi Jinping's name from Burmese to Englishhttps://t.co/xtnXRet2iT Pogrešan prevod pojavio se na zvaničnoj Facebook stranici Su Ći.  Nije poznato koliko je ovakav prevod stajao na Facebooku, ali alat Google-a za prevođenje nije pokazivao istu grešku.</article-text><article-text-transliterated> Facebook je objavio izvinjenje zbog pogrešnog prevoda imena kineskog predsjednika Si Đinpinga sa burmanskog jezika tokom posete Mjanmaru, rekavši da se radi o tehničkoj greški.  Greška zbog koje je Sijevo ime prevedeno kao "gospodin Vukoj***na" sa burmanskog na engleski, desila se drugi dan posete kineskog predsednika kada je sa civilnom liderkom Mjanamara Aung San Su Ći potpisao desetine dogovora o velikim planovima Pekinga za izgradnju infastrukture u toj zemlji.  'Dinner honors President S**thole' - Facebook AI while translating Xi Jinping's name from Burmese to Englishhttps://t.co/xtnXRet2iT Pogrešan prevod pojavio se na zvaničnoj Facebook stranici Su Ći.  Nije poznato koliko je ovakav prevod stajao na Facebooku, ali alat Google-a za prevođenje nije pokazivao istu grešku.</article-text-transliterated><comment-list /></article><comments><comment-count>0</comment-count></comments></document>