<document global_id="sr-08-105"><url>https://www.srbijadanas.com/clanak/roden-je-u-seveningenu-glumio-je-cica-drazu-u-holivudu-je-video-22-06-2015</url><source-id>08</source-id><local-id>105</local-id><source-name>srbijadanas</source-name><article><article-title>Rođen je u ŠEVENINGENU, a glumio je ČIČA DRAŽU u Holivudu. On je... (VIDEO) </article-title><article-time>22-06-2015</article-time><article-author>SrbijaDanas/N. B.</article-author><article-text> Četnički komandant je prikazan kao vođa pokreta otpora u Jugoslaviji i veliki borac za slobodu, a njegov lik je tumačio holandski glumac Filip Dorn (1901 – 1975). Dorn je rođen u Ševeningenu, jednom od distrikta u Hagu, a na rođenju upisan je pod imenom Hajn van der Nit. Kasnije je koristio i alijas Fric van Dongen.  Glumio je u Nemačkoj, a kada je izbio rat, emigrirao je u SAD, u Kaliforniju, gde je počeo da glumi pod imenom Filip Dorn.  U vreme dok su besneli ratni sukobi, 1943. godine dobio je glavnu ulogu u filmu "Četnici! Borbena gerila" u kojem je tumačio lik tada pukovnika Draže Mihailovića, koji je predstavljen kao hrabar vođa jugoslovenskih četnika i vešt borac protiv nacista. Torn se 1950. godine vraća u Nemačku gde nastavlja da glumi, ali je pet godina kasnije imao nesreću na pozornici pa se povlači iz tog posla. Iste 1955. godine se vraća se u SAD i umire u Los Anđelesu 20 godina kasnije.  Radnja filma se odvija u planinama u blizini Kotora, a u gradu se pod lažnim imenima kriju njegova supruga Ljubica (u stvarnosti se zvala Jelica) i njihovo dvoje maloletne dece. Nemci pokušavaju da otkriju i uhvate Dražinu porodicu, kako bi se na taj način dočepali četničkog komandanta koji im zadaje puno muka. Ulogu Dražine supruge tumači glumica Ana Sten.  U filmu se koristi muzika pesme: "Sprem'te se, sprem'te četnici", a u nekim scenama se koristi srpski jezik. Film je režirao Luis King, a rađen je u produkciji poznate kompanije "20th Century Fox".  Film je sniman u propagandne svrhe, ali je doživeo veliki uspeh u američkim bioskopima.  Pročitajte i: </article-text><article-text-transliterated> Četnički komandant je prikazan kao vođa pokreta otpora u Jugoslaviji i veliki borac za slobodu, a njegov lik je tumačio holandski glumac Filip Dorn (1901 – 1975). Dorn je rođen u Ševeningenu, jednom od distrikta u Hagu, a na rođenju upisan je pod imenom Hajn van der Nit. Kasnije je koristio i alijas Fric van Dongen.  Glumio je u Nemačkoj, a kada je izbio rat, emigrirao je u SAD, u Kaliforniju, gde je počeo da glumi pod imenom Filip Dorn.  U vreme dok su besneli ratni sukobi, 1943. godine dobio je glavnu ulogu u filmu "Četnici! Borbena gerila" u kojem je tumačio lik tada pukovnika Draže Mihailovića, koji je predstavljen kao hrabar vođa jugoslovenskih četnika i vešt borac protiv nacista. Torn se 1950. godine vraća u Nemačku gde nastavlja da glumi, ali je pet godina kasnije imao nesreću na pozornici pa se povlači iz tog posla. Iste 1955. godine se vraća se u SAD i umire u Los Anđelesu 20 godina kasnije.  Radnja filma se odvija u planinama u blizini Kotora, a u gradu se pod lažnim imenima kriju njegova supruga Ljubica (u stvarnosti se zvala Jelica) i njihovo dvoje maloletne dece. Nemci pokušavaju da otkriju i uhvate Dražinu porodicu, kako bi se na taj način dočepali četničkog komandanta koji im zadaje puno muka. Ulogu Dražine supruge tumači glumica Ana Sten.  U filmu se koristi muzika pesme: "Sprem'te se, sprem'te četnici", a u nekim scenama se koristi srpski jezik. Film je režirao Luis King, a rađen je u produkciji poznate kompanije "20th Century Fox".  Film je sniman u propagandne svrhe, ali je doživeo veliki uspeh u američkim bioskopima.  Pročitajte i: </article-text-transliterated><comment-list /></article><comments><comment-count>0</comment-count></comments></document>