<document global_id="sr-08-48"><url>https://www.srbijadanas.com/vesti/info/marinkovic-cilj-kongresa-je-da-deklaraciju-o-strateskom-parterstvu-prihvate-i-srbija-i-sad-2020-01-29</url><source-id>08</source-id><local-id>48</local-id><source-name>srbijadanas</source-name><article><article-title>Marinković: Cilj Kongresa je da Deklaraciju o strateškom parterstvu prihvate i Srbija i SAD </article-title><article-time>2020-01-29</article-time><article-author>Srbija Danas</article-author><article-text> Kongres srpsko-američkog prijateljstva (KSAP) predstavio je na sinoćnom obeležavanju dvogodišnjice rada Deklaraciju o strateškom partnerstvu između Republike Srbije i Sjedinjenih Američkih Država. KSAP će ovaj predlog podneti Narodnoj skupštini Republike Srbije na usvajanje, a prema rečima osnivača KSAP potpredsednika Narodne Skupštine RS Vladimira Marinkovića želja je da ona bude prihvaćena u i SAD.  Tekst Deklaracije glasi:  Ova Deklaracija zasniva se na trajno uspostavljenom prijateljstvu između Republike Srbije i Sjedinjenih Američkih Država, na odanom savezništvu u oba svetska rata, na puno puta iskazanoj solidarnosti i obostrano pruženoj ruci prijateljstva i zajedničkoj viziji budućnosti za naše narode;  Polazeći od istorijskog partnerstva, savezništva i diplomatskih odnosa koji traju 138 godina između Republike Srbije i Sjedinjenih Američkih Država,  Tradicionalnog prijateljstva dva naroda koje je iskazano u zajedničkoj borbi tokom Prvog i Drugog svetskog rata, Deleći zajedničke demokratske vrednosti, poštovanja ljudskih prava i sloboda, Odlučni u istorijskoj borbi protiv fašizma, antisemitizma i terorizma,  Smatrajući da u mnogim oblastima saradnja može da se dodatno unapredi i osnaži u najboljem interesu srpskog i americkog naroda,  Kongres srpsko-američkog prijateljstva donosi,  Na toj osnovi, Srbija i SAD nastaviće da još odlučnije, otvorenije i efikasnije grade odnose međusobnog poštovanja, razumevanja i  sveobuhvatne saradnje.  Obrazovanje, kultura i nauka, tehnološki i ekonomski razvoj i bezbednost naših građana su područja saradnje na kojima Srbija očekuje punu podršku i pomoć SAD, imajući u vidu da SAD predstavljaju jednu od najznačajnijih tehnoloških i ekonomskih sila savremenog sveta;  Prijateljstvo između Srbije i SAD je prošlo kroz različite faze, od zlatnog vremena ratnog savezništva, vremena kada se srpska trobojka viorila iznad Bele kuće, do vojne intervencije NATO na Srbiju. Različite stavove treba posmatrati kao spremnost da Srbija i SAD objektivno i odgovorno suoče s tim pitanjima, da trajno i sistematski rade na otklanjanju razlika uz stalno isticanje pitanja oko kojih postoji saglasnost.  Neophodno je kontinuirano upoznavanje građana SAD i Srbije sa istorijom, tradicijom, kulturom, običajima, političkim i ekonomskim uređenjem obe zemlje, kroz razvoj turizma, učenje jezika, razmenu učenika i studenata, transfer znanja, proučavanje života i dela znamenitih ljudi Srbije i SAD i na druge načine. Tako ćemo na najbolji način razumeti jedni druge. Potrebno je snažnije i intenzivnije razvijanje odnosa sa srpskom dijasporom, uz njihovo puno poštovanje kao jednim od ključnih faktora u procesu unapređenja odnosa dve drzave. Ova Deklaracija, potvrđuje našu potpunu posvećenost unapređivanju prijateljskih odnosa, sistemske saradnje i savezništva između Republike Srbije i Sjedinjenih Američkih Država. On se zahvalio svim zvanicama, potpredsednicima Vlade Srbije Zorani Mihajlović i Ivici Dačiću, svim ministrima, narodnim poslanicima, predstavnicima diplomatskog kora, predstavnicima medija, predstavnicima biznisa koji su prisustvovali sinoćnjem obeležavanju dve godine postojanja KSAP-a i na taj način pružili podršku radu ove organizacije.</article-text><article-text-transliterated> Kongres srpsko-američkog prijateljstva (KSAP) predstavio je na sinoćnom obeležavanju dvogodišnjice rada Deklaraciju o strateškom partnerstvu između Republike Srbije i Sjedinjenih Američkih Država. KSAP će ovaj predlog podneti Narodnoj skupštini Republike Srbije na usvajanje, a prema rečima osnivača KSAP potpredsednika Narodne Skupštine RS Vladimira Marinkovića želja je da ona bude prihvaćena u i SAD.  Tekst Deklaracije glasi:  Ova Deklaracija zasniva se na trajno uspostavljenom prijateljstvu između Republike Srbije i Sjedinjenih Američkih Država, na odanom savezništvu u oba svetska rata, na puno puta iskazanoj solidarnosti i obostrano pruženoj ruci prijateljstva i zajedničkoj viziji budućnosti za naše narode;  Polazeći od istorijskog partnerstva, savezništva i diplomatskih odnosa koji traju 138 godina između Republike Srbije i Sjedinjenih Američkih Država,  Tradicionalnog prijateljstva dva naroda koje je iskazano u zajedničkoj borbi tokom Prvog i Drugog svetskog rata, Deleći zajedničke demokratske vrednosti, poštovanja ljudskih prava i sloboda, Odlučni u istorijskoj borbi protiv fašizma, antisemitizma i terorizma,  Smatrajući da u mnogim oblastima saradnja može da se dodatno unapredi i osnaži u najboljem interesu srpskog i americkog naroda,  Kongres srpsko-američkog prijateljstva donosi,  Na toj osnovi, Srbija i SAD nastaviće da još odlučnije, otvorenije i efikasnije grade odnose međusobnog poštovanja, razumevanja i  sveobuhvatne saradnje.  Obrazovanje, kultura i nauka, tehnološki i ekonomski razvoj i bezbednost naših građana su područja saradnje na kojima Srbija očekuje punu podršku i pomoć SAD, imajući u vidu da SAD predstavljaju jednu od najznačajnijih tehnoloških i ekonomskih sila savremenog sveta;  Prijateljstvo između Srbije i SAD je prošlo kroz različite faze, od zlatnog vremena ratnog savezništva, vremena kada se srpska trobojka viorila iznad Bele kuće, do vojne intervencije NATO na Srbiju. Različite stavove treba posmatrati kao spremnost da Srbija i SAD objektivno i odgovorno suoče s tim pitanjima, da trajno i sistematski rade na otklanjanju razlika uz stalno isticanje pitanja oko kojih postoji saglasnost.  Neophodno je kontinuirano upoznavanje građana SAD i Srbije sa istorijom, tradicijom, kulturom, običajima, političkim i ekonomskim uređenjem obe zemlje, kroz razvoj turizma, učenje jezika, razmenu učenika i studenata, transfer znanja, proučavanje života i dela znamenitih ljudi Srbije i SAD i na druge načine. Tako ćemo na najbolji način razumeti jedni druge. Potrebno je snažnije i intenzivnije razvijanje odnosa sa srpskom dijasporom, uz njihovo puno poštovanje kao jednim od ključnih faktora u procesu unapređenja odnosa dve drzave. Ova Deklaracija, potvrđuje našu potpunu posvećenost unapređivanju prijateljskih odnosa, sistemske saradnje i savezništva između Republike Srbije i Sjedinjenih Američkih Država. On se zahvalio svim zvanicama, potpredsednicima Vlade Srbije Zorani Mihajlović i Ivici Dačiću, svim ministrima, narodnim poslanicima, predstavnicima diplomatskog kora, predstavnicima medija, predstavnicima biznisa koji su prisustvovali sinoćnjem obeležavanju dve godine postojanja KSAP-a i na taj način pružili podršku radu ove organizacije.</article-text-transliterated><comment-list /></article><comments><comment-count>0</comment-count></comments></document>