<document global_id="sr-08-270"><url>https://www.srbijadanas.com/vesti/region/dodik-jasan-suprotstavicu-se-sad-i-rusiji-ako-rade-mimo-interesa-rs-2018-03-13</url><source-id>08</source-id><local-id>270</local-id><source-name>srbijadanas</source-name><article><article-title>Dodik jasan: Suprotstaviću se SAD i Rusiji ako rade mimo interesa RS </article-title><article-time>2018-03-13</article-time><article-author>Srbija Danas/Srna</article-author><article-text> Predsednik Republike Srpske Milorad Dodik izjavio je da koristi svoj autoritet da se poboljša položaj Srba u onim delovima BiH gde vlast čini HDZ BiH. On je izrazio uverenje da će u Hercegovačko-neretvanskom kantonu vrlo brzo doći do promena Ustava u delu koji se odnosi na ravnopravnost, ali da to nije jedini problem u tom kantonu. Pročitajte i: Govoreći o američkim sankcijama koje su mu uvedene, Dodik je rekao da Republika Srpska nije osetila to što je on na crnoj listi, a da je njemu lakše raditi ovako jer nema nikakvih pritisaka od američkog ambasadora. Predsednik RS je istakao da nije protiv Amerike i da nije dovoljno glup da bi bio protiv nje. Komentarišući izjave banjalučkog biskupa Franje Komarice da 4.000 povratnika čeka da se vrati u RS, ali ne može zbog njega, Dodik je rekao da nije pošteno da Komarica tako priča, jer ako bi se iko vratio u BiH zbog Milorada Dodika vratili bi se Hrvati, jer oni više navijaju za njega nego neki Srbi. Dodik je naveo da je 1996. godine, kada je izabran za načelnika opštine Laktaši, rehabilitovan jedan katolički samostan, te da je organizovao donatorsko veče za srušenu katolički crkvu na ulazu u Banjaluku na Petrićevcu. Hrvati opet poludeli zbog ćirilice: Učiteljica dala zadatke na srpskom pismu, roditelji zvali gradonačelnicu Osvrćući se na nedavne izbore u Beogradu, Dodik je rekao da je iskoristio ustavno pravo koje mu je dato u Srbiji i glasao, da to nije kršenje zakona i da je veoma ponosan što ima tu mogućnost. Na pitanje da li bi došao na obeležavanje dana nezavisnosti BiH, ako bi bošnjački član Predsedništva došao na obeležavanje Dana Republike Srpske, Dodik je rekao da ne bi, dok se ne dogovori šta je to nezavisnost. Osvrćući se na pitanje jezika Bošnjaka, Dodik je rekao da pokušaj da se napravi bosanski jezik nije odskora jer je još austrougarski namesnik Benjamin Kalaj pokušao da "napravi bosanski jezik, bosansku naciju, pismo".</article-text><article-text-transliterated> Predsednik Republike Srpske Milorad Dodik izjavio je da koristi svoj autoritet da se poboljša položaj Srba u onim delovima BiH gde vlast čini HDZ BiH. On je izrazio uverenje da će u Hercegovačko-neretvanskom kantonu vrlo brzo doći do promena Ustava u delu koji se odnosi na ravnopravnost, ali da to nije jedini problem u tom kantonu. Pročitajte i: Govoreći o američkim sankcijama koje su mu uvedene, Dodik je rekao da Republika Srpska nije osetila to što je on na crnoj listi, a da je njemu lakše raditi ovako jer nema nikakvih pritisaka od američkog ambasadora. Predsednik RS je istakao da nije protiv Amerike i da nije dovoljno glup da bi bio protiv nje. Komentarišući izjave banjalučkog biskupa Franje Komarice da 4.000 povratnika čeka da se vrati u RS, ali ne može zbog njega, Dodik je rekao da nije pošteno da Komarica tako priča, jer ako bi se iko vratio u BiH zbog Milorada Dodika vratili bi se Hrvati, jer oni više navijaju za njega nego neki Srbi. Dodik je naveo da je 1996. godine, kada je izabran za načelnika opštine Laktaši, rehabilitovan jedan katolički samostan, te da je organizovao donatorsko veče za srušenu katolički crkvu na ulazu u Banjaluku na Petrićevcu. Hrvati opet poludeli zbog ćirilice: Učiteljica dala zadatke na srpskom pismu, roditelji zvali gradonačelnicu Osvrćući se na nedavne izbore u Beogradu, Dodik je rekao da je iskoristio ustavno pravo koje mu je dato u Srbiji i glasao, da to nije kršenje zakona i da je veoma ponosan što ima tu mogućnost. Na pitanje da li bi došao na obeležavanje dana nezavisnosti BiH, ako bi bošnjački član Predsedništva došao na obeležavanje Dana Republike Srpske, Dodik je rekao da ne bi, dok se ne dogovori šta je to nezavisnost. Osvrćući se na pitanje jezika Bošnjaka, Dodik je rekao da pokušaj da se napravi bosanski jezik nije odskora jer je još austrougarski namesnik Benjamin Kalaj pokušao da "napravi bosanski jezik, bosansku naciju, pismo".</article-text-transliterated><comment-list /></article><comments><comment-count>0</comment-count></comments></document>