<document global_id="sr-08-248"><url>https://www.srbijadanas.com/zena/zdravlje/obavezna-u-srpskim-domovima-zbog-ove-biljke-mi-je-dete-umrlo-u-stravicnim-mukama-foto-2017-02-15</url><source-id>08</source-id><local-id>248</local-id><source-name>srbijadanas</source-name><article><article-title>OBAVEZNA U SRPSKIM DOMOVIMA: Zbog ove biljke mi je dete umrlo u STRAVIČNIM MUKAMA (FOTO) </article-title><article-time>2017-02-15</article-time><article-author>Srbija Danas/Webtribune.rs</article-author><article-text> Kako ljudi kažu, sve ono dobro ili loše što se dešava u našem svetu, dešava se i u svetu biljaka. Većina ljudi se slaže da nam je zelenilo u domovima potrebno i da je dom što zeleniji to bolji. Mnogi bi čak želeli da od svog doma naprave prašumu. Molim vas da pažljivo ovo pročitate. Moj sin je umro jer je stavio komadić lista u usta zbog kojeg su mu otekli grlo i jezik što je dovelo do toga da se uguši. Ova biljka je vrlo česta u domovima i kancelarijama. Ona je izuzetno otrovna i vrlo opasna, čak do te mere da ubija dete za jedan minut a odraslog čoveka u roku od 15 minuta. Ukoliko je slučajno dodirnete, nikada ne dodirujte oči nakon toga jer to može prouzrokovati trajno slepilo. Upozorite svoje prijatelje i familiju. Tako je započeo lanac deljenja informacije koja bi zaštitila ljude od ove biljke koja bi vas mogla koštati života. Sve je počelo kada se mali petogodišnji Esteban igrao i rekao svojoj majci da se ne oseća dobro. Ona je mislila da je u pitanju samo loše varenje ili izmorenost. Njegov otac se ipak zabrinuo kada je detetu promenila boja u licu i kada je dečak počeo da se guši. Ova žena je izgubila 57 kilograma i to zahvaljujući SELFIJU! (FOTO) On je zatim odmah pozvao hitnu pomoć koja ga je odvela u bolnicu gde su ga primili na odeljenje za hitne slučajeve usled trovanja. Niko nije znao šta se dešava i bio je to izuzetno uznemirujuć momenat. Nakon pola sata, doktor je obavestio dečakovu majku da je dečak preminuo i da je uzrok njegove smrti najverovatnije u vezi sa nečim što je on pojeo. Iz tog razloga je doktor naručio da se uradi testiranje krvi i rezultati su pokazali da je dečak imao visok nivo hemijske supstance po imenu kalcijum oksalat u organizmu. Ova hemijska supstanca se može pronaći u biljci koja se zove difenbahija, a takođe je poznata i po imenu amoena. Ovo je vrlo česta kućna biljka i ljudi vole da je drže u svom domu ili kancelariji jer je izuzetno otporna na vremenske uslove i ne zahteva mnogo sunčeve svetlosti. Oni koji poseduju difenbahiju bi trebali biti izuzetno pažljivi, naročito ako su deca u blizini jer je ta biljka smrtonosna ukoliko se konzumira. Podaci iz 2006. godine pokazuju da je u SAD-u bilo 64 250 registrovanih slučajeva trovanja putem biljaka, od kojih su 75 odsto u pitanju bila deca starosti do pet godina. Ukoliko je osoba otrovana difenbahijom, Nacionalna biblioteka medicine Sjedinjenih Država preporučuje da se usta iščiste hladnom, mokrom tkaninom i isperu oči. Ukoliko je osoba došla u kontakt sa difenbahijom, takođe joj treba dati da popije mleko a zatim potražiti medicinsku pomoć. Ova biljka sadrži supstance koje su izuzetno opasne po život. Nemojte zaboraviti da podelite ovaj članak da bi svi znali o ovoj biljci i opasnosti koju ona nosi.</article-text><article-text-transliterated> Kako ljudi kažu, sve ono dobro ili loše što se dešava u našem svetu, dešava se i u svetu biljaka. Većina ljudi se slaže da nam je zelenilo u domovima potrebno i da je dom što zeleniji to bolji. Mnogi bi čak želeli da od svog doma naprave prašumu. Molim vas da pažljivo ovo pročitate. Moj sin je umro jer je stavio komadić lista u usta zbog kojeg su mu otekli grlo i jezik što je dovelo do toga da se uguši. Ova biljka je vrlo česta u domovima i kancelarijama. Ona je izuzetno otrovna i vrlo opasna, čak do te mere da ubija dete za jedan minut a odraslog čoveka u roku od 15 minuta. Ukoliko je slučajno dodirnete, nikada ne dodirujte oči nakon toga jer to može prouzrokovati trajno slepilo. Upozorite svoje prijatelje i familiju. Tako je započeo lanac deljenja informacije koja bi zaštitila ljude od ove biljke koja bi vas mogla koštati života. Sve je počelo kada se mali petogodišnji Esteban igrao i rekao svojoj majci da se ne oseća dobro. Ona je mislila da je u pitanju samo loše varenje ili izmorenost. Njegov otac se ipak zabrinuo kada je detetu promenila boja u licu i kada je dečak počeo da se guši. Ova žena je izgubila 57 kilograma i to zahvaljujući SELFIJU! (FOTO) On je zatim odmah pozvao hitnu pomoć koja ga je odvela u bolnicu gde su ga primili na odeljenje za hitne slučajeve usled trovanja. Niko nije znao šta se dešava i bio je to izuzetno uznemirujuć momenat. Nakon pola sata, doktor je obavestio dečakovu majku da je dečak preminuo i da je uzrok njegove smrti najverovatnije u vezi sa nečim što je on pojeo. Iz tog razloga je doktor naručio da se uradi testiranje krvi i rezultati su pokazali da je dečak imao visok nivo hemijske supstance po imenu kalcijum oksalat u organizmu. Ova hemijska supstanca se može pronaći u biljci koja se zove difenbahija, a takođe je poznata i po imenu amoena. Ovo je vrlo česta kućna biljka i ljudi vole da je drže u svom domu ili kancelariji jer je izuzetno otporna na vremenske uslove i ne zahteva mnogo sunčeve svetlosti. Oni koji poseduju difenbahiju bi trebali biti izuzetno pažljivi, naročito ako su deca u blizini jer je ta biljka smrtonosna ukoliko se konzumira. Podaci iz 2006. godine pokazuju da je u SAD-u bilo 64 250 registrovanih slučajeva trovanja putem biljaka, od kojih su 75 odsto u pitanju bila deca starosti do pet godina. Ukoliko je osoba otrovana difenbahijom, Nacionalna biblioteka medicine Sjedinjenih Država preporučuje da se usta iščiste hladnom, mokrom tkaninom i isperu oči. Ukoliko je osoba došla u kontakt sa difenbahijom, takođe joj treba dati da popije mleko a zatim potražiti medicinsku pomoć. Ova biljka sadrži supstance koje su izuzetno opasne po život. Nemojte zaboraviti da podelite ovaj članak da bi svi znali o ovoj biljci i opasnosti koju ona nosi.</article-text-transliterated><comment-list /></article><comments><comment-count>0</comment-count></comments></document>