<document global_id="sr-08-179"><url>https://www.srbijadanas.com/vip/vip/popularni-glumac-tesko-bolestan-svi-su-u-soku-ima-samo-40-kila-foto-2016-12-22</url><source-id>08</source-id><local-id>179</local-id><source-name>srbijadanas</source-name><article><article-title>POPULARNI GLUMAC TEŠKO BOLESTAN: Svi su u ŠOKU! Ima samo 40 kila... (FOTO) </article-title><article-time>2016-12-22</article-time><article-author>Srbija Danas</article-author><article-text> Val Kilmer je teško bolestan, tvrde prijatelji mesec dana nakon što je glumac Majkl Daglasizjavio da boluje od raka grla. Val Kilmer je brzo demantovao sve što je Daglas izjavio, ali sada su se oglasili njegovi prijatelji i poručili: "nije dobro". Pokušava sve da uveri da je sve u redu s njim, ali svi vidimo da nije. Stanje mu se jako pogoršalo. Izgleda jako bolesno i ima otok na desnoj strani vrata", rekao je neimenovani izvor i dodao da mu "odeća visi i da ima 40 kilograma". Val Kilmer krije svoje zdravstveno stanje, a njegova majka je nedavno izjavila da se on, umesto medicinom, leči molitvom. Pre mesec dana se pojavio na prikazivanju svog filma "Građanin Tvejn" i rekao da je morao da otkaže promotivne aktivnosti, jer "ima problema s govorom i jezik mu je otekao".</article-text><article-text-transliterated> Val Kilmer je teško bolestan, tvrde prijatelji mesec dana nakon što je glumac Majkl Daglasizjavio da boluje od raka grla. Val Kilmer je brzo demantovao sve što je Daglas izjavio, ali sada su se oglasili njegovi prijatelji i poručili: "nije dobro". Pokušava sve da uveri da je sve u redu s njim, ali svi vidimo da nije. Stanje mu se jako pogoršalo. Izgleda jako bolesno i ima otok na desnoj strani vrata", rekao je neimenovani izvor i dodao da mu "odeća visi i da ima 40 kilograma". Val Kilmer krije svoje zdravstveno stanje, a njegova majka je nedavno izjavila da se on, umesto medicinom, leči molitvom. Pre mesec dana se pojavio na prikazivanju svog filma "Građanin Tvejn" i rekao da je morao da otkaže promotivne aktivnosti, jer "ima problema s govorom i jezik mu je otekao".</article-text-transliterated><comment-list /></article><comments><comment-count>0</comment-count></comments></document>