<document global_id="sr-08-65"><url>https://www.srbijadanas.com/vesti/drustvo/odrastanje-uz-uvrede-marina-20-je-rodena-sa-mladezom-preko-polovine-lica-danas-je-inspiracija-2019-12-15</url><source-id>08</source-id><local-id>65</local-id><source-name>srbijadanas</source-name><article><article-title>ODRASTANJE UZ UVREDE: Marina (20) je rođena sa mladežom preko polovine lica, danas je INSPIRACIJA mnogima </article-title><article-time>2019-12-15</article-time><article-author>Srbija Danas/Blic</article-author><article-text> Ovako počinje priču mlada devojka, student turskog jezika i velika inspiracija svima koji su se nekada osetili diskriminisanim na bilo koji način. I upravo ona je, pre nekoliko dana, doduše ne prvi put, bila na meti diskriminacije, neosnovane, bolne i u krajnjoj meri jako glupe. O njoj je Marina progovorila na društvenoj mreži Tviter, a onda dobila podršku od stotine ljudi i tako pokazala da ovo društvo može biti i drugačije. Marina priča da je toliko puta bila u ovakvim situacijama da su joj one postale svakodnevica. Ona objašnjava da nekada ne može da veruje da se ovakve stvari dešavaju generalno, ne samo njoj, te da ljudi i pored problema od egzistencijalne važnosti i svih svakodnevnih obaveza, nađu vreme da "zabadaju nos tamo gde mu nije mesto". Obrnimo jedan krug, i vratimo se na priču o njoj. O Marini, devojci koja živi život kao i svi drugi ljudi, ali koja je morala uvek da proživljava onaj neprijatan osećaj u stomaku, jer ljudi k'o ljudi, ne umeju da zaćute. Neiskusni doktori su tada, priča, rekli da je u pitanju melanom i da će živeti 40 dana. Možete li da zamislite kako se njena majka tada osećala? Ona kaže da ni dan danas ne može. Operacija je izvršena kada je Marina imala godinu i nekoliko meseci, tako da se same operacije i bola ni neseća, ali majka joj je tada pričala da je bilo jako teško za gledanje, jer, kako kaže, gledaš bebu zavijenu u zavoje, a ne možeš da joj pomogneš. Kako je vreme prolazilo, devojčica je rasla sa vidnim ožiljkom preko cele leve polovine lica. Niko nije želeo da se druži sa njom. Niko nije želeo da sedi sa njom u vrtiću i školi. Na priredbama je uvek bila "višak", kako kaže. Kratko i jasno, ljudi su je izbegavali na sve moguće načine. A onda, prekretnica. Marina je napunila 14 godina i tada je jedan događaj u potpunosti promenio dalji tok njenog života. Tada je promenila frizuru, sklonila kosu sa lica, prvi put u životu. I od tada joj život ide u sasvim drugom smeru. A želje? Ima ih mnogo, onih neostvarenih.</article-text><article-text-transliterated> Ovako počinje priču mlada devojka, student turskog jezika i velika inspiracija svima koji su se nekada osetili diskriminisanim na bilo koji način. I upravo ona je, pre nekoliko dana, doduše ne prvi put, bila na meti diskriminacije, neosnovane, bolne i u krajnjoj meri jako glupe. O njoj je Marina progovorila na društvenoj mreži Tviter, a onda dobila podršku od stotine ljudi i tako pokazala da ovo društvo može biti i drugačije. Marina priča da je toliko puta bila u ovakvim situacijama da su joj one postale svakodnevica. Ona objašnjava da nekada ne može da veruje da se ovakve stvari dešavaju generalno, ne samo njoj, te da ljudi i pored problema od egzistencijalne važnosti i svih svakodnevnih obaveza, nađu vreme da "zabadaju nos tamo gde mu nije mesto". Obrnimo jedan krug, i vratimo se na priču o njoj. O Marini, devojci koja živi život kao i svi drugi ljudi, ali koja je morala uvek da proživljava onaj neprijatan osećaj u stomaku, jer ljudi k'o ljudi, ne umeju da zaćute. Neiskusni doktori su tada, priča, rekli da je u pitanju melanom i da će živeti 40 dana. Možete li da zamislite kako se njena majka tada osećala? Ona kaže da ni dan danas ne može. Operacija je izvršena kada je Marina imala godinu i nekoliko meseci, tako da se same operacije i bola ni neseća, ali majka joj je tada pričala da je bilo jako teško za gledanje, jer, kako kaže, gledaš bebu zavijenu u zavoje, a ne možeš da joj pomogneš. Kako je vreme prolazilo, devojčica je rasla sa vidnim ožiljkom preko cele leve polovine lica. Niko nije želeo da se druži sa njom. Niko nije želeo da sedi sa njom u vrtiću i školi. Na priredbama je uvek bila "višak", kako kaže. Kratko i jasno, ljudi su je izbegavali na sve moguće načine. A onda, prekretnica. Marina je napunila 14 godina i tada je jedan događaj u potpunosti promenio dalji tok njenog života. Tada je promenila frizuru, sklonila kosu sa lica, prvi put u životu. I od tada joj život ide u sasvim drugom smeru. A želje? Ima ih mnogo, onih neostvarenih.</article-text-transliterated><comment-list /></article><comments><comment-count>0</comment-count></comments></document>