<document global_id="sr-08-190"><url>https://www.srbijadanas.com/vip/vip/prestravljena-karleusa-sokirala-javnost-ne-zelim-da-zivim-u-srbiji-foto-2016-12-23</url><source-id>08</source-id><local-id>190</local-id><source-name>srbijadanas</source-name><article><article-title>PRESTRAVLJENA KARLEUŠA ŠOKIRALA JAVNOST: Ne želim da živim u Srbiji! (FOTO) </article-title><article-time>2016-12-23</article-time><article-author>Srbija Danas/Kurir</article-author><article-text> Jelena Karleuša reagovala je na društvenim mrežama nakon pisanja domaćih medija da je robijaš Marko Jovanović zaklao svog cimera iz zatvora. Povodom stravičnog događaja Karleuša se oglasila putem društvene mreže Fejsbuk i poslala jasnu poruku koja je iznenadila sve njene fanove. A photo posted by JELENA KARLEUŠA (@karleusastar) on Dec 18, 2016 at 6:44am PST Podsetimo, Osuđenik Marko Jovanović (27), dvostruki ubica iz Niša, koji je u ćeliji zatvora u Padinskoj skeli zaklao cimera Ramiza Šarića (34), isekao ga je najpre žiletom od uveta do uveta, iščupao mu jezik, a potom mu odgrizao deo lica, izvršio je stravičan zločin zbog svađe oko muzike, saznaje Kurir iz izvora iz istrage! Monstrum se, kako izvor dodaje, ni tu nije zaustavio, već je krvlju koja je šikljala iz vrata cimera po zidovima ćelije koju su delili dva meseca ispisao imena "Ceca i Jeca".</article-text><article-text-transliterated> Jelena Karleuša reagovala je na društvenim mrežama nakon pisanja domaćih medija da je robijaš Marko Jovanović zaklao svog cimera iz zatvora. Povodom stravičnog događaja Karleuša se oglasila putem društvene mreže Fejsbuk i poslala jasnu poruku koja je iznenadila sve njene fanove. A photo posted by JELENA KARLEUŠA (@karleusastar) on Dec 18, 2016 at 6:44am PST Podsetimo, Osuđenik Marko Jovanović (27), dvostruki ubica iz Niša, koji je u ćeliji zatvora u Padinskoj skeli zaklao cimera Ramiza Šarića (34), isekao ga je najpre žiletom od uveta do uveta, iščupao mu jezik, a potom mu odgrizao deo lica, izvršio je stravičan zločin zbog svađe oko muzike, saznaje Kurir iz izvora iz istrage! Monstrum se, kako izvor dodaje, ni tu nije zaustavio, već je krvlju koja je šikljala iz vrata cimera po zidovima ćelije koju su delili dva meseca ispisao imena "Ceca i Jeca".</article-text-transliterated><comment-list /></article><comments><comment-count>0</comment-count></comments></document>