<document global_id="sr-08-301"><url>https://www.srbijadanas.com/biz/posao/heineken-srbija-trainee-program-igrajmo-u-istom-timu-2018-04-12</url><source-id>08</source-id><local-id>301</local-id><source-name>srbijadanas</source-name><article><article-title>HEINEKEN Srbija Trainee program – Igrajmo u istom timu! </article-title><article-time>2018-04-12</article-time><article-author>PR</article-author><article-text> Pozivamo da se prijave studenti završnih godina, apsolventi i/ili studenti koji su u poslednje tri godine završili Tehnički, Mašinski, Poljoprivredni ili Tehnološki fakultet. Trainee program, koji će se realizovati u pivari u Zaječaru, pružiće priliku mladima da se dodatno edukuju, steknu veštine i prođu obuku u lancu snabdevanja u kompaniji HEINEKEN Srbija, uz mogućnost stalnog zaposlenja nakon završetka prakse. Konkurs je raspisan za tri pozicije: Trainee u inžinjeringu, Trainee u kontroli kvaliteta i Trainee u primarnoj proizvodnji piva. Prioritet imaju kandidati koji dobro govore engleski jezik i spremni su da postanu deo ambicioznog i dinamičnog tima kompanije HEINEKEN Srbija. Tokom godinu dana, kandidatima HEINEKEN Srbija Trainee Programa biće omogućen individualni rad sa mentorom, koji će intenzivno pratiti njihov progres i davati im smernice za dalji razvoj. Svi zainteresovani kandidati treba da pošalju svoju biografiju uz propratno pismo na posao.srbija@heineken.com, najkasnije do 15. aprila 2018. godine. Detaljne informacije o HEINEKEN Srbija Trainee programu možete pronaći na zvaničnom sajtu kompanije Heineken: www.heinekensrbija.rs</article-text><article-text-transliterated> Pozivamo da se prijave studenti završnih godina, apsolventi i/ili studenti koji su u poslednje tri godine završili Tehnički, Mašinski, Poljoprivredni ili Tehnološki fakultet. Trainee program, koji će se realizovati u pivari u Zaječaru, pružiće priliku mladima da se dodatno edukuju, steknu veštine i prođu obuku u lancu snabdevanja u kompaniji HEINEKEN Srbija, uz mogućnost stalnog zaposlenja nakon završetka prakse. Konkurs je raspisan za tri pozicije: Trainee u inžinjeringu, Trainee u kontroli kvaliteta i Trainee u primarnoj proizvodnji piva. Prioritet imaju kandidati koji dobro govore engleski jezik i spremni su da postanu deo ambicioznog i dinamičnog tima kompanije HEINEKEN Srbija. Tokom godinu dana, kandidatima HEINEKEN Srbija Trainee Programa biće omogućen individualni rad sa mentorom, koji će intenzivno pratiti njihov progres i davati im smernice za dalji razvoj. Svi zainteresovani kandidati treba da pošalju svoju biografiju uz propratno pismo na posao.srbija@heineken.com, najkasnije do 15. aprila 2018. godine. Detaljne informacije o HEINEKEN Srbija Trainee programu možete pronaći na zvaničnom sajtu kompanije Heineken: www.heinekensrbija.rs</article-text-transliterated><comment-list /></article><comments><comment-count>0</comment-count></comments></document>