<document global_id="sr-08-59"><url>https://www.srbijadanas.com/vesti/svet/proradio-vulkan-planina-koja-se-pusi-zuto-upozorenje-u-meksikuvideo-2019-12-25</url><source-id>08</source-id><local-id>59</local-id><source-name>srbijadanas</source-name><article><article-title>Meksički džin počeo da izbacuje UŽARENO KAMENJE! Vlasti izdale HITNO UPOZORENJE (VIDEO) </article-title><article-time>2019-12-25</article-time><article-author>Srbija Danas</article-author><article-text> #Entérate 🌋 | Así fue la actividad del volcán #Popocatépetl esta madrugada que duró cerca de media hora. pic.twitter.com/cfWktOdeH3 Así amanecieron, cubiertos de ceniza, los vehículos en la zona de #Cuautlancingo tras explosión del volcán #Popocatepetl. #Puebla Vía @jenycoleote pic.twitter.com/UhvpWdNyNI Popokatepetl, čije se ime sa jezika Asteka prevodi kao "planina koja se puši", udaljen je 50 kilometara od Meksika. To je drugi po veličini i najaktivniji vulkan u zemlji. Nalazi se na 5.400 metara nadmorske visine i jedan je od glavnih simbola grada.</article-text><article-text-transliterated> #Entérate 🌋 | Así fue la actividad del volcán #Popocatépetl esta madrugada que duró cerca de media hora. pic.twitter.com/cfWktOdeH3 Así amanecieron, cubiertos de ceniza, los vehículos en la zona de #Cuautlancingo tras explosión del volcán #Popocatepetl. #Puebla Vía @jenycoleote pic.twitter.com/UhvpWdNyNI Popokatepetl, čije se ime sa jezika Asteka prevodi kao "planina koja se puši", udaljen je 50 kilometara od Meksika. To je drugi po veličini i najaktivniji vulkan u zemlji. Nalazi se na 5.400 metara nadmorske visine i jedan je od glavnih simbola grada.</article-text-transliterated><comment-list /></article><comments><comment-count>0</comment-count></comments></document>