<document global_id="sr-08-174"><url>https://www.srbijadanas.com/zena/vesti/operite-zube-bez-paste-cetkice-ili-konca-bice-cisti-i-savrseno-beli-video-2016-12-11</url><source-id>08</source-id><local-id>174</local-id><source-name>srbijadanas</source-name><article><article-title>Operite zube BEZ paste, četkice ili konca, biće čisti i savršeno BELI! (VIDEO) </article-title><article-time>2016-12-11</article-time><article-author>Srbija Danas/Telegraf.rs</article-author><article-text> Ukoliko neko vreme niste stigli da operete zube ili spadate u one koju su sumnjičavi prema industrijskim pastama, znajte da je spas u alternativnoj medicini, odnosno majci prirodi. Sve što vam treba jeste malo maslinovog ulja. Mućkanje ulja u ustima je stara tehnika koja potiče iz indijske ajurvede, a koristi se već 3.000 godina. Ono što se savetuje jeste mućkanje ulja u ustima dvadesetak minuta na prazan želudac. Ovaj postupak ne ostavlja gorak ukus u ustima. Prema preporukama, ako rešite da se odreknete paste za zube, a da vam zubi i usta budu savršeno čisti, ovo bi trebalo raditi dvaput na dan. U pitanju je odličan, a prirodan način za izbeljivanje zuba i zaštitu desni. Ako vam smeta gustina ulja prilikom mućkanja, stavite ga pod jezik. Nakon što ste gotovi sa ovim načinom “pranja zuba” isperite dobro vodom. Ulje nemojte da gutate. Preporučuje se obično jestivo maslinovo ulje, ali može da se koristi i kokosovo, a stručnjaci savetuju da se izbegavaju  susamovo i suncokretovo ulje.</article-text><article-text-transliterated> Ukoliko neko vreme niste stigli da operete zube ili spadate u one koju su sumnjičavi prema industrijskim pastama, znajte da je spas u alternativnoj medicini, odnosno majci prirodi. Sve što vam treba jeste malo maslinovog ulja. Mućkanje ulja u ustima je stara tehnika koja potiče iz indijske ajurvede, a koristi se već 3.000 godina. Ono što se savetuje jeste mućkanje ulja u ustima dvadesetak minuta na prazan želudac. Ovaj postupak ne ostavlja gorak ukus u ustima. Prema preporukama, ako rešite da se odreknete paste za zube, a da vam zubi i usta budu savršeno čisti, ovo bi trebalo raditi dvaput na dan. U pitanju je odličan, a prirodan način za izbeljivanje zuba i zaštitu desni. Ako vam smeta gustina ulja prilikom mućkanja, stavite ga pod jezik. Nakon što ste gotovi sa ovim načinom “pranja zuba” isperite dobro vodom. Ulje nemojte da gutate. Preporučuje se obično jestivo maslinovo ulje, ali može da se koristi i kokosovo, a stručnjaci savetuju da se izbegavaju  susamovo i suncokretovo ulje.</article-text-transliterated><comment-list /></article><comments><comment-count>0</comment-count></comments></document>