<document global_id="sr-08-112"><url>https://www.srbijadanas.com/clanak/zbog-jelininh-i-gastozovih-svada-produkcija-donela-odluku-o-zabrani-04-07-2015</url><source-id>08</source-id><local-id>112</local-id><source-name>srbijadanas</source-name><article><article-title>PRETNJE SMRĆU: Zbog Jeleninih i Gastozovih SVAĐA, produkcija donela ODLUKU O ZABRANI! </article-title><article-time>04-07-2015</article-time><article-author>Srbija Danas </article-author><article-text> Učesnici "Parova" Jelena Golubović i Nenad Marinković Gastoz su nastavili u novom rijalitiju započetu svađu u vili. Od samog početka "Maldiva" njih dvoje ne prestaju sa raspravama o tome ko je zaslužio pobedu. Na taj račun jedno drugom upućuju uvrede, te je Gastoz Jeleni rekao da je bila sa drvosečama, aludirajući na njenu vezu sa Čupom. On je takođe pominjao i njenu porodicu, a u jednom trenutku joj je poručio: "Ti si mrtva!" Rediteljka nije ostala dužna pobedniku "Parova", koja mu je odgovorila time što je izjavila da je njegova devojka Marijana prostitutka. Zbog svega što su rekli jedno drugom, produkcija je zabranila da pričaju o bilo čemu iz prethodnog rijalitja dok se nalaze u "Maldivima". Videćemo da li će uspeti da drže jezik za zubima. Jelena ima tajni zadatak, a ovde pogledajte o čemu je reč. Pročitajte i:</article-text><article-text-transliterated> Učesnici "Parova" Jelena Golubović i Nenad Marinković Gastoz su nastavili u novom rijalitiju započetu svađu u vili. Od samog početka "Maldiva" njih dvoje ne prestaju sa raspravama o tome ko je zaslužio pobedu. Na taj račun jedno drugom upućuju uvrede, te je Gastoz Jeleni rekao da je bila sa drvosečama, aludirajući na njenu vezu sa Čupom. On je takođe pominjao i njenu porodicu, a u jednom trenutku joj je poručio: "Ti si mrtva!" Rediteljka nije ostala dužna pobedniku "Parova", koja mu je odgovorila time što je izjavila da je njegova devojka Marijana prostitutka. Zbog svega što su rekli jedno drugom, produkcija je zabranila da pričaju o bilo čemu iz prethodnog rijalitja dok se nalaze u "Maldivima". Videćemo da li će uspeti da drže jezik za zubima. Jelena ima tajni zadatak, a ovde pogledajte o čemu je reč. Pročitajte i:</article-text-transliterated><comment-list /></article><comments><comment-count>0</comment-count></comments></document>