<document global_id="sr-08-231"><url>https://www.srbijadanas.com/it/vesti/budite-doktor-za-lizanje-mace-uz-ovu-aplikaciju-ona-ce-vristati-od-milja-i-traziti-jos-video-2017-02-01</url><source-id>08</source-id><local-id>231</local-id><source-name>srbijadanas</source-name><article><article-title>BUDITE DOKTOR ZA LIZANJE "MACE": Uz ovu aplikaciju, ona će vrištati od milja i tražiti JOŠ! (VIDEO) </article-title><article-time>2017-02-01</article-time><article-author>Srbija Danas</article-author><article-text> I to se desilo - napravljena je aplikacija na mobilnom telefonu koja podušava ljude veštini kunilingusa (lizanja vagine u erotske svrhe). Zove se Lickster i sve što treba da uradite jeste da pokrenete aplikaciju i sve će vam biti jasno. Na telefonu se pojavljuje "vagina" a vi samo pratite uputstva. Skupljate bodove i ako vaš telefon doživi orgazam, nema šanse da i devojka ne dosegne vrhunac. Tvorci tvrde da ni jedan penis neće moći da učini ono što će moći vaš jezik. Pre nego što počnete da guglate i tražite ovu aplikaciju (probali smo), moramo da vas razočaramo - ipak je u pitanju samo šala. Ipak, prilično sjajna, priznaćete.  Pogledajte OVDE kako jedna devojka masturbira na plaži punoj ljudi - sve je snimljeno. </article-text><article-text-transliterated> I to se desilo - napravljena je aplikacija na mobilnom telefonu koja podušava ljude veštini kunilingusa (lizanja vagine u erotske svrhe). Zove se Lickster i sve što treba da uradite jeste da pokrenete aplikaciju i sve će vam biti jasno. Na telefonu se pojavljuje "vagina" a vi samo pratite uputstva. Skupljate bodove i ako vaš telefon doživi orgazam, nema šanse da i devojka ne dosegne vrhunac. Tvorci tvrde da ni jedan penis neće moći da učini ono što će moći vaš jezik. Pre nego što počnete da guglate i tražite ovu aplikaciju (probali smo), moramo da vas razočaramo - ipak je u pitanju samo šala. Ipak, prilično sjajna, priznaćete.  Pogledajte OVDE kako jedna devojka masturbira na plaži punoj ljudi - sve je snimljeno. </article-text-transliterated><comment-list /></article><comments><comment-count>0</comment-count></comments></document>