<document global_id="sr-08-228"><url>https://www.srbijadanas.com/vip/vip/izletela-se-ana-otkrila-fantastican-detalj-o-trudnoci-bice-ih-vise-od-troje-2017-02-06</url><source-id>08</source-id><local-id>228</local-id><source-name>srbijadanas</source-name><article><article-title>IZLETELA SE: Ana otkrila FANTASTIČAN detalj o trudnoći - biće ih više od troje? </article-title><article-time>2017-02-06</article-time><article-author>Srbija Danas/Alo</article-author><article-text> Pop pevačica Ana Nikolić, odnedavno Đurić, otkad se udala za Stefana Đurića Rastu, nagovestila je da nosi blizance. Poznata kao brzopleta i kao neko ko često ne vodi računa o tome šta priča u javnosti, izletela se tokom emisije "Ja imam talenat", u kojoj je član žirija, ovog puta o svojoj trudnoći. Kako pevačicini fanovi i mediji već neko vreme pokušavaju da saznaju da li trudna Paraćinka čeka sina ili ćerku, sva je prilika da će pevačica postati mama dvoje dece. Naime, Ani je na snimanju popularne emisije jezik bio brži od pameti, pa je neplanirano gledaocima otkrila da čeka blizance. A photo posted by ANA NIKOLIĆ (@ananikolicofficial) on Jan 30, 2017 at 11:09am PST Nakon nastupa jednog takmičara, došao je red na Anu da glasa, a ona, oduševljena nastupom, izustila je: MA SKINITE MI SE: Pogledajte Žikinu REAKCIJU na reči Anine pesme (VIDEO) A photo posted by ANA NIKOLIĆ (@ananikolicofficial) on Jan 18, 2017 at 9:33am PST A photo posted by STEFAN (@stefanrasta) on Jan 30, 2017 at 5:27am PST</article-text><article-text-transliterated> Pop pevačica Ana Nikolić, odnedavno Đurić, otkad se udala za Stefana Đurića Rastu, nagovestila je da nosi blizance. Poznata kao brzopleta i kao neko ko često ne vodi računa o tome šta priča u javnosti, izletela se tokom emisije "Ja imam talenat", u kojoj je član žirija, ovog puta o svojoj trudnoći. Kako pevačicini fanovi i mediji već neko vreme pokušavaju da saznaju da li trudna Paraćinka čeka sina ili ćerku, sva je prilika da će pevačica postati mama dvoje dece. Naime, Ani je na snimanju popularne emisije jezik bio brži od pameti, pa je neplanirano gledaocima otkrila da čeka blizance. A photo posted by ANA NIKOLIĆ (@ananikolicofficial) on Jan 30, 2017 at 11:09am PST Nakon nastupa jednog takmičara, došao je red na Anu da glasa, a ona, oduševljena nastupom, izustila je: MA SKINITE MI SE: Pogledajte Žikinu REAKCIJU na reči Anine pesme (VIDEO) A photo posted by ANA NIKOLIĆ (@ananikolicofficial) on Jan 18, 2017 at 9:33am PST A photo posted by STEFAN (@stefanrasta) on Jan 30, 2017 at 5:27am PST</article-text-transliterated><comment-list /></article><comments><comment-count>0</comment-count></comments></document>