<document global_id="sr-08-165"><url>https://www.srbijadanas.com/vesti/info/srpski-ponos-nasoj-naucnici-1356000-evra-od-eu-2016-12-05</url><source-id>08</source-id><local-id>165</local-id><source-name>srbijadanas</source-name><article><article-title>SRPSKI PONOS: Našoj naučnici 1.356.000 evra od EU </article-title><article-time>2016-12-05</article-time><article-author>Srbija Danas/Alo</article-author><article-text> "Države se u nauci mere i po tome koliko su ERC grantova dobile, a retki dobitnici iz malih država kao što je Srbija predstavljaju prave heroje modernih istraživača", navodi se u saopštenju i podseća da je arheološkinja Sofija Stefanović pre dve godine osvojila ERC starter grant. Ukoliko imate mađarski pasoš, a NE ZNATE JEZIK - nećete se baš lepo provesti na granici! Reč je o najznačajnijoj podršci koju je jedan istraživač sa Zapadnog Balkana u oblasti prirodnih nauka ikada dobio od Evrope i to za izučavanje fundamentalnih osobina materije. „Naš projekat se odnosi na razumevanje osnovnih zakona prirode, pa samim tim nema direktnih primena u privredi“, kaže dobitnica ERC granta Magdalena Đorđević. „Ekonomska korist ovog projekta je da smo u zemlju doneli 1.356.000 evra bespovratnih sredstava Evropske unije. Dobar deo tih sredstava će biti iskorišćen da se zaposle naši naučnici, posebno mlade kolege, koje bi, u odsustvu ovog projekta, verovatno otišli iz zemlje.“ Đorđević je diplomirala na Fizičkom fakultetu u Beogradu. Nakon toga odlazi u Ameriku gde doktorira na Kolumbija Univerzitetu u Njujorku, a istraživanja u oblasti nuklearne fizike nastavlja u Ohaju. Uprkos brojnim priznanjima i uspešnoj karijeri u Americi, odaziva se na poziv Instituta za fiziku, i pre šest godina se vraća u Srbiju, zajedno sa suprugom koji je takođe izuzetno uspešan fizičar, ali u oblasti biofizike. "Volela bih da ovaj primer bude podstrek našoj Vladi da naša nauka ima potencijal i da bi naše istraživače trebalo podržati“, rekla je Đorđević.</article-text><article-text-transliterated> "Države se u nauci mere i po tome koliko su ERC grantova dobile, a retki dobitnici iz malih država kao što je Srbija predstavljaju prave heroje modernih istraživača", navodi se u saopštenju i podseća da je arheološkinja Sofija Stefanović pre dve godine osvojila ERC starter grant. Ukoliko imate mađarski pasoš, a NE ZNATE JEZIK - nećete se baš lepo provesti na granici! Reč je o najznačajnijoj podršci koju je jedan istraživač sa Zapadnog Balkana u oblasti prirodnih nauka ikada dobio od Evrope i to za izučavanje fundamentalnih osobina materije. „Naš projekat se odnosi na razumevanje osnovnih zakona prirode, pa samim tim nema direktnih primena u privredi“, kaže dobitnica ERC granta Magdalena Đorđević. „Ekonomska korist ovog projekta je da smo u zemlju doneli 1.356.000 evra bespovratnih sredstava Evropske unije. Dobar deo tih sredstava će biti iskorišćen da se zaposle naši naučnici, posebno mlade kolege, koje bi, u odsustvu ovog projekta, verovatno otišli iz zemlje.“ Đorđević je diplomirala na Fizičkom fakultetu u Beogradu. Nakon toga odlazi u Ameriku gde doktorira na Kolumbija Univerzitetu u Njujorku, a istraživanja u oblasti nuklearne fizike nastavlja u Ohaju. Uprkos brojnim priznanjima i uspešnoj karijeri u Americi, odaziva se na poziv Instituta za fiziku, i pre šest godina se vraća u Srbiju, zajedno sa suprugom koji je takođe izuzetno uspešan fizičar, ali u oblasti biofizike. "Volela bih da ovaj primer bude podstrek našoj Vladi da naša nauka ima potencijal i da bi naše istraživače trebalo podržati“, rekla je Đorđević.</article-text-transliterated><comment-list /></article><comments><comment-count>0</comment-count></comments></document>