<document global_id="sr-08-131"><url>https://www.srbijadanas.com/clanak/umalo-skandal-da-izbije-taksista-sprecio-otmicu-eme-votson-20-07-2015</url><source-id>08</source-id><local-id>131</local-id><source-name>srbijadanas</source-name><article><article-title>UMALO SKANDAL DA IZBIJE: Taksista sprečio otmicu Eme Votson! </article-title><article-time>20-07-2015</article-time><article-author /><article-text> Mlada glumica Ema Votson bila je na meti pljačkaša tokom snimanja filma "Lepotica i zver", piše britanski Sun, prenosi Alo. Kako navodi ovaj list, dva radnika na setu planirala su da kidnapuju i opljačkaju 25-godišnju glumicu, ali je sve to sprečio taksista, koji je čuo razgovor otmičara. On je odmah to ispričao svojim nadređenima, koji su potom obavestili filmski studio Šeperton, gde se snimao film. Produkcija je odmah reagovala pa te pojačala glumičinu bezbednost, a ispred njene prikolice uvek je stajao stražar. Otmičari, koji su inače iz istočnog dela Evrope, razotkriveni su jer su o otmici pričali na maternjem jeziku, misleći da ih niko ne razume, no taksista je govorio isti jezik kao oni. Radnici, koji su u studiju bili zaposleni kao čistači, vraćali su se sa posla taksijem i do detalja ispričali otmicu, ne sluteći da ih vozač sve razume. Pročitajte i:</article-text><article-text-transliterated> Mlada glumica Ema Votson bila je na meti pljačkaša tokom snimanja filma "Lepotica i zver", piše britanski Sun, prenosi Alo. Kako navodi ovaj list, dva radnika na setu planirala su da kidnapuju i opljačkaju 25-godišnju glumicu, ali je sve to sprečio taksista, koji je čuo razgovor otmičara. On je odmah to ispričao svojim nadređenima, koji su potom obavestili filmski studio Šeperton, gde se snimao film. Produkcija je odmah reagovala pa te pojačala glumičinu bezbednost, a ispred njene prikolice uvek je stajao stražar. Otmičari, koji su inače iz istočnog dela Evrope, razotkriveni su jer su o otmici pričali na maternjem jeziku, misleći da ih niko ne razume, no taksista je govorio isti jezik kao oni. Radnici, koji su u studiju bili zaposleni kao čistači, vraćali su se sa posla taksijem i do detalja ispričali otmicu, ne sluteći da ih vozač sve razume. Pročitajte i:</article-text-transliterated><comment-list /></article><comments><comment-count>0</comment-count></comments></document>