<document global_id="sr-08-97"><url>https://www.srbijadanas.com/vip/vip/poslednje-zbogom-zdravko-colic-oprostio-se-od-poznate-novinarke-ovim-recima-foto-2019-10-29</url><source-id>08</source-id><local-id>97</local-id><source-name>srbijadanas</source-name><article><article-title>POSLEDNJE ZBOGOM: Zdravko Čolić OPROSTIO se od poznate novinarke Dragane Tripić OVIM rečima! (FOTO) </article-title><article-time>2019-10-29</article-time><article-author>Srbija Danas</article-author><article-text> Na beogradskom groblju Lešće sahranjena je novinarka Dragana Tripić. Njena porodica, prijatelji, kao i estradne ličnosti sa kojima je sarađivala ispratili su pokojnu novinarku na večni počinak. Na groblje su pored porodice bili i Dragana Katić, pevač Amel Ćeman Ćemo, pevačica Zlata Petrović, učesnik zadruge Adam Đogani sa ocem, voditelj Darko Tanasijević i drugi. Zdravko Čolić nije mogao da prisustvuje sahrani, ali je poslao venac, kojim je izrazio tugu, ali i poštovanje prema novinarki britkog ali pravičnog jezika, Dragani Tripić.  Dragana Tripić pronađena je mrtva u svom stanu u beogradskom naselju Mirijevo, 24. oktobra ove godine. Rođena je 16. 05. 1961. godine, a popularnost je stekla kao novinarka više dnevnih listova i televizija i članica žirija u "Zvezdama Granda", gde je bila poznata kao oštar kritičar takmičara. Za sebe je govorila da je se ljudi plaše i da ima veliko srce, a nadimak joj je bio Maca. Kao takmičarku oštrog jezika pamtiće je i ljubitelji rijaliti programa. Učestvovala je u rijalitijima "Farma" i "Dvor", u kojem je 2011. godine dospela do finala, a poslednjih godina redovno je gostovala i u emisijama posvećenim rijalitiju "Zadruga", u kojima je analizirala ponašanje takmičara i događaje u Beloj kući.</article-text><article-text-transliterated> Na beogradskom groblju Lešće sahranjena je novinarka Dragana Tripić. Njena porodica, prijatelji, kao i estradne ličnosti sa kojima je sarađivala ispratili su pokojnu novinarku na večni počinak. Na groblje su pored porodice bili i Dragana Katić, pevač Amel Ćeman Ćemo, pevačica Zlata Petrović, učesnik zadruge Adam Đogani sa ocem, voditelj Darko Tanasijević i drugi. Zdravko Čolić nije mogao da prisustvuje sahrani, ali je poslao venac, kojim je izrazio tugu, ali i poštovanje prema novinarki britkog ali pravičnog jezika, Dragani Tripić.  Dragana Tripić pronađena je mrtva u svom stanu u beogradskom naselju Mirijevo, 24. oktobra ove godine. Rođena je 16. 05. 1961. godine, a popularnost je stekla kao novinarka više dnevnih listova i televizija i članica žirija u "Zvezdama Granda", gde je bila poznata kao oštar kritičar takmičara. Za sebe je govorila da je se ljudi plaše i da ima veliko srce, a nadimak joj je bio Maca. Kao takmičarku oštrog jezika pamtiće je i ljubitelji rijaliti programa. Učestvovala je u rijalitijima "Farma" i "Dvor", u kojem je 2011. godine dospela do finala, a poslednjih godina redovno je gostovala i u emisijama posvećenim rijalitiju "Zadruga", u kojima je analizirala ponašanje takmičara i događaje u Beloj kući.</article-text-transliterated><comment-list><comments comment-id="1"><comment-parent-id>empty</comment-parent-id><comment-text>.."🌞🌟💞J.K.💞🌟🌞 prava svetska Diva..puca od lepote.." Bravo J.K. 💞🌟🌞👍👍👏👏👏😁</comment-text><comment-text-transliterated>.."🌞🌟💞J.K.💞🌟🌞 prava svetska Diva..puca od lepote.." Bravo J.K. 💞🌟🌞👍👍👏👏👏😁</comment-text-transliterated></comments></comment-list></article><comments><comment-count>1</comment-count></comments></document>