<document global_id="sr-08-243"><url>https://www.srbijadanas.com/vesti/hronika/tuga-u-novom-pazaru-ovo-je-profesor-48-koji-je-poginuo-kada-je-propao-kroz-lift-foto-2017-02-06</url><source-id>08</source-id><local-id>243</local-id><source-name>srbijadanas</source-name><article><article-title>TUGA U NOVOM PAZARU: Ovo je profesor (48) koji je poginuo kada je propao kroz lift (FOTO) </article-title><article-time>2017-02-06</article-time><article-author>Srbija Danas/Alo</article-author><article-text> Predsednik Društva za bosanski jezik i književnost Amir Dautović (48) poginuo je danas nešto pre 15 časova kada je pao kroz otvor za lift sa šestog sprata novopazarske Lučne zgrade. Prema nezvaničnim informacijama, nesrećni čovek je pokušavao da izađe iz lifta koji je stao između dva sprata zbog nestanka struje. On je pokušao da izađe na donji od dva sprata između kojih je stao lift, ali se prilikom izlaska okliznuo i pao kroz otvor lifta. Preminuo je na licu mesta. Novopazarska policija izvršila je uviđaj, ali se još uvek nije oglasila povodom ovog nesrećnog slučaja. Dautović je bio profesor bosanskog jezika, a radio je kao bibliotekar u O.Š. “Jošanica” u novopazarskom naselju Lukare i kao sudski tumač pri Višem sudu u ovom gradu. Jedan je od najzaslužnijih za implementaciju nastave na bosanskom jeziku u obrazovnim ustanovama u Sandžaku.</article-text><article-text-transliterated> Predsednik Društva za bosanski jezik i književnost Amir Dautović (48) poginuo je danas nešto pre 15 časova kada je pao kroz otvor za lift sa šestog sprata novopazarske Lučne zgrade. Prema nezvaničnim informacijama, nesrećni čovek je pokušavao da izađe iz lifta koji je stao između dva sprata zbog nestanka struje. On je pokušao da izađe na donji od dva sprata između kojih je stao lift, ali se prilikom izlaska okliznuo i pao kroz otvor lifta. Preminuo je na licu mesta. Novopazarska policija izvršila je uviđaj, ali se još uvek nije oglasila povodom ovog nesrećnog slučaja. Dautović je bio profesor bosanskog jezika, a radio je kao bibliotekar u O.Š. “Jošanica” u novopazarskom naselju Lukare i kao sudski tumač pri Višem sudu u ovom gradu. Jedan je od najzaslužnijih za implementaciju nastave na bosanskom jeziku u obrazovnim ustanovama u Sandžaku.</article-text-transliterated><comment-list /></article><comments><comment-count>0</comment-count></comments></document>