<document global_id="sr-08-295"><url>https://www.srbijadanas.com/kultura/vesti/veliko-rodendansko-slavlje-bioskopa-cineplexx-2018-04-04</url><source-id>08</source-id><local-id>295</local-id><source-name>srbijadanas</source-name><article><article-title>Veliko rođendansko slavlje bioskopa Cineplexx </article-title><article-time>2018-04-04</article-time><article-author>Srbija Danas/Promo</article-author><article-text> Kad bioskopi Cineplexx proslavljaju rođendan, gosti najviše dobijaju! Veliko slavlje biće održano 9. aprila uz sjajnu ponudu za sve posetioce! Na svoj rođendan, bioskopi Cineplexx nagrađuju svoje verne goste specijalnom cenom karte, koja će u beogradskim bioskopima Cineplexx Delta City, UŠĆE Shopping Center i BIG Beograd biti 300 dinara, dok će u bioskopima Cineplexx Kragujevac Plaza i Cineplexx Niš karta biti 200 dinara! Karte za veliku filmsku žurku uveliko su u prodaji na blagajni bioskopa! Ne propustite najaktuelnije filmske naslove na repertoaru bioskopa Cineplexx i uživajte u omiljenim pokretnim slikama na velikom platnu po specijalnoj ceni karte! Bioskopi Cineplexx pobrinuli su se za raznovrsnu ponudu fimova za svoj rođendan, pa će tako naši najmlađi posetioci moći da uživaju u animirano-igranom filmu „Zec Petar” koji nam donosi nikad pre ispričanu priču o neodoljivom zeki i njegovim avanturama! Kako se mlađani Leo da Viči snašao u ulozi spasioca svoje simpatije, saznajte u animiranoj pustolovini „Leo da Vinči: Misija Mona Liza”, sinhronizovanom na srpski jezik. Ali to nije sve, jer vas preslatka pčelica Maja očekuje da joj se pridružite u najnovijoj avanturi „Medene igre”! Ako niste među 100.000 gledalaca koji su ovacijama ispratili film „Led” i fenomenalne Aglaju Tarasovu i Miloša Bikovića, idealna prilika za to je rođendanska proslava bioskopa Cineplexx! Dženifer Lorens briljira izvođenjem u napetom špijunskom trileru „Izdaja”, a Alisiju Vikander kritičari su proglasili dostojnom naslednicom Anđeline Džoli u nastavku kultnog filma „Tomb Raider”. Za ljubitelje naučne fantastike, legendarni Stiven Spilberg donosi novu avanturu baziranu na istoimenom bestseleru Ernesta Klinea, „Ready Player One”. Koji je epilog globalnog sukoba između čudovišta za masovno uništenje koja nisu sa planete Zemlje i super mašina koje su stvorene da ih unište, saznajte u filmu „Bitka za Pacifik: Pobuna”. Ljubitelji horor priča sigurno će uživati u naslovima „Kuća duhova” sa sjajnom oskarovkom Helen Miren u glavnoj ulozi, kao i nastavku uspešnog horor filma „Stranci” iz 2008. godine pod nazivom „Plen u noći”, koji nam donosi priču o nemilosrdnoj borbi za život jedne porodice. Još mnogo aktuelnih filmskih naslova naći će se na rođendanskom repertoaru 9. aprila, a više o tome možete saznati na linku: www.cineplexx.rs. Ne propustite najveće rođendansko slavlje bioskopa Cineplexx u sedmoj umetnosti po specijalnim cenama ulaznice za sve projekcije!</article-text><article-text-transliterated> Kad bioskopi Cineplexx proslavljaju rođendan, gosti najviše dobijaju! Veliko slavlje biće održano 9. aprila uz sjajnu ponudu za sve posetioce! Na svoj rođendan, bioskopi Cineplexx nagrađuju svoje verne goste specijalnom cenom karte, koja će u beogradskim bioskopima Cineplexx Delta City, UŠĆE Shopping Center i BIG Beograd biti 300 dinara, dok će u bioskopima Cineplexx Kragujevac Plaza i Cineplexx Niš karta biti 200 dinara! Karte za veliku filmsku žurku uveliko su u prodaji na blagajni bioskopa! Ne propustite najaktuelnije filmske naslove na repertoaru bioskopa Cineplexx i uživajte u omiljenim pokretnim slikama na velikom platnu po specijalnoj ceni karte! Bioskopi Cineplexx pobrinuli su se za raznovrsnu ponudu fimova za svoj rođendan, pa će tako naši najmlađi posetioci moći da uživaju u animirano-igranom filmu „Zec Petar” koji nam donosi nikad pre ispričanu priču o neodoljivom zeki i njegovim avanturama! Kako se mlađani Leo da Viči snašao u ulozi spasioca svoje simpatije, saznajte u animiranoj pustolovini „Leo da Vinči: Misija Mona Liza”, sinhronizovanom na srpski jezik. Ali to nije sve, jer vas preslatka pčelica Maja očekuje da joj se pridružite u najnovijoj avanturi „Medene igre”! Ako niste među 100.000 gledalaca koji su ovacijama ispratili film „Led” i fenomenalne Aglaju Tarasovu i Miloša Bikovića, idealna prilika za to je rođendanska proslava bioskopa Cineplexx! Dženifer Lorens briljira izvođenjem u napetom špijunskom trileru „Izdaja”, a Alisiju Vikander kritičari su proglasili dostojnom naslednicom Anđeline Džoli u nastavku kultnog filma „Tomb Raider”. Za ljubitelje naučne fantastike, legendarni Stiven Spilberg donosi novu avanturu baziranu na istoimenom bestseleru Ernesta Klinea, „Ready Player One”. Koji je epilog globalnog sukoba između čudovišta za masovno uništenje koja nisu sa planete Zemlje i super mašina koje su stvorene da ih unište, saznajte u filmu „Bitka za Pacifik: Pobuna”. Ljubitelji horor priča sigurno će uživati u naslovima „Kuća duhova” sa sjajnom oskarovkom Helen Miren u glavnoj ulozi, kao i nastavku uspešnog horor filma „Stranci” iz 2008. godine pod nazivom „Plen u noći”, koji nam donosi priču o nemilosrdnoj borbi za život jedne porodice. Još mnogo aktuelnih filmskih naslova naći će se na rođendanskom repertoaru 9. aprila, a više o tome možete saznati na linku: www.cineplexx.rs. Ne propustite najveće rođendansko slavlje bioskopa Cineplexx u sedmoj umetnosti po specijalnim cenama ulaznice za sve projekcije!</article-text-transliterated><comment-list /></article><comments><comment-count>0</comment-count></comments></document>