<document global_id="sr-08-195"><url>https://www.srbijadanas.com/vip/vip/svako-svojim-putem-raskidi-i-razvodi-koji-su-obelezili-2016-godinu-2016-12-31</url><source-id>08</source-id><local-id>195</local-id><source-name>srbijadanas</source-name><article><article-title>SVAKO SVOJIM PUTEM: Raskidi i razvodi koji su obeležili 2016. godinu </article-title><article-time>2016-12-31</article-time><article-author>Srbija Danas</article-author><article-text> Svaki razvod, kao i raskid su po sebi burani i teški. Kada su u pitanju poznate ličnosti, pritisak je još veći, pogotovo ako je razlaz, onda se sve lako pretvori u spektakl. Razvod Dare Bubamare, Nine Lečić, rakid Anastasije Ražnatović samo su neki koji su obeležili 2016. godinu. Voditeljka Nina Lečić i glumac Branislav Lečić nedavno su dali saopštenje u kom su naveli da se razvode jer su se udaljili jedno od drugog zbog poslovnih obaveza. A photo posted by Nina Lecic (@nina_lecic) on May 23, 2016 at 11:08pm PDT Ana Mihajlovski sporazumno se razvela od Mirka Grubina posle sedam godina braka. Sa bivšim suprugom je ostala u dobrim odnosima, a dobila je i strateljstvo nad decom. A photo posted by Mihajlovski ✨ (@grubinana) on Dec 16, 2016 at 5:01am PST Dara Bubamara se nakon porno afere razvela od supruga Milana Kesića. Dara i Milan su našli zajednički jezik, a zbog sina Koste su ostali u dobrim odnosima. A photo posted by Dara Bubamara (@dara_bubamara_licni_profil) on Nov 9, 2015 at 4:06pm PST Anastasija Ražnatović je pred leto raskinula dvogodišnju vezu sa Kostadinom Terzićem. Dugo se pisalo o njihovm raskidu, a nekoliko meseci kasnije Cecina ćerka je osvojila srce sprskog košarkaša Miloša Teodosića. Međtuim ta veza je bila kratkog daha. Posle dva meseca, par je rešio da se raziđe. A photo posted by 🔱 A N A S T A S I J A 🔱 (@raznatovicanastasija) on Dec 9, 2016 at 1:04pm PST Merima Njegomir se posle godinu i po iselila iz kuće Dragoljuba Markovića, i to nakon što mu je bivša žena Ljiljana uzela sve, do poslednjeg dinara Merima se razvela od tajkuna iz Surčina, koji je javnosti poznat i kao kum pokojnog premijera Zorana Đinđića, čiju je decu krstio, a u kumovskim vezama bio je i s Ljubišom Buhom Čumetom. A photo posted by Ana S. (@anchica86) on Mar 19, 2015 at 1:18pm PDT Ivana Jordan je posle pet godina braka stavila tačku na ljubav sa suprugom Dušanom Antonijevićem.Pevačica i njen bivši muž ostali su u prijateljskim odnosima zbog trogodišnjeg sina Vuka. Iako su u ljubavnoj vezi bili od srednje škole, shvatili su da su im karakteri ipak različiti i da sve češće ulaze u rasprave. A photo posted by Ivana Jordan (@ivanajordan_official) on Dec 10, 2016 at 2:54am PST Voditeljka Katarina Šišmanović okončala je dugogodišnju burnu vezu sa Goranom Stamenkovićem, bivšim suprugom Ane Mihajlovski. Razišli su se posle osam godina veze, a Katarina je napustila emisiju "Sve za ljubav". A photo posted by Ana Spasojevic (@anacocoana) on Sep 26, 2016 at 1:59pm PDT Nenad Knežević Knez raskinuo je s Tatjanom Tat posle četiri i po godine. Knez je izjavio da je došlo do prezasićenja u vezi, te da je raskid bio neminovan. A photo posted by Nemanja Krstic (@iamnemanjakrstic) on Dec 3, 2014 at 4:58am PST Veljko se i tokom 2016. godine nekoliko puta mirio i raskidao  sa Mašom Terzić. Poslednja devojka poznata javnosti sa kojom je bio je Ksenija Bujišić, a spekuliše se da su raskinuli zbog prevare. A photo posted by Veljko Raznatovic (@veljkoraz96) on Dec 15, 2016 at 10:45am PST Katarina Živković bila je u kratkoj vezi sa fudbalerom Borkom Vselinovićem, koi ju je ostavio preko telefona. Borko je navodno izmislio priče o njenoj prevari samo da bi je ostavio. A photo posted by Katarina Zivkovic (@katarina2789) on Dec 27, 2016 at 4:08pm PST Nakn rijalitija "Farma", Gabrijela Pejčev je uplovila u vezu sa Cecinim bratom Milanom Marinkovićem. Njih dvoje su nekoliko meseci bili u vezi, a nakon raskida su ostali u korektin odnosima. A photo posted by Gabrijela Pejchev (@gabrijela_pejchev_official) on Dec 27, 2016 at 4:50am PST Sloba Vasić najviše pažnje privlači zbog veze sa Topalkovom ćerkom Helenom. Njih dvoe su raskinuli početkom aprila,  Sloba je neko vreme patio za Helenom. A photo posted by Slobodan Vasic (@princ_ip1) on Jul 25, 2016 at 10:28am PDT</article-text><article-text-transliterated> Svaki razvod, kao i raskid su po sebi burani i teški. Kada su u pitanju poznate ličnosti, pritisak je još veći, pogotovo ako je razlaz, onda se sve lako pretvori u spektakl. Razvod Dare Bubamare, Nine Lečić, rakid Anastasije Ražnatović samo su neki koji su obeležili 2016. godinu. Voditeljka Nina Lečić i glumac Branislav Lečić nedavno su dali saopštenje u kom su naveli da se razvode jer su se udaljili jedno od drugog zbog poslovnih obaveza. A photo posted by Nina Lecic (@nina_lecic) on May 23, 2016 at 11:08pm PDT Ana Mihajlovski sporazumno se razvela od Mirka Grubina posle sedam godina braka. Sa bivšim suprugom je ostala u dobrim odnosima, a dobila je i strateljstvo nad decom. A photo posted by Mihajlovski ✨ (@grubinana) on Dec 16, 2016 at 5:01am PST Dara Bubamara se nakon porno afere razvela od supruga Milana Kesića. Dara i Milan su našli zajednički jezik, a zbog sina Koste su ostali u dobrim odnosima. A photo posted by Dara Bubamara (@dara_bubamara_licni_profil) on Nov 9, 2015 at 4:06pm PST Anastasija Ražnatović je pred leto raskinula dvogodišnju vezu sa Kostadinom Terzićem. Dugo se pisalo o njihovm raskidu, a nekoliko meseci kasnije Cecina ćerka je osvojila srce sprskog košarkaša Miloša Teodosića. Međtuim ta veza je bila kratkog daha. Posle dva meseca, par je rešio da se raziđe. A photo posted by 🔱 A N A S T A S I J A 🔱 (@raznatovicanastasija) on Dec 9, 2016 at 1:04pm PST Merima Njegomir se posle godinu i po iselila iz kuće Dragoljuba Markovića, i to nakon što mu je bivša žena Ljiljana uzela sve, do poslednjeg dinara Merima se razvela od tajkuna iz Surčina, koji je javnosti poznat i kao kum pokojnog premijera Zorana Đinđića, čiju je decu krstio, a u kumovskim vezama bio je i s Ljubišom Buhom Čumetom. A photo posted by Ana S. (@anchica86) on Mar 19, 2015 at 1:18pm PDT Ivana Jordan je posle pet godina braka stavila tačku na ljubav sa suprugom Dušanom Antonijevićem.Pevačica i njen bivši muž ostali su u prijateljskim odnosima zbog trogodišnjeg sina Vuka. Iako su u ljubavnoj vezi bili od srednje škole, shvatili su da su im karakteri ipak različiti i da sve češće ulaze u rasprave. A photo posted by Ivana Jordan (@ivanajordan_official) on Dec 10, 2016 at 2:54am PST Voditeljka Katarina Šišmanović okončala je dugogodišnju burnu vezu sa Goranom Stamenkovićem, bivšim suprugom Ane Mihajlovski. Razišli su se posle osam godina veze, a Katarina je napustila emisiju "Sve za ljubav". A photo posted by Ana Spasojevic (@anacocoana) on Sep 26, 2016 at 1:59pm PDT Nenad Knežević Knez raskinuo je s Tatjanom Tat posle četiri i po godine. Knez je izjavio da je došlo do prezasićenja u vezi, te da je raskid bio neminovan. A photo posted by Nemanja Krstic (@iamnemanjakrstic) on Dec 3, 2014 at 4:58am PST Veljko se i tokom 2016. godine nekoliko puta mirio i raskidao  sa Mašom Terzić. Poslednja devojka poznata javnosti sa kojom je bio je Ksenija Bujišić, a spekuliše se da su raskinuli zbog prevare. A photo posted by Veljko Raznatovic (@veljkoraz96) on Dec 15, 2016 at 10:45am PST Katarina Živković bila je u kratkoj vezi sa fudbalerom Borkom Vselinovićem, koi ju je ostavio preko telefona. Borko je navodno izmislio priče o njenoj prevari samo da bi je ostavio. A photo posted by Katarina Zivkovic (@katarina2789) on Dec 27, 2016 at 4:08pm PST Nakn rijalitija "Farma", Gabrijela Pejčev je uplovila u vezu sa Cecinim bratom Milanom Marinkovićem. Njih dvoje su nekoliko meseci bili u vezi, a nakon raskida su ostali u korektin odnosima. A photo posted by Gabrijela Pejchev (@gabrijela_pejchev_official) on Dec 27, 2016 at 4:50am PST Sloba Vasić najviše pažnje privlači zbog veze sa Topalkovom ćerkom Helenom. Njih dvoe su raskinuli početkom aprila,  Sloba je neko vreme patio za Helenom. A photo posted by Slobodan Vasic (@princ_ip1) on Jul 25, 2016 at 10:28am PDT</article-text-transliterated><comment-list /></article><comments><comment-count>0</comment-count></comments></document>