<document global_id="sr-08-109"><url>https://www.srbijadanas.com/clanak/saska-karan-u-lajvu-uvredila-ruzicu-i-njene-roditelje-22-06-2015</url><source-id>08</source-id><local-id>109</local-id><source-name>srbijadanas</source-name><article><article-title>Saška Karan u "lajvu" UVREDILA Ružicu i njene roditelje! </article-title><article-time>22-06-2015</article-time><article-author>Srbija Danas </article-author><article-text> Bivša modelsica Ružica Veljković i pevačica Saška Karan ne mogu da nađu zajednički jezik već nedeljama. Svakodnevno imaju verbalne okršaje u luksuznoj vili rijalitija "Parovi", ali po mišljenju mnogih, juče su preterale. Ili bar Saška jeste. Naime, u toku dana Veljkovićeva je imala poziv od roditelja, što ju je veoma obradovalo. Međutim, Saška je i tu našla materijala da je prozove. Tijana Ajfon je potvrdila da je i ona čula taj komentar. Pročitajte i:</article-text><article-text-transliterated> Bivša modelsica Ružica Veljković i pevačica Saška Karan ne mogu da nađu zajednički jezik već nedeljama. Svakodnevno imaju verbalne okršaje u luksuznoj vili rijalitija "Parovi", ali po mišljenju mnogih, juče su preterale. Ili bar Saška jeste. Naime, u toku dana Veljkovićeva je imala poziv od roditelja, što ju je veoma obradovalo. Međutim, Saška je i tu našla materijala da je prozove. Tijana Ajfon je potvrdila da je i ona čula taj komentar. Pročitajte i:</article-text-transliterated><comment-list /></article><comments><comment-count>0</comment-count></comments></document>