<document global_id="sr-08-211"><url>https://www.srbijadanas.com/zena/sex/elektricni-lizac-san-svake-devojke-napravljen-je-da-li-ste-spremne-da-ga-koristite-video-2017-01-12</url><source-id>08</source-id><local-id>211</local-id><source-name>srbijadanas</source-name><article><article-title>ELEKTRIČNI LIZAČ - SAN SVAKE DEVOJKE: Napravljen je, a da li ste spremne da ga koristite (VIDEO) </article-title><article-time>2017-01-12</article-time><article-author>Srbija Danas</article-author><article-text> Devojke, polako. Ako ste odmah pomislile da je reč o oralnom zadovoljavanju, moraćemo da vas razočaramo. Ovaj put je reč o drugačijem jeziku.  Naravno da je u pitanju Japan. Izumitelj ovog pametnog izuma, kao i pregršt prethodnih, može biti samo japanski naučnik. Pošto on generalno ne voli kada, tokom rada za računarom, vidi pljuvačku i prašinu po monitoru i umorio se od kontantnog čišćenja, palo mu je na pamet da to, umesto njega, čini robot.  Napravio je robotski jezik koji liže ekran, kad god je prljav. Dovoljno je samo da pritisnete dugme "ON".  Pogledajte kako to izgleda.​</article-text><article-text-transliterated> Devojke, polako. Ako ste odmah pomislile da je reč o oralnom zadovoljavanju, moraćemo da vas razočaramo. Ovaj put je reč o drugačijem jeziku.  Naravno da je u pitanju Japan. Izumitelj ovog pametnog izuma, kao i pregršt prethodnih, može biti samo japanski naučnik. Pošto on generalno ne voli kada, tokom rada za računarom, vidi pljuvačku i prašinu po monitoru i umorio se od kontantnog čišćenja, palo mu je na pamet da to, umesto njega, čini robot.  Napravio je robotski jezik koji liže ekran, kad god je prljav. Dovoljno je samo da pritisnete dugme "ON".  Pogledajte kako to izgleda.​</article-text-transliterated><comment-list /></article><comments><comment-count>0</comment-count></comments></document>