<document global_id="sr-08-1"><url>https://www.srbijadanas.com/vesti/srpska-istorija/zaboravljena-srpska-imena-turski-dokument-star-vise-od-pet-vekova-otkriva-cudna-imena-koja-su-nosili-2020-02-09</url><source-id>08</source-id><local-id>1</local-id><source-name>srbijadanas</source-name><article><article-title>ZABORAVLJENA DREVNA SRPSKA IMENA! Turski dokument star PET VEKOVA otkriva kako su se ZVALI NAŠI PRECI </article-title><article-time>2020-02-09</article-time><article-author>Srbija Danas/Istorijski Zabavnik</article-author><article-text> U moru internacionalnih imena, neka od najstarijih srpskih imena i njihovo značenje pala su u zaborav. Brišemo prašinu sa njih i predstavljamo vam neka od imena naših predaka koje su Turci popisali davne 1455. godine. Jezik je živa tvorevina svakog naroda i stalno se menja. Neke reči ulaze u upotrebu, druge izlaze, a ima i onih koje posle nekog vremena postanu potpuno zaboravljene. Slično je i sa imenima. Predstavljamo vam imena kojima su se u prošlosti nazivali Srbi, a koja su danas ili potpuno izašla iz upotrebe ili se jako retko mogu čuti, a neka i nikada! U njih imamo uvid zahvaljujući turskom popisu u oblasti Brankovića iz 1455. godine, a koje je objavila Fejsbuk strana "Srpska nacionalna svest". Interesantno je da je pored svakog imena zabeleženo i nešto prema čemu bi se osoba mogla prepoznati. To je uglavnom ime oca ili, ređe, majke, ali ima i drugih odrednica kao što su, na primer – Dobrislav, siromah ili Reljiša, udovica. Osim toga, spisak nam daje uvid i u neka, danas potpuno zaboravljena imena – Rahče, Brajan, Radonja, Radohna, Herak, Dabiživ…</article-text><article-text-transliterated> U moru internacionalnih imena, neka od najstarijih srpskih imena i njihovo značenje pala su u zaborav. Brišemo prašinu sa njih i predstavljamo vam neka od imena naših predaka koje su Turci popisali davne 1455. godine. Jezik je živa tvorevina svakog naroda i stalno se menja. Neke reči ulaze u upotrebu, druge izlaze, a ima i onih koje posle nekog vremena postanu potpuno zaboravljene. Slično je i sa imenima. Predstavljamo vam imena kojima su se u prošlosti nazivali Srbi, a koja su danas ili potpuno izašla iz upotrebe ili se jako retko mogu čuti, a neka i nikada! U njih imamo uvid zahvaljujući turskom popisu u oblasti Brankovića iz 1455. godine, a koje je objavila Fejsbuk strana "Srpska nacionalna svest". Interesantno je da je pored svakog imena zabeleženo i nešto prema čemu bi se osoba mogla prepoznati. To je uglavnom ime oca ili, ređe, majke, ali ima i drugih odrednica kao što su, na primer – Dobrislav, siromah ili Reljiša, udovica. Osim toga, spisak nam daje uvid i u neka, danas potpuno zaboravljena imena – Rahče, Brajan, Radonja, Radohna, Herak, Dabiživ…</article-text-transliterated><comment-list /></article><comments><comment-count>0</comment-count></comments></document>