<document global_id="sr-08-250"><url>https://www.srbijadanas.com/kultura/vesti/zvezdara-teatar-najava-martovskih-desavanja-foto-2017-02-20</url><source-id>08</source-id><local-id>250</local-id><source-name>srbijadanas</source-name><article><article-title>ZVEZDARA TEATAR: Najava martovskih dešavanja (FOTO) </article-title><article-time>2017-02-20</article-time><article-author>Srbija Danas</article-author><article-text> Zbog velikog interesovanja za predstavu "Hipnoza jedne ljubavi" obezbeđena su čak šest termina za igranje u Zvezdara teatru. Pored toga predstava će gostovati u Novom Sadu kao i na "Danima komedije" u Jagodini. Veliko je interesovanje i za predstave "Pasivno pušenje", "Klaustrofobična komedija", "Gozba" i "Voz". U goste dolazi i predstava "Beton mahala" 19. marta iz Novog Pazara i "Tre sorelle" Centra za kulturu Tivat 31. marta. Takođe, gost će biti i Rambo Amadeus koji će organizovati "Veče glomazne poezije" 23. marta. U okviru akcije "Da čujemo pozorište" predstave "Pasivno pušenje" 19. marta, i "Bajka o pozorištu" 21. marta biće simultano prevedene na srpski znakovni jezik. Pratiće je gluva publika koja već drugu sezonu gleda predstave u našem pozorištu. Akciju će biti realizovana u saradnji sa Gradskom organizacijom gluvih Beograda, Asocijacijom tumača srpskog znakovnog jezika, kompanijom JTI i gradom Beogradom.</article-text><article-text-transliterated> Zbog velikog interesovanja za predstavu "Hipnoza jedne ljubavi" obezbeđena su čak šest termina za igranje u Zvezdara teatru. Pored toga predstava će gostovati u Novom Sadu kao i na "Danima komedije" u Jagodini. Veliko je interesovanje i za predstave "Pasivno pušenje", "Klaustrofobična komedija", "Gozba" i "Voz". U goste dolazi i predstava "Beton mahala" 19. marta iz Novog Pazara i "Tre sorelle" Centra za kulturu Tivat 31. marta. Takođe, gost će biti i Rambo Amadeus koji će organizovati "Veče glomazne poezije" 23. marta. U okviru akcije "Da čujemo pozorište" predstave "Pasivno pušenje" 19. marta, i "Bajka o pozorištu" 21. marta biće simultano prevedene na srpski znakovni jezik. Pratiće je gluva publika koja već drugu sezonu gleda predstave u našem pozorištu. Akciju će biti realizovana u saradnji sa Gradskom organizacijom gluvih Beograda, Asocijacijom tumača srpskog znakovnog jezika, kompanijom JTI i gradom Beogradom.</article-text-transliterated><comment-list /></article><comments><comment-count>0</comment-count></comments></document>