<document global_id="sr-08-19"><url>https://www.srbijadanas.com/vesti/info/mi-nismo-hrvati-savez-backih-bunjevaca-zahteva-pravo-na-autohtonost-i-sopstveno-ime-2020-01-20</url><source-id>08</source-id><local-id>19</local-id><source-name>srbijadanas</source-name><article><article-title>MI NISMO HRVATI! Bunjevci u Vojvodini se POBUNILI, zahtevaju pravo na AUTOHTONOST I SOPSTVENO IME </article-title><article-time>2020-01-20</article-time><article-author>Tanjug</article-author><article-text> Savez bačkih Bunjevaca održao je u Subotici skupštinu stranke na kojoj je za predsednika izabran Mirko Bajić, a kao osnovna tačka u programu navedeno je ostvarivanje prava na autohtonost i sopstveno ime. "Bunjevci su autohton južnoslovenski narod i nacionalna manjina u Srbiji, sa istim pravima kao i svaka druga nacionalna manjina. S tim u vezi, ne odustaje se od zahteva da Skupština AP Vojvodine naredbu iz 1945. godine kojom se svi Bunjevci imaju smatrati Hrvatima bez obzira na ličnu izjavu, Deklaracijom oceni kao akt asimilacije, i kao takav zvanično proglasi ništavnim", stoji u saopštenju političke partije vojvođanskih Bunjevaca." Oni traže da se bunjevački jezik proglasi za službeni u svim sredinama gde to zakon predviđa, kao i pravo na obrazovanje i informisanje na maternjem jeziku po istim uslovima koje imaju pripadnici drugih nacionalnih zajednica. U saopštenju se dodaje da će Savez bačkih Bunjevaca izaći na naredne izbore. Bunjevci su etnička grupa naseljena pretežno u Bačkoj, oko Subotice, zatim u Baranji, Banatu, i Mađarskoj (u čongradskoj i peštanskoj županiji). Prema popisu stanovništva iz 2011. godine, na teritoriji Srbije bilo ih je ukupno 16.706, što je činilo 0,23 % od ukupnog stanovništva zemlje. Na osnovu procene, u opštini Subotica je među Bunjevcima, iste godine bilo 7.240 osoba ili 46,58 %, koje nisu koristile bunjevački govor kao svoj maternji jezik, a u opštini Sombor je bilo oko 1.671 ili 81,19 % takvih slučajeva. Populacija Bunjevaca, u njihovom tradicionalnom zavičaju, pokazuje dugoročni trend smanjivanja (od 70,5 hiljada u 1910. godini, njihov broj je, u 2002. godini, opao na 40,1% te populacije; deo ove bunjevačke populacije iz 1910. godine, u proteklom veku je obuhvaćen hrvatskom nacionalnom zajednicom u Vojvodini i Mađarskoj). Narodna skupština Mađarske je odbila zahtev tamošnjih Bunjevaca da im se prizna status nacionalne manjine, pre svega se vodeći stajalištem Mađarske akademije nauka da su Bunjevci etnička grupa Hrvata, kao i zbog negodovanja Hrvatskog nacionalnog veća u toj zemlji, koji je podneo prigovor Ustavnom sudu (doduše, sam prigovor je odbijen pošto je postojao dovoljan broj potpisa podnet državnom glasačkom odboru).</article-text><article-text-transliterated> Savez bačkih Bunjevaca održao je u Subotici skupštinu stranke na kojoj je za predsednika izabran Mirko Bajić, a kao osnovna tačka u programu navedeno je ostvarivanje prava na autohtonost i sopstveno ime. "Bunjevci su autohton južnoslovenski narod i nacionalna manjina u Srbiji, sa istim pravima kao i svaka druga nacionalna manjina. S tim u vezi, ne odustaje se od zahteva da Skupština AP Vojvodine naredbu iz 1945. godine kojom se svi Bunjevci imaju smatrati Hrvatima bez obzira na ličnu izjavu, Deklaracijom oceni kao akt asimilacije, i kao takav zvanično proglasi ništavnim", stoji u saopštenju političke partije vojvođanskih Bunjevaca." Oni traže da se bunjevački jezik proglasi za službeni u svim sredinama gde to zakon predviđa, kao i pravo na obrazovanje i informisanje na maternjem jeziku po istim uslovima koje imaju pripadnici drugih nacionalnih zajednica. U saopštenju se dodaje da će Savez bačkih Bunjevaca izaći na naredne izbore. Bunjevci su etnička grupa naseljena pretežno u Bačkoj, oko Subotice, zatim u Baranji, Banatu, i Mađarskoj (u čongradskoj i peštanskoj županiji). Prema popisu stanovništva iz 2011. godine, na teritoriji Srbije bilo ih je ukupno 16.706, što je činilo 0,23 % od ukupnog stanovništva zemlje. Na osnovu procene, u opštini Subotica je među Bunjevcima, iste godine bilo 7.240 osoba ili 46,58 %, koje nisu koristile bunjevački govor kao svoj maternji jezik, a u opštini Sombor je bilo oko 1.671 ili 81,19 % takvih slučajeva. Populacija Bunjevaca, u njihovom tradicionalnom zavičaju, pokazuje dugoročni trend smanjivanja (od 70,5 hiljada u 1910. godini, njihov broj je, u 2002. godini, opao na 40,1% te populacije; deo ove bunjevačke populacije iz 1910. godine, u proteklom veku je obuhvaćen hrvatskom nacionalnom zajednicom u Vojvodini i Mađarskoj). Narodna skupština Mađarske je odbila zahtev tamošnjih Bunjevaca da im se prizna status nacionalne manjine, pre svega se vodeći stajalištem Mađarske akademije nauka da su Bunjevci etnička grupa Hrvata, kao i zbog negodovanja Hrvatskog nacionalnog veća u toj zemlji, koji je podneo prigovor Ustavnom sudu (doduše, sam prigovor je odbijen pošto je postojao dovoljan broj potpisa podnet državnom glasačkom odboru).</article-text-transliterated><comment-list /></article><comments><comment-count>0</comment-count></comments></document>