<document global_id="sr-08-43"><url>https://www.srbijadanas.com/vesti/hronika/stefan-je-dao-zivot-za-brata-potresne-reci-druga-nasmrt-pretucenog-tinejdzera-iz-velike-plane-2020-02-07</url><source-id>08</source-id><local-id>43</local-id><source-name>srbijadanas</source-name><article><article-title>"STEFAN JE DAO ŽIVOT ZA BRATA" Potresne reči druga nasmrt pretučenog tinejdžera iz Velike Plane! </article-title><article-time>2020-02-07</article-time><article-author>Srbija Danas/Blic</article-author><article-text> Mladića smo sreli na sahrani ubijenog maturanta Srednje ekonomske škole, i nije bio raspoložen da ispriča sve detalje napada na Stefana Filića, Stefanovog mlađeg brata i sebe. Ipak, njegov otac, koji je sve vreme bio pored sina, ponovio je da su ih "nasilnici bez ikakvog razloga napali". I kućni prijatelj porodice Filić izrazio je nadu da se ono što su oni doživeli više neće ponoviti. Народе овај момак је Стефан Филић, момак је буквално пребијен на смрт у суботу навече испред кафића у Великој Плани. Због чега, буквално због погледа који се није допао табаџијама.Не дај Боже ником. Приминуо је сутра дан (недеља 2.2.) Да нам се више не понови. 🙏🏻 pic.twitter.com/6l5vnLceXy — @Snezanasneza (@SnezanaGradi1) February 3, 2020 Žrtva obesnih huligana sahranjena je juče na lokalnom groblju u Starom Selu, nadomak Velike Plane, gde je živeo sa porodicom. Mučki ubijenog Stefana Filića na poslednji put je ispratilo nekoliko stotina ljudi - rođaka, meštana Starog Sela, Velike Plane i drugova iz Srednje ekonomske škole. Utučeni roditelji, mlađi brat koji je i sam bio na meti nasilnika nisu imali snage za bilo kakvu priču. Bili su pod lekarskim nadzorom dok su primali brojne izjave saučešća svih onih koji su poznavali njihovog starijeg sina. Stefanovi drugari iz IV/1, sa kojima je tri i po godine delio školsku klupu, kao i brojni profesori Srednje ekonomske škole došli su da na poslednji put isprate dobrog druga, odličnog đaka i talentovanog mladića. Povorku od kuće Filića do crkve, a zatim i do lokalnog groblja, pratili su zvuci Posmrtnog marša. U međuvremenu, Nikola B. i Mitar P., osumnjičeni da su na smrt pretukli Stefana Filića, u pritvoru su. Prema saznanjima medija u Više javno tužilaštvo u Smederevu još nije stigao rezultat obdukcije, pa su njih dvojica zasad osumnjičeni za nanošenje teških telesnih povreda kvalifikovanih smrću. Za to krivično delo zakon predviđa kaznu od tri do 12 godina zatvora, dok su protiv petorice njihovih drugova, od kojih su četvorica maloletnici, u redovnom postupku podnete krivične prijave zbog učestvovanja u tuči. Po pristizanju rezultata obdukcije, tužilaštvo će ponovo saslušati osumnjičene i svedoke. Tužilaštvo je takođe preuzelo i snimak video-nadzora obližnjeg kluba, u kome su inače pre batinanja bili i Nikola B. i Mitar P., ali i Stefan F. sa bratom i drugarima. Obojica osumnjičenih su, kako su mediji pisali, već poznati kao nasilnici. Nikola B. je pre dve godine bio osumnjičen za nanošenje teških telesnih povreda, ali je ta krivična prijava odbačena. Protiv njega još traje postupak zbog nasilničkog ponašanja krajem 2018. godine. Svojevremeno je i profesorku engleskog jezika gađao klupom, zbog čega su njegovi roditelji novčano kažnjeni, dok je profesoru fizičkog vaspitanja loptom razbio nos. I Mitar P., iako je tek napunio 20 godina, ima dosije. Protiv njega je nedavno podneta krivična prijava zbog posedovanja narkotika, a kao maloletnik kažnjen je društveno-korisnim radom. Meštani ogorčeni Tri dana posle smrti maturanta od povreda koje su mu nanela dvojica nasilnika, oglasilo se i rukovodstvo Opštine Velika Plana i izrazilo najiskrenije saučešće porodici Filić.</article-text><article-text-transliterated> Mladića smo sreli na sahrani ubijenog maturanta Srednje ekonomske škole, i nije bio raspoložen da ispriča sve detalje napada na Stefana Filića, Stefanovog mlađeg brata i sebe. Ipak, njegov otac, koji je sve vreme bio pored sina, ponovio je da su ih "nasilnici bez ikakvog razloga napali". I kućni prijatelj porodice Filić izrazio je nadu da se ono što su oni doživeli više neće ponoviti. Narode ovaj momak je Stefan Filić, momak je bukvalno prebijen na smrt u subotu naveče ispred kafića u Velikoj Plani. Zbog čega, bukvalno zbog pogleda koji se nije dopao tabadžijama.Ne daj Bože nikom. Priminuo je sutra dan (nedelja 2.2.) Da nam se više ne ponovi. 🙏🏻 pic.twitter.com/6l5vnLceXy — @Snezanasneza (@SnezanaGradi1) February 3, 2020 Žrtva obesnih huligana sahranjena je juče na lokalnom groblju u Starom Selu, nadomak Velike Plane, gde je živeo sa porodicom. Mučki ubijenog Stefana Filića na poslednji put je ispratilo nekoliko stotina ljudi - rođaka, meštana Starog Sela, Velike Plane i drugova iz Srednje ekonomske škole. Utučeni roditelji, mlađi brat koji je i sam bio na meti nasilnika nisu imali snage za bilo kakvu priču. Bili su pod lekarskim nadzorom dok su primali brojne izjave saučešća svih onih koji su poznavali njihovog starijeg sina. Stefanovi drugari iz IV/1, sa kojima je tri i po godine delio školsku klupu, kao i brojni profesori Srednje ekonomske škole došli su da na poslednji put isprate dobrog druga, odličnog đaka i talentovanog mladića. Povorku od kuće Filića do crkve, a zatim i do lokalnog groblja, pratili su zvuci Posmrtnog marša. U međuvremenu, Nikola B. i Mitar P., osumnjičeni da su na smrt pretukli Stefana Filića, u pritvoru su. Prema saznanjima medija u Više javno tužilaštvo u Smederevu još nije stigao rezultat obdukcije, pa su njih dvojica zasad osumnjičeni za nanošenje teških telesnih povreda kvalifikovanih smrću. Za to krivično delo zakon predviđa kaznu od tri do 12 godina zatvora, dok su protiv petorice njihovih drugova, od kojih su četvorica maloletnici, u redovnom postupku podnete krivične prijave zbog učestvovanja u tuči. Po pristizanju rezultata obdukcije, tužilaštvo će ponovo saslušati osumnjičene i svedoke. Tužilaštvo je takođe preuzelo i snimak video-nadzora obližnjeg kluba, u kome su inače pre batinanja bili i Nikola B. i Mitar P., ali i Stefan F. sa bratom i drugarima. Obojica osumnjičenih su, kako su mediji pisali, već poznati kao nasilnici. Nikola B. je pre dve godine bio osumnjičen za nanošenje teških telesnih povreda, ali je ta krivična prijava odbačena. Protiv njega još traje postupak zbog nasilničkog ponašanja krajem 2018. godine. Svojevremeno je i profesorku engleskog jezika gađao klupom, zbog čega su njegovi roditelji novčano kažnjeni, dok je profesoru fizičkog vaspitanja loptom razbio nos. I Mitar P., iako je tek napunio 20 godina, ima dosije. Protiv njega je nedavno podneta krivična prijava zbog posedovanja narkotika, a kao maloletnik kažnjen je društveno-korisnim radom. Meštani ogorčeni Tri dana posle smrti maturanta od povreda koje su mu nanela dvojica nasilnika, oglasilo se i rukovodstvo Opštine Velika Plana i izrazilo najiskrenije saučešće porodici Filić.</article-text-transliterated><comment-list /></article><comments><comment-count>0</comment-count></comments></document>