<document global_id="sr-08-299"><url>https://www.srbijadanas.com/vesti/drustvo/probni-test-male-mature-ucenicima-najlaksi-srpski-jezik-2018-04-14</url><source-id>08</source-id><local-id>299</local-id><source-name>srbijadanas</source-name><article><article-title>Probni test male mature: Učenicima najlakši srpski jezik </article-title><article-time>2018-04-14</article-time><article-author>Srbija Danas</article-author><article-text> Pomoćnica ministra za predškolsko i osnovno obrazovanje i vaspitanje Vesna Nedeljković izjavila je danas da je polaganje probnog završnog ispita iz matematike juče svuda prošlo bez ikakvih problema i da su učenici ocenili da je test bio "prilično ozbiljan". Pročitajte i:  Kako je rekla, ocena učenika i nastavnika je da je test srpskog jezika bio najlakši. Prema njenim rečima, bolje je da svaki od ovih testova bude ozbiljan, da deca shvate ozbiljnost završnog ispita i da imaju vremena da nauče sve ono što nisu imali vremena da do sada savladaju. „I za nastavnike je veoma dobro jer je dobar pokazatelj šta treba da rade sa decom. Ovo testiranje treba shvatiti kao krajnje podsticajno i za decu i nastavnike. Nikako kao vrstu provere. Ovde nemamo pravo da ocenjujemo i procenjujemo ili da na osnovu ovog probnog ispita bilo kako utičemo na ocenu deteta i u tom smislu treba relaksirati i decu i roditelje“, navela je ona. Nedeljković je ukazala da ovo testiranje proverava postignuća i daje dobre smernice za završni ispit.</article-text><article-text-transliterated> Pomoćnica ministra za predškolsko i osnovno obrazovanje i vaspitanje Vesna Nedeljković izjavila je danas da je polaganje probnog završnog ispita iz matematike juče svuda prošlo bez ikakvih problema i da su učenici ocenili da je test bio "prilično ozbiljan". Pročitajte i:  Kako je rekla, ocena učenika i nastavnika je da je test srpskog jezika bio najlakši. Prema njenim rečima, bolje je da svaki od ovih testova bude ozbiljan, da deca shvate ozbiljnost završnog ispita i da imaju vremena da nauče sve ono što nisu imali vremena da do sada savladaju. „I za nastavnike je veoma dobro jer je dobar pokazatelj šta treba da rade sa decom. Ovo testiranje treba shvatiti kao krajnje podsticajno i za decu i nastavnike. Nikako kao vrstu provere. Ovde nemamo pravo da ocenjujemo i procenjujemo ili da na osnovu ovog probnog ispita bilo kako utičemo na ocenu deteta i u tom smislu treba relaksirati i decu i roditelje“, navela je ona. Nedeljković je ukazala da ovo testiranje proverava postignuća i daje dobre smernice za završni ispit.</article-text-transliterated><comment-list /></article><comments><comment-count>0</comment-count></comments></document>