<document global_id="sr-08-254"><url>https://www.srbijadanas.com/biz/posao/svuda-potrebni-ovo-su-5-najtrazenijih-zanimanja-u-srbiji-i-za-njih-vam-ne-treba-fakultet-2018-03-02</url><source-id>08</source-id><local-id>254</local-id><source-name>srbijadanas</source-name><article><article-title>SVUDA POTREBNI: Ovo su 5 NAJTRAŽENIJIH zanimanja u Srbiji i za njih vam NE TREBA FAKULTET </article-title><article-time>2018-03-02</article-time><article-author>Srbija Danas</article-author><article-text> Analiza tržišta rada za 2017. godinu, prema podacima sa sajta Infostud, pokazuje da je najveći broj oglasa objavljen u oblastima trgovina/prodaja, IT, mašinstvo, administracija i elektrotehnika. Situacija je slična kao i prethodne godine, pa su najčešće raspisivani oglasi za radna mesta: prodavac, komercijalista, administrativni radnik, vozač i magacioner. Nakon toga, našle su se i IT pozicije: Java programer, .NET developer i Software developer. Pročitajte i: Poslodavci su tokom 2017. u 60% oglasa tražili kandidate sa srednjom stručnom spremom. Sa druge strane više od polovine kandidata imalo je visoku stručnu spremu. Svaki treći kandidat ima 10 i više godina radnog iskustva, dok onih sa od 1 do 3 godine iskustva ima 21%. Bez ikakvog radnog iskustva na slobodna radna mesta konkurisalo je skoro 8% kandidata. U 2017. godini na sajtu je objavljeno skoro 31 000 oglasa, dok je na razne pozicije konkurisalo gotovo 200.000 kandidata. Prosečan broj prijava po konkursu u prethodnoj godini iznosio je 75, što znači da je jedna osoba u proseku konkurisala oko 12 puta. Na 6% objavljenih oglasa poslodavci su označili da se na njih mogu prijaviti i osobe sa invaliditetom, a objavljeno je i 7872 oglasa u kojima je preduslov za konkurisanje za radnu poziciju bilo poznavanje traženog jezika. Najčešće je to bio engleski jezik, potom nemački i ruski. Radna mesta iz IT sfere na kojima je ponuda poslova bila veća od interesovanja kandidata su: JAVA Programer, .NET Developer, Software Developer/Programer, C#/C++ Developer i PHP programer. Najviše su traženi programeri srednjeg senioriteta (skoro 50%), dok je u manjoj meri bilo potrebe za junior i senior programerima (oko 20%). Namešten konkurs, mala plata: Evo iz kojih se sve razloga kandidati NE JAVLJAJU na oglase poslodavaca Van IT oblasti, najviše šansi za zaposlenje u prethodnoj godini su imali: frizeri, kuvari, mehaničari/automehaničari, vozači i mašinski inženjeri. Sa druge strane, pozicije na kojima je bilo manje objavljenih oglasa u odnosu na broj konkurisanja, odnosno na kojima je tokom 2017. godine bilo teže pronaći posao su: content manager, asistent na ekonomskim projektima, asistent na projektima u finansijama, promo lider, sudski izvršitelj/pomoćnik. Odlična prilika za NEZAPOSLENE: Otvara se nova fabrika u OVOM srpskom gradu, POSAO za 5.000 radnika Svaki treći kandidat ima 10 i više godina radnog iskustva, dok onih sa od 1 do 3 godine iskustva ima 21%. Bez ikakvog radnog iskustva na slobodna radna mesta konkurisalo je skoro 8% kandidata.</article-text><article-text-transliterated> Analiza tržišta rada za 2017. godinu, prema podacima sa sajta Infostud, pokazuje da je najveći broj oglasa objavljen u oblastima trgovina/prodaja, IT, mašinstvo, administracija i elektrotehnika. Situacija je slična kao i prethodne godine, pa su najčešće raspisivani oglasi za radna mesta: prodavac, komercijalista, administrativni radnik, vozač i magacioner. Nakon toga, našle su se i IT pozicije: Java programer, .NET developer i Software developer. Pročitajte i: Poslodavci su tokom 2017. u 60% oglasa tražili kandidate sa srednjom stručnom spremom. Sa druge strane više od polovine kandidata imalo je visoku stručnu spremu. Svaki treći kandidat ima 10 i više godina radnog iskustva, dok onih sa od 1 do 3 godine iskustva ima 21%. Bez ikakvog radnog iskustva na slobodna radna mesta konkurisalo je skoro 8% kandidata. U 2017. godini na sajtu je objavljeno skoro 31 000 oglasa, dok je na razne pozicije konkurisalo gotovo 200.000 kandidata. Prosečan broj prijava po konkursu u prethodnoj godini iznosio je 75, što znači da je jedna osoba u proseku konkurisala oko 12 puta. Na 6% objavljenih oglasa poslodavci su označili da se na njih mogu prijaviti i osobe sa invaliditetom, a objavljeno je i 7872 oglasa u kojima je preduslov za konkurisanje za radnu poziciju bilo poznavanje traženog jezika. Najčešće je to bio engleski jezik, potom nemački i ruski. Radna mesta iz IT sfere na kojima je ponuda poslova bila veća od interesovanja kandidata su: JAVA Programer, .NET Developer, Software Developer/Programer, C#/C++ Developer i PHP programer. Najviše su traženi programeri srednjeg senioriteta (skoro 50%), dok je u manjoj meri bilo potrebe za junior i senior programerima (oko 20%). Namešten konkurs, mala plata: Evo iz kojih se sve razloga kandidati NE JAVLJAJU na oglase poslodavaca Van IT oblasti, najviše šansi za zaposlenje u prethodnoj godini su imali: frizeri, kuvari, mehaničari/automehaničari, vozači i mašinski inženjeri. Sa druge strane, pozicije na kojima je bilo manje objavljenih oglasa u odnosu na broj konkurisanja, odnosno na kojima je tokom 2017. godine bilo teže pronaći posao su: content manager, asistent na ekonomskim projektima, asistent na projektima u finansijama, promo lider, sudski izvršitelj/pomoćnik. Odlična prilika za NEZAPOSLENE: Otvara se nova fabrika u OVOM srpskom gradu, POSAO za 5.000 radnika Svaki treći kandidat ima 10 i više godina radnog iskustva, dok onih sa od 1 do 3 godine iskustva ima 21%. Bez ikakvog radnog iskustva na slobodna radna mesta konkurisalo je skoro 8% kandidata.</article-text-transliterated><comment-list /></article><comments><comment-count>0</comment-count></comments></document>