<document global_id="sr-08-229"><url>https://www.srbijadanas.com/kultura/vesti/balkan-tuguje-preminuo-velikan-koga-je-cenila-cela-evropa-2017-02-02</url><source-id>08</source-id><local-id>229</local-id><source-name>srbijadanas</source-name><article><article-title>BALKAN TUGUJE: Preminuo velikan koga je cenila cela Evropa </article-title><article-time>2017-02-02</article-time><article-author>Srbija Danas/RTS</article-author><article-text> Jedan od najvažnijih i najprevođenijih pisaca i publicista Balkana, ali i Evrope, preminuo je u četvrtak oko 14 sati u Zagrebu, u 85. godini. Predrag Matvejević je rođen u Mostaru 1932. godine. Tu je završio osnovnu i srednju školu, a na Filozofskom fakultetu u Sarajevu studirao romanistiku. Fakultet je završio u Zagrebu.  Njegove kolege kažu da je francuski jezik znao bolje nego mnogi profesori. Na pariskom univerzitetu "Sorbona" doktorirao je komparativnu književnost i estetiku 1967, a 1994. stekao pravo redovnog profesora.  Bio je humanista, kosmopolita, poliglota i aktivista, učestvovao na protestima do poznih godina, zalažući se uvek za ljudska prava, mir i razum. Njegov "Mediteranski brevijar" preveden je na mnoge svetske jezike, od Tokija do Los Anđelesa. Šezdesetak uglednih italijanskih umetnika potpisalo je pre godinu dana inicijativu da se Predragu Matvejeviću dodeli Nobelova nagrada za književnost upravo zbog "Mediteranskog brevijara". Među začetnicima te ideje bio je i poznati italijanski književnik Umberto Eko. Matvejević je doktorirao na Sorboni, na Filozofskom fakultetu u Zagrebu predavao je francusku književnost od 1959. do 1991. godine. Na Trećem pariskom univerzitetu (Sorboni), predavao je slovensku književnost od 1991. do 1994, a od 1994. do 2007. srpski i hrvatski jezik i srpsku i hrvatsku književnost na Rimskom univerzitetu "Sapijenca". Matvejević je primio počasne doktorate u Francuskoj, BiH, Italiji. Počasni je doživotni potpredsednik Međunarodnog PEN kluba u Londonu i jedan od najprevođenijih hrvatskih autora u svetu</article-text><article-text-transliterated> Jedan od najvažnijih i najprevođenijih pisaca i publicista Balkana, ali i Evrope, preminuo je u četvrtak oko 14 sati u Zagrebu, u 85. godini. Predrag Matvejević je rođen u Mostaru 1932. godine. Tu je završio osnovnu i srednju školu, a na Filozofskom fakultetu u Sarajevu studirao romanistiku. Fakultet je završio u Zagrebu.  Njegove kolege kažu da je francuski jezik znao bolje nego mnogi profesori. Na pariskom univerzitetu "Sorbona" doktorirao je komparativnu književnost i estetiku 1967, a 1994. stekao pravo redovnog profesora.  Bio je humanista, kosmopolita, poliglota i aktivista, učestvovao na protestima do poznih godina, zalažući se uvek za ljudska prava, mir i razum. Njegov "Mediteranski brevijar" preveden je na mnoge svetske jezike, od Tokija do Los Anđelesa. Šezdesetak uglednih italijanskih umetnika potpisalo je pre godinu dana inicijativu da se Predragu Matvejeviću dodeli Nobelova nagrada za književnost upravo zbog "Mediteranskog brevijara". Među začetnicima te ideje bio je i poznati italijanski književnik Umberto Eko. Matvejević je doktorirao na Sorboni, na Filozofskom fakultetu u Zagrebu predavao je francusku književnost od 1959. do 1991. godine. Na Trećem pariskom univerzitetu (Sorboni), predavao je slovensku književnost od 1991. do 1994, a od 1994. do 2007. srpski i hrvatski jezik i srpsku i hrvatsku književnost na Rimskom univerzitetu "Sapijenca". Matvejević je primio počasne doktorate u Francuskoj, BiH, Italiji. Počasni je doživotni potpredsednik Međunarodnog PEN kluba u Londonu i jedan od najprevođenijih hrvatskih autora u svetu</article-text-transliterated><comment-list /></article><comments><comment-count>0</comment-count></comments></document>