<document global_id="sr-08-167"><url>https://www.srbijadanas.com/vesti/hronika/ispovest-mlade-jadranke-27-zivim-u-strahu-da-ce-ma-naci-i-ubiti-2016-12-04</url><source-id>08</source-id><local-id>167</local-id><source-name>srbijadanas</source-name><article><article-title>ISPOVEST MLADE JADRANKE (27): Živim u strahu da će ma ON naći i UBITI! </article-title><article-time>2016-12-04</article-time><article-author>Kurir/Srbija Danas</article-author><article-text> Pretio mi je da će me osakatiti, odseći mi dojke, iseći jezik, uši i klitoris... U nekoliko navrata me je silovao i terao na svakakve bludne radnje, ovako počinje svoju stravičnu priču Jadranka M., koja je godinama svakodnevno trpela najstrašnije moguće zlostavljanje od nevenčanog supruga. Ova mlada žena živi u strahu da će je nevenčani suprug pronaći i ubiti.</article-text><article-text-transliterated> Pretio mi je da će me osakatiti, odseći mi dojke, iseći jezik, uši i klitoris... U nekoliko navrata me je silovao i terao na svakakve bludne radnje, ovako počinje svoju stravičnu priču Jadranka M., koja je godinama svakodnevno trpela najstrašnije moguće zlostavljanje od nevenčanog supruga. Ova mlada žena živi u strahu da će je nevenčani suprug pronaći i ubiti.</article-text-transliterated><comment-list /></article><comments><comment-count>0</comment-count></comments></document>